Option=1A	Option=2A	Option=2B	Option=3A	Option=3B	Option=3C	Option=4A	Option=4B	Option=4C	Option=5A	Option=5B	Option=6A	Option=6B	Option=7A	Option=7B	sample_count	sample_weight
0.022542	0.189985	0.026114	0.164920	0.094648	0.029731	0.195453	0.004679	0.039511	0.125585	0.052269	0.037928	0.009275	0.006658	0.000702	0.000000	10358970.787461
