Option=1A	Option=2A	Option=2B	Option=3A	Option=3B	Option=3C	Option=4A	Option=4B	Option=4C	Option=5A	Option=5B	Option=6A	Option=6B	Option=7A	Option=7B	sample_count	sample_weight
0.022801	0.193926	0.026038	0.168732	0.093513	0.029166	0.194385	0.004808	0.038961	0.122664	0.051553	0.037080	0.009206	0.006481	0.000686	0.000000	10381443.341476
