Option=1A	Option=2A	Option=2B	Option=3A	Option=3B	Option=3C	Option=4A	Option=4B	Option=4C	Option=5A	Option=5B	Option=6A	Option=6B	Option=7A	Option=7B	sample_count	sample_weight
0.022775	0.194048	0.026031	0.168787	0.093387	0.029094	0.194343	0.004825	0.038958	0.122578	0.051639	0.037125	0.009234	0.006485	0.000690	0.000000	10408048.503523
