Option=1A	Option=2A	Option=2B	Option=3A	Option=3B	Option=3C	Option=4A	Option=4B	Option=4C	Option=5A	Option=5B	Option=6A	Option=6B	Option=7A	Option=7B	sample_count	sample_weight
0.019132	0.154801	0.026915	0.156311	0.105478	0.033842	0.203636	0.004840	0.043366	0.141189	0.055428	0.041755	0.007518	0.005240	0.000550	0.000000	9817684.848977
