Option=1A	Option=2A	Option=2B	Option=3A	Option=3B	Option=3C	Option=4A	Option=4B	Option=4C	Option=5A	Option=5B	Option=6A	Option=6B	Option=7A	Option=7B	sample_count	sample_weight
0.021174	0.162305	0.024369	0.162709	0.101463	0.032149	0.203108	0.004756	0.042229	0.138172	0.053488	0.041178	0.007176	0.005176	0.000547	0.000000	9856889.110379
