Option=1A	Option=2A	Option=2B	Option=3A	Option=3B	Option=3C	Option=4A	Option=4B	Option=4C	Option=5A	Option=5B	Option=6A	Option=6B	Option=7A	Option=7B	sample_count	sample_weight
0.021173	0.162286	0.024368	0.162715	0.101445	0.032147	0.203111	0.004757	0.042228	0.138186	0.053488	0.041186	0.007180	0.005179	0.000551	0.000000	9857499.169622
