Option=1A	Option=2A	Option=2B	Option=3A	Option=3B	Option=3C	Option=4A	Option=4B	Option=4C	Option=5A	Option=5B	Option=6A	Option=6B	Option=7A	Option=7B	sample_count	sample_weight
0.020626	0.159813	0.024999	0.161490	0.103343	0.032760	0.203793	0.004774	0.042895	0.137521	0.054026	0.041201	0.007212	0.005013	0.000533	0.000000	10139733.855367
