Option=1A	Option=2A	Option=2B	Option=3A	Option=3B	Option=3C	Option=4A	Option=4B	Option=4C	Option=5A	Option=5B	Option=6A	Option=6B	Option=7A	Option=7B	sample_count	sample_weight
0.018482	0.152397	0.027079	0.155139	0.107146	0.034182	0.203679	0.004837	0.044182	0.141349	0.056137	0.042171	0.007553	0.005126	0.000541	0.000000	10002585.550355
