Option=1A	Option=2A	Option=2B	Option=3A	Option=3B	Option=3C	Option=4A	Option=4B	Option=4C	Option=5A	Option=5B	Option=6A	Option=6B	Option=7A	Option=7B	sample_count	sample_weight
0.020383	0.163518	0.024429	0.165178	0.097240	0.031184	0.203632	0.005098	0.041699	0.139698	0.053069	0.041760	0.007308	0.005224	0.000579	0.000000	9239217.151793
