Option=1A	Option=2A	Option=2B	Option=3A	Option=3B	Option=3C	Option=4A	Option=4B	Option=4C	Option=5A	Option=5B	Option=6A	Option=6B	Option=7A	Option=7B	sample_count	sample_weight
0.022022	0.168614	0.024445	0.162081	0.101979	0.030472	0.203512	0.005076	0.038590	0.137014	0.050109	0.041237	0.008415	0.005785	0.000649	0.000000	11859016.498859
