Option=1A	Option=2A	Option=2B	Option=3A	Option=3B	Option=3C	Option=4A	Option=4B	Option=4C	Option=5A	Option=5B	Option=6A	Option=6B	Option=7A	Option=7B	sample_count	sample_weight
0.021833	0.170991	0.024461	0.164488	0.097072	0.029582	0.203459	0.005361	0.037897	0.138723	0.049543	0.041459	0.008478	0.005972	0.000681	0.000000	11096731.528399
