Option=1A	Option=2A	Option=2B	Option=3A	Option=3B	Option=3C	Option=4A	Option=4B	Option=4C	Option=5A	Option=5B	Option=6A	Option=6B	Option=7A	Option=7B	sample_count	sample_weight
0.021354	0.162434	0.024600	0.156804	0.104833	0.031897	0.203471	0.004998	0.040609	0.140330	0.051891	0.041829	0.008498	0.005792	0.000659	0.000000	11667628.888318
