Dependency=Geometry Building Type RECS	Option=Uninsulated	Option=R-7	Option=R-13	Option=R-19	Option=R-30	Option=R-38	Option=R-49	Option=R-60	Option=None
Mobile Home	0.000000	0.000000	0.000000	0.000000	0.000000	0.000000	0.000000	0.000000	1.000000
Single-Family Detached	0.000000	0.000000	0.000000	0.000000	0.000000	0.000000	0.000000	0.000000	1.000000
Single-Family Attached	0.000000	0.000000	0.000000	0.000000	0.000000	0.000000	0.000000	0.000000	1.000000
Multi-Family with 2 - 4 Units	0.000000	0.000000	0.000000	0.000000	0.050000	0.450000	0.500000	0.000000	0.000000
Multi-Family with 5+ Units	0.000000	0.000000	0.000000	0.000000	0.050000	0.450000	0.500000	0.000000	0.000000
