Option=1A	Option=2A	Option=2B	Option=3A	Option=3B	Option=3C	Option=4A	Option=4B	Option=4C	Option=5A	Option=5B	Option=6A	Option=6B	Option=7A	Option=7B	sample_count	sample_weight
0.023270	0.200773	0.027113	0.169816	0.087076	0.028518	0.189338	0.004340	0.041215	0.116871	0.054567	0.038973	0.009833	0.007636	0.000661	0.000000	9306025.863797
