Option=1A	Option=2A	Option=2B	Option=3A	Option=3B	Option=3C	Option=4A	Option=4B	Option=4C	Option=5A	Option=5B	Option=6A	Option=6B	Option=7A	Option=7B	sample_count	sample_weight
0.023344	0.200007	0.027153	0.169888	0.087279	0.028395	0.188808	0.004402	0.041142	0.117665	0.054524	0.039198	0.009859	0.007682	0.000654	0.000000	9070464.705800
