Option=1A	Option=2A	Option=2B	Option=3A	Option=3B	Option=3C	Option=4A	Option=4B	Option=4C	Option=5A	Option=5B	Option=6A	Option=6B	Option=7A	Option=7B	sample_count	sample_weight
0.022734	0.197205	0.027079	0.166980	0.088370	0.028754	0.189596	0.004364	0.041516	0.120108	0.054922	0.039952	0.009923	0.007821	0.000676	0.000000	9377393.987497
