Dependency=Vintage	Option=Uninsulated, TrunkBranch, Copper	Option=Uninsulated, HomeRun, PEX	Option=R-2, HomeRun, PEX
2020s	0.000000	0.750000	0.250000
2030s	0.000000	0.500000	0.500000
2040s	0.000000	0.000000	1.000000
2050s	0.000000	0.000000	1.000000
