Option=60F	Option=62F	Option=65F	Option=67F	Option=68F	Option=70F	Option=72F	Option=75F	Option=76F	Option=78F	Option=80F
0.009233	0.00089	0.041439	0.015522	0.094923	0.239954	0.249577	0.160391	0.080364	0.091149	0.016556
# Manually downselected to Location = IL_Chicago-OHare.Intl.AP.725300										