Option=Yes	Option=No
0.376938	0.623062
