Dependency=Cooling Setpoint Has Offset	Option=0F	Option=2F	Option=5F	Option=9F
Yes	0.000000	0.542244	0.337119	0.120636
No	1.000000	0.000000	0.000000	0.000000
