Dependency=Location	Dependency=Geometry Building Type RECS	Option=0.13	Option=0.15	Option=0.17	Option=0.19	Option=0.21	resstock_probability
IL_Chicago-OHare.Intl.AP.725300	Single-Family Detached	1.000000	0.000000	0.000000	0.000000	0.000000	0.419423
IL_Chicago-OHare.Intl.AP.725300	Mobile Home	1.000000	0.000000	0.000000	0.000000	0.000000	0.007163
IL_Chicago-OHare.Intl.AP.725300	Single-Family Attached	1.000000	0.000000	0.000000	0.000000	0.000000	0.054507
IL_Chicago-OHare.Intl.AP.725300	Multi-Family with 2 - 4 Units	1.000000	0.000000	0.000000	0.000000	0.000000	0.192801
IL_Chicago-OHare.Intl.AP.725300	Multi-Family with 5+ Units	1.000000	0.000000	0.000000	0.000000	0.000000	0.326103
