Dependency=Geometry Floor Area	Option=0-1499	Option=1500-2499	Option=2500-3999	Option=4000+	sample_count	sample_weight	resstock_probability
0-499	1.0	0.0	0.0	0.0	755.0	7159052.0	0.0541873167075229
1000-1499	1.0	0.0	0.0	0.0	2819.0	26758210.0	0.10008466484761257
1500-1999	0.0	1.0	0.0	0.0	2047.0	18773672.0	0.19438381702827526
2000-2499	0.0	1.0	0.0	0.0	1367.0	12671309.0	0.28094437507286874
2500-2999	0.0	0.0	1.0	0.0	815.0	7298948.5	0.16122322770916672
3000-3999	0.0	0.0	1.0	0.0	869.0	7868818.5	0.08600890611692145
4000+	0.0	0.0	0.0	1.0	590.0	5095300.0	0.04180665604893502
500-749	1.0	0.0	0.0	0.0	1155.0	12022662.0	0.055618094626733214
750-999	1.0	0.0	0.0	0.0	1567.0	15086779.0	0.025736910459254827
