Option=60F	Option=62F	Option=65F	Option=67F	Option=68F	Option=70F	Option=72F	Option=75F	Option=76F	Option=78F	Option=80F
0.030090	0.029638	0.101328	0.063981	0.269409	0.280338	0.120076	0.065841	0.008781	0.010360	0.020157
