Option=Yes	Option=No
0.500866	0.499134
