Dependency=Vintage	Option=Uninsulated, TrunkBranch, Copper	Option=Uninsulated, HomeRun, PEX	resstock_probability
<1940	1.000000	0.000000	0.284114
1940s	1.000000	0.000000	0.076725
1950s	1.000000	0.000000	0.158073
1960s	1.000000	0.000000	0.130590
1970s	1.000000	0.000000	0.124635
1980s	1.000000	0.000000	0.071409
1990s	1.000000	0.000000	0.066435
2000s	0.000000	1.000000	0.076036
2010s	0.000000	1.000000	0.011981
