Dependency=Vintage	Option=Uninsulated	Option=R-13	Option=R-19	Option=R-30	Option=R-38	resstock_probability
<1940	1	0	0	0	0	0.284114
1940s	1	0	0	0	0	0.076725
1950s	1	0	0	0	0	0.158073
1960s	1	0	0	0	0	0.13059
1970s	1	0	0	0	0	0.124635
1980s	0.56	0.2	0.24	0	0	0.071409
1990s	0.56	0.2	0.24	0	0	0.066435
2000s	0	0	0	1	0	0.076036
2010s	0	0	0	1	0	0.011981