Dependency=Vintage	Option=Uninsulated	Option=R-13	Option=R-19	Option=R-30	Option=R-38
<1940	1.000000	0.000000	0.000000	0.000000	0.000000
1950s	1.000000	0.000000	0.000000	0.000000	0.000000
1960s	1.000000	0.000000	0.000000	0.000000	0.000000
1970s	1.000000	0.000000	0.000000	0.000000	0.000000
1980s	0.560000	0.200000	0.240000	0.000000	0.000000
1990s	0.410000	0.260000	0.330000	0.000000	0.000000
2000s	0.000000	0.000000	0.000000	1.000000	0.000000
1940s	1.000000	0.000000	0.000000	0.000000	0.000000
2010s	0.000000	0.000000	0.000000	1.000000	0.000000
