Dependency=Geometry Building Type RECS	Option=EF 12, National Average	Option=None	sample_count	sample_weight	resstock_probability
Mobile Home	0.38426	0.61574	23.0	509126.7188	0.0071633800785050805
Multi-Family with 2 - 4 Units	0.185832	0.814168	55.0	1276916.625	0.192800812437454
Multi-Family with 5+ Units	0.06428500000000001	0.935715	121.0	2401607.75	0.3261025668640632
Single-Family Attached	0.191445	0.808555	43.0	690747.125	0.05450717714216356
Single-Family Detached	0.457398	0.542602	666.0	10702742.0	0.41942293733636105
