Dependency=Misc Pool	Option=Electric	Option=Gas	Option=None	Option=Solar	sample_count	sample_weight	resstock_probability
Has Pool	0.018125	0.263365	0.701130	0.017380	51.000000	847393.625000	0.033208
None	0.000000	0.000000	1.000000	0.000000	857.000000	14733746.000000	0.966789
