Dependency=Geometry Building Type RECS	Option=Electric	Option=Gas	Option=None	sample_count	sample_weight
Mobile Home	0.044595	0.000000	0.955405	23.000000	509126.718800
Multi-Family with 2 - 4 Units	0.000000	0.019007	0.980993	55.000000	1276916.625000
Multi-Family with 5+ Units	0.000000	0.000000	1.000000	121.000000	2401607.750000
Single-Family Attached	0.029400	0.000000	0.970600	43.000000	690747.125000
Single-Family Detached	0.052456	0.014981	0.932563	666.000000	10702742.000000
