Dependency=Geometry Building Type RECS	Option=Has Pool	Option=None	sample_count	sample_weight	resstock_probability
Mobile Home	0.000000	1.000000	23.000000	509126.718800	0.007163
Multi-Family with 2 - 4 Units	0.000000	1.000000	55.000000	1276916.625000	0.192801
Multi-Family with 5+ Units	0.000000	1.000000	121.000000	2401607.750000	0.326103
Single-Family Attached	0.000000	1.000000	43.000000	690747.125000	0.054507
Single-Family Detached	0.079175	0.920825	666.000000	10702742.000000	0.419423
