Dependency=Geometry Building Type RECS	Option=Has Pool	Option=None	sample_count	sample_weight	resstock_probability
Mobile Home	0.0	1.0	23.0	509126.7188	0.007163380078505081
Multi-Family with 2 - 4 Units	0.0	1.0	55.0	1276916.625	0.192800812437454
Multi-Family with 5+ Units	0.0	1.0	121.0	2401607.75	0.3261025668640632
Single-Family Attached	0.0	1.0	43.0	690747.125	0.05450717714216356
Single-Family Detached	0.079175	0.920825	666.0	10702742.0	0.41942293733636105
