Dependency=Geometry Building Type RECS	Option=Electric	Option=Gas	Option=None	sample_count	sample_weight	resstock_probability
Mobile Home	0.044595	0.0	0.955405	23.0	509126.7188	0.0071633800785050805
Multi-Family with 2 - 4 Units	0.0	0.019007	0.980993	55.0	1276916.625	0.192800812437454
Multi-Family with 5+ Units	0.0	0.0	1.0	121.0	2401607.75	0.3261025668640632
Single-Family Attached	0.0294	0.0	0.9706	43.0	690747.125	0.05450717714216356
Single-Family Detached	0.052456	0.014981	0.932563	666.0	10702742.0	0.41942293733636105
