Dependency=Geometry Building Type RECS	Option=EF 12, National Average	Option=None	sample_count	sample_weight	resstock_probability
Mobile Home	0.384260	0.615740	23.000000	509126.718800	0.007163
Multi-Family with 2 - 4 Units	0.185832	0.814168	55.000000	1276916.625000	0.192801
Multi-Family with 5+ Units	0.064285	0.935715	121.000000	2401607.750000	0.326103
Single-Family Attached	0.191445	0.808555	43.000000	690747.125000	0.054507
Single-Family Detached	0.457398	0.542602	666.000000	10702742.000000	0.419423
