Dependency=Geometry Building Type RECS	Option=Left/Right at 15ft	Option=2	Option=4	Option=7	Option=12	Option=27	Option=None	resstock_probability
Mobile Home	1.0	0.0	0.0	0.0	0.0	0.0	0.0	0.007163380078505081
Single-Family Detached	1.0	0.0	0.0	0.0	0.0	0.0	0.0	0.41942293733636105
Single-Family Attached	0.0	0.005808	0.104524	0.154273	0.286172	0.4101	0.039122	0.05450712263498642
Multi-Family with 2 - 4 Units	0.0	0.005808	0.104524	0.154273	0.286172	0.4101	0.039122	0.19280061963664155
Multi-Family with 5+ Units	0.0	0.005808	0.104524	0.154273	0.286172	0.4101	0.039122	0.3261022407614963
