Dependency=Geometry Building Type RECS	Option=East	Option=West	Option=Northeast	Option=Southwest	Option=North	Option=South	Option=Northwest	Option=Southeast
Mobile Home	0.237931	0.237931	0.010345	0.010345	0.237931	0.237931	0.013793	0.013793
Single-Family Detached	0.237931	0.237931	0.010345	0.010345	0.237931	0.237931	0.013793	0.013793
Single-Family Attached	0.165906	0.165906	0.072205	0.072205	0.184840	0.184840	0.077049	0.077049
Multi-Family with 2 - 4 Units	0.165906	0.165906	0.072205	0.072205	0.184840	0.184840	0.077049	0.077049
Multi-Family with 5+ Units	0.165906	0.165906	0.072205	0.072205	0.184840	0.184840	0.077049	0.077049
