Dependency=Geometry Building Type	Dependency=Geometry House Size	Option=1	Option=2	Option=3	Option=4	Option=5	[For Reference Only] Source Sample Size	[For Reference Only] Source Weight
Single-Family Detached	0-1499	0.04725631655157316	0.287438496600812	0.5670732785768888	0.08804208798933	0.010189820281396122	1048	20636190.673933003
Single-Family Detached	1500-2499	0.008903512820371147	0.12163322294885683	0.5747029148913538	0.25026022300970263	0.04450012632971546	1423	28292605.559420004
Single-Family Detached	2500-3499	0.004748999330446363	0.049727304974376045	0.4817188376831918	0.36645448453301116	0.09735037347897467	766	15168919.392588995
Single-Family Detached	3500+	0.0	0.018405635800688557	0.28561852944708266	0.47399144048894304	0.2219843942632859	515	9773325.374245998
Created by: recs\2015\tsv_maker.py using U.S. EIA 2015 Residential Energy Consumption Survey (RECS) microdata								
