Dependency=Geometry Building Type RECS	Dependency=Bedrooms	Option=1	Option=2	Option=3	Option=4	Option=5	Option=6	[For Reference Only] Source Sample Size	[For Reference Only] Source Weight
Single-Family Detached	1	0.5630419833916903	0.36697038750626004	0.023092403724885982	0.014312773035002653	0.03258245234216104	0.0	63	1299131.123265
Single-Family Detached	2	0.28789756073501976	0.493050920563283	0.11642269533893163	0.06821101155074502	0.026512668800780608	0.007905143011240115	503	10307150.170863
Single-Family Detached	3	0.17672005660778978	0.4046874997732573	0.19468136450719592	0.13469530199547278	0.05959189960121814	0.029623877515066156	1863	38060672.22758303
Single-Family Detached	4	0.0975191239192092	0.32910327913018345	0.18648867882489803	0.21495413384201473	0.10178015019610578	0.07015463408758882	1020	19088558.201344993
Single-Family Detached	5	0.062279781256499495	0.22385191831997628	0.17318978674201005	0.23675961606245105	0.13541901278285357	0.1684998848362095	303	5115529.277132001
Created by: recs\2015\tsv_maker.py using U.S. EIA 2015 Residential Energy Consumption Survey (RECS) microdata									
