Dependency=Geometry Building Type	Dependency=Bedrooms	Option=1	Option=2	Option=3	Option=4	Option=5	Option=6	Option=7	Option=8	Option=9	Option=10	Option=11	Option=12	Count	Weight
Single-Family Detached	1.0	0.5630419833916903	0.36697038750626	0.023092403724885985	0.014312773035002653	0.03258245234216104	0.0	0.0	0.0	0.0	0.0	0.0	0.0	63.0	1299131.123265
Single-Family Detached	2.0	0.28789756073501976	0.493050920563283	0.11642269533893165	0.06821101155074502	0.026512668800780608	0.002842735930328132	0.0	0.0050624070809119825	0.0	0.0	0.0	0.0	503.0	10307150.170863
Single-Family Detached	3.0	0.17672005660778978	0.4046874997732573	0.19468136450719592	0.13469530199547278	0.059591899601218135	0.0211148926307872	0.005064735610746761	0.002168504132730112	0.0006071974239396554	0.0	0.0006685477168624317	0.0	1863.0	38060672.22758303
Single-Family Detached	4.0	0.0975191239192092	0.32910327913018345	0.18648867882489806	0.21495413384201476	0.10178015019610577	0.04370215228964862	0.017039251652703785	0.006493625618160419	0.0018624910820920445	0.001057113444983927	0.0	0.0	1020.0	19088558.201344997
Single-Family Detached	5.0	0.062279781256499515	0.2238519183199763	0.17318978674201008	0.2367596160624511	0.1354190127828536	0.08198677478670166	0.058749051059383675	0.025885476854164258	0.0	0.001878582135959893	0.0	0.0	303.0	5115529.277132
Created by: tsv_maker.py															
