Option=1A	Option=2A	Option=2B	Option=3A	Option=3B	Option=3C	Option=4A	Option=4B	Option=4C	Option=5A	Option=5B	Option=6A	Option=6B	Option=7A	Option=7B	sample_count	sample_weight
0.023126	0.192731	0.027473	0.167186	0.095450	0.030251	0.191953	0.004364	0.040759	0.118655	0.054623	0.036892	0.009275	0.006615	0.000646	0.000000	8976459.912221
