Option=1A	Option=2A	Option=2B	Option=3A	Option=3B	Option=3C	Option=4A	Option=4B	Option=4C	Option=5A	Option=5B	Option=6A	Option=6B	Option=7A	Option=7B	sample_count	sample_weight
0.023668	0.196338	0.027747	0.169651	0.094624	0.030057	0.192074	0.004369	0.040674	0.114201	0.054475	0.035895	0.009211	0.006405	0.000613	0.000000	8842237.226608
