Option=1A	Option=2A	Option=2B	Option=3A	Option=3B	Option=3C	Option=4A	Option=4B	Option=4C	Option=5A	Option=5B	Option=6A	Option=6B	Option=7A	Option=7B	sample_count	sample_weight
0.023761	0.195744	0.027941	0.170021	0.094443	0.029927	0.191286	0.004436	0.040577	0.114867	0.054482	0.036210	0.009279	0.006445	0.000580	0.000000	8603134.196447
