Option=1A	Option=2A	Option=2B	Option=3A	Option=3B	Option=3C	Option=4A	Option=4B	Option=4C	Option=5A	Option=5B	Option=6A	Option=6B	Option=7A	Option=7B	sample_count	sample_weight	resstock_probability
0.014077	0.116704	0.019773	0.133932	0.093515	0.023600	0.216705	0.007782	0.028991	0.226862	0.038144	0.061535	0.009292	0.007949	0.001139	72538.000000	133172056.000000	1.000000
