Option=1A	Option=2A	Option=2B	Option=3A	Option=3B	Option=3C	Option=4A	Option=4B	Option=4C	Option=5A	Option=5B	Option=6A	Option=6B	Option=7A	Option=7AK	Option=7B	Option=8AK	source_count	source_weight	sampling_probability
0.002546148949713558	0.07065563335455124	0.006365372374283896	0.1836409929980904	0.034691279439847234	0.004455760661998727	0.23456397199236156	0.018141311266709103	0.0120942075111394	0.196053469127944	0.047740292807129214	0.10757479312539783	0.039783577339274345	0.02737110120942075	0.006365372374283896	0.005092297899427116	0.002864417568427753	11078300.0	134055000.0	1
