Option=1A	Option=2A	Option=2B	Option=3A	Option=3B	Option=3C	Option=4A	Option=4B	Option=4C	Option=5A	Option=5B	Option=6A	Option=6B	Option=7A	Option=7AK	Option=7B	Option=8AK	source_count	source_weight	sampling_probability
0.00691699604743083	0.0800395256916996	0.010869565217391304	0.1274703557312253	0.042490118577075096	0.009881422924901186	0.15118577075098813	0.025691699604743084	0.022727272727272728	0.18181818181818182	0.08102766798418973	0.1274703557312253	0.05533596837944664	0.039525691699604744	0.017786561264822136	0.010869565217391304	0.008893280632411068	11078300.0	134055000.0	1
