Option=1A	Option=2A	Option=2B	Option=3A	Option=3B	Option=3C	Option=4A	Option=4B	Option=4C	Option=5A	Option=5B	Option=6A	Option=6B	Option=7A	Option=7AK	Option=7B	Option=8AK	source_count	source_weight	sampling_probability
0.008215962441314555	0.07629107981220658	0.01056338028169014	0.11619718309859155	0.04225352112676056	0.01056338028169014	0.1443661971830986	0.01995305164319249	0.02699530516431925	0.18544600938967137	0.07394366197183098	0.13732394366197184	0.056338028169014086	0.046948356807511735	0.02112676056338028	0.012910798122065728	0.01056338028169014	11078300.0	134055000.0	1
