Option=Hour0	Option=Hour1	Option=Hour2	Option=Hour3	Option=Hour4	Option=Hour5	Option=Hour6	Option=Hour7	Option=Hour8	Option=Hour9	Option=Hour10	Option=Hour11	Option=Hour12	Option=Hour13	Option=Hour14	Option=Hour15	Option=Hour16	Option=Hour17	Option=Hour18	Option=Hour19	Option=Hour20	Option=Hour21	Option=Hour22	Option=Hour23
0.061000	0.061000	0.061000	0.061000	0.061000	0.061000	0.061000	0.053000	0.025000	0.015000	0.015000	0.015000	0.015000	0.015000	0.015000	0.015000	0.018000	0.033000	0.054000	0.054000	0.054000	0.061000	0.061000	0.061000
