Dependency=Census Division	Option=Midwest	Option=Northeast	Option=South	Option=West	sample_count	sample_weight	resstock_probability
East North Central	1.0	0.0	0.0	0.0	11808.0	20482456.0	0.15380505035457967
East South Central	0.0	0.0	1.0	0.0	4457.0	8329145.0	0.0625457093447208
Middle Atlantic	0.0	1.0	0.0	0.0	10147.0	17345056.0	0.13024687837450058
Mountain	0.0	0.0	0.0	1.0	5250.0	9767382.0	0.07334367614099697
New England	0.0	1.0	0.0	0.0	3392.0	6467781.0	0.04856722654300747
Pacific	0.0	0.0	0.0	1.0	10349.0	18583046.0	0.13954154371316976
South Atlantic	0.0	0.0	1.0	0.0	13705.0	27428786.0	0.20596632687929178
West North Central	1.0	0.0	0.0	0.0	5285.0	9274209.0	0.06964187474341064
West South Central	0.0	0.0	1.0	0.0	8145.0	15494196.0	0.11634658116197952
