Dependency=Clothes Washer Presence	Dependency=Usage Level	Option=None	Option=Standard, 80% Usage	Option=Standard, 100% Usage	Option=Standard, 120% Usage	Option=EnergyStar, 80% Usage	Option=EnergyStar, 100% Usage	Option=EnergyStar, 120% Usage	sampling_probability
None	Low	1.000000	0.000000	0.000000	0.000000	0.000000	0.000000	0.000000	0.040581
None	Medium	1.000000	0.000000	0.000000	0.000000	0.000000	0.000000	0.000000	0.081161
None	High	1.000000	0.000000	0.000000	0.000000	0.000000	0.000000	0.000000	0.040581
None	Average	1.000000	0.000000	0.000000	0.000000	0.000000	0.000000	0.000000	0.000000
Yes	Low	0.000000	0.350000	0.000000	0.000000	0.650000	0.000000	0.000000	0.209282
Yes	Medium	0.000000	0.000000	0.350000	0.000000	0.000000	0.650000	0.000000	0.418564
Yes	High	0.000000	0.000000	0.000000	0.350000	0.000000	0.000000	0.650000	0.209282
Yes	Average	0.000000	0.000000	0.350000	0.000000	0.000000	0.650000	0.000000	0.000000
# Source: RECS 2009