Dependency=Clothes Washer Presence	Dependency=Usage Level	Option=None	Option=Standard, 80% Usage	Option=Standard, 100% Usage	Option=Standard, 120% Usage	Option=EnergyStar, 80% Usage	Option=EnergyStar, 100% Usage	Option=EnergyStar, 120% Usage	resstock_probability
None	Low	1.0	0.0	0.0	0.0	0.0	0.0	0.0	0.0407822171640504
None	Medium	1.0	0.0	0.0	0.0	0.0	0.0	0.0	0.0815644343281008
None	High	1.0	0.0	0.0	0.0	0.0	0.0	0.0	0.0407822171640504
None	Average	1.0	0.0	0.0	0.0	0.0	0.0	0.0	0.0
Yes	Low	0.0	0.35	0.0	0.0	0.65	0.0	0.0	0.2092214488558218
Yes	Medium	0.0	0.0	0.35	0.0	0.0	0.65	0.0	0.4184428977116436
Yes	High	0.0	0.0	0.0	0.35	0.0	0.0	0.65	0.2092214488558218
Yes	Average	0.0	0.0	0.35	0.0	0.0	0.65	0.0	0.0
