Option=0F	Option=3F	Option=6F	Option=12F	sampling_probability
0.250000	0.250000	0.250000	0.250000	1.000000
