Dependency=ASHRAE IECC Climate Zone 2004	Option=Yes	Option=No
1A	0.450556	0.549444
2A	0.450556	0.549444
2B	0.499666	0.500334
3A	0.369877	0.630123
3B	0.544119	0.455881
3C	0.571560	0.428440
4A	0.395049	0.604951
4B	0.544119	0.455881
4C	0.590012	0.409988
5A	0.333633	0.666367
5B	0.521066	0.478934
6A	0.325520	0.674480
6B	0.325520	0.674480
7A	0.234002	0.765998
7B	0.234002	0.765998
# Source: Constructed using U.S. EIA 2009 Residential Energy Consumption Survey (RECS) microdata.