Dependency=Geometry Building Type RECS	Option=Not Applicable	Option=Double-Loaded Interior	Option=None	Option=Single Exterior Front	Option=Double Exterior	resstock_probability
Mobile Home	1.000000	0.000000	0.000000	0.000000	0.000000	0.061153
Multi-Family with 2 - 4 Units	0.000000	1.000000	0.000000	0.000000	0.000000	0.085662
Multi-Family with 5+ Units	0.000000	1.000000	0.000000	0.000000	0.000000	0.166218
Single-Family Attached	1.000000	0.000000	0.000000	0.000000	0.000000	0.058130
Single-Family Detached	1.000000	0.000000	0.000000	0.000000	0.000000	0.628853
# Source: Engineering Judgment