Dependency=Geometry Building Type RECS	Option=Not Applicable	Option=Double-Loaded Interior	Option=None	Option=Single Exterior Front	Option=Double Exterior	sampling_probability
Mobile Home	1.000000	0.000000	0.000000	0.000000	0.000000	0.060306
Multi-Family with 2 - 4 Units	0.000000	1.000000	0.000000	0.000000	0.000000	0.078651
Multi-Family with 5+ Units	0.000000	1.000000	0.000000	0.000000	0.000000	0.174303
Single-Family Attached	1.000000	0.000000	0.000000	0.000000	0.000000	0.058398
Single-Family Detached	1.000000	0.000000	0.000000	0.000000	0.000000	0.628359
# Source: Engineering Judgment