Dependency=Geometry Building Number Units SFA	Option=Left	Option=Middle	Option=Right	Option=None	sampling_probability
None	0	0	0	1	0.941614
2	0.5	0	0.5	0	0
3	0.333333	0.333333	0.333333	0	0
4	0.25	0.5	0.25	0	0
5	0.2	0.6	0.2	0	0.00714758
6	0.166667	0.666667	0.166667	0	0.00774319
7	0.142857	0.714286	0.142857	0	0.00357379
8	0.125	0.75	0.125	0	0.011317
9	0.111111	0.777778	0.111111	0	0
10	0.1	0.8	0.1	0	0.00380892
12	0.083333	0.833333	0.083333	0	0.00564281
15	0.066667	0.866667	0.066667	0	0.0014107
16	0.0625	0.875	0.0625	0	0.0032446
20	0.05	0.9	0.05	0	0.00264899
24	0.041667	0.916667	0.041667	0	0.00264899
30	0.033333	0.933333	0.033333	0	0.00264899
36	0.027778	0.944444	0.027778	0	0.00264899
50	0.02	0.96	0.02	0	0.00133626
60	0.016667	0.966667	0.016667	0	0.00103451
90	0.011111	0.977778	0.011111	0	0.000862093
144	0.006944	0.986111	0.006944	0	0.0010776
# Source: Calculated directly from other distributions