Dependency=Geometry Building Number Units SFA	Option=Left	Option=Middle	Option=Right	Option=None	sampling_probability
None	0.000000	0.000000	0.000000	1.000000	0.941619
2	0.500000	0.000000	0.500000	0.000000	0.000000
3	0.333333	0.333333	0.333333	0.000000	0.000000
4	0.250000	0.500000	0.250000	0.000000	0.000000
5	0.200000	0.600000	0.200000	0.000000	0.007149
6	0.166667	0.666667	0.166667	0.000000	0.007745
7	0.142857	0.714286	0.142857	0.000000	0.003574
8	0.125000	0.750000	0.125000	0.000000	0.011319
9	0.111111	0.777778	0.111111	0.000000	0.000000
10	0.100000	0.800000	0.100000	0.000000	0.003810
12	0.083333	0.833333	0.083333	0.000000	0.005644
15	0.066667	0.866667	0.066667	0.000000	0.001411
16	0.062500	0.875000	0.062500	0.000000	0.003245
20	0.050000	0.900000	0.050000	0.000000	0.002649
24	0.041667	0.916667	0.041667	0.000000	0.002649
30	0.033333	0.933333	0.033333	0.000000	0.002649
36	0.027778	0.944444	0.027778	0.000000	0.002649
50	0.020000	0.960000	0.020000	0.000000	0.001336
60	0.016667	0.966667	0.016667	0.000000	0.001035
90	0.011111	0.977778	0.011111	0.000000	0.000862
144	0.006944	0.986111	0.006944	0.000000	0.001078
# Source: Calculated directly from other distributions