Dependency=Geometry Floor Area	Option=0-1499	Option=1500-2499	Option=2500-3999	Option=4000+	sample_count	sample_weight	resstock_probability
0-499	1.0	0.0	0.0	0.0	755.0	7159052.0	0.03237832881381877
1000-1499	1.0	0.0	0.0	0.0	2819.0	26758210.0	0.0831941013505421
1500-1999	0.0	1.0	0.0	0.0	2047.0	18773672.0	0.14157704051138445
2000-2499	0.0	1.0	0.0	0.0	1367.0	12671309.0	0.24652679892854748
2500-2999	0.0	0.0	1.0	0.0	815.0	7298948.5	0.19278577692414184
3000-3999	0.0	0.0	1.0	0.0	869.0	7868818.5	0.1304838819508006
4000+	0.0	0.0	0.0	1.0	590.0	5095300.0	0.07400560087878802
500-749	1.0	0.0	0.0	0.0	1155.0	12022662.0	0.06576693767334607
750-999	1.0	0.0	0.0	0.0	1567.0	15086779.0	0.03329592356630853
