Dependency=ASHRAE IECC Climate Zone 2004	Option=Yes	Option=No
1A	0.455297	0.544703
2A	0.455297	0.544703
2B	0.440569	0.559431
3A	0.430399	0.569601
3B	0.585647	0.414353
3C	0.689074	0.310926
4A	0.501934	0.498066
4B	0.585647	0.414353
4C	0.678099	0.321901
5A	0.495865	0.504135
5B	0.589277	0.410723
6A	0.529319	0.470681
6B	0.529319	0.470681
7A	0.538607	0.461393
7B	0.538607	0.461393
