Dependency=Usage Level	Option=50% Usage	Option=100% Usage	Option=200% Usage	sampling_probability
Low	1.000000	0.000000	0.000000	0.250000
Medium	0.000000	1.000000	0.000000	0.500000
High	0.000000	0.000000	1.000000	0.250000
Average	0.000000	1.000000	0.000000	0.000000
# Source: Engineering Judgement