Dependency=Vintage	Option=Uninsulated, TrunkBranch, Copper	Option=Uninsulated, HomeRun, PEX	resstock_probability
<1940	1.0	0.0	0.1277863833303858
1940s	1.0	0.0	0.05066432450880773
1950s	1.0	0.0	0.10640765932756553
1960s	1.0	0.0	0.10787673712637963
1970s	1.0	0.0	0.15433371462358558
1980s	1.0	0.0	0.13489839257674288
1990s	1.0	0.0	0.1413615239305735
2000s	0.0	1.0	0.14395321842378286
2010s	0.0	1.0	0.03272295109813931
