Dependency=Vintage	Option=Uninsulated, TrunkBranch, Copper	Option=Uninsulated, HomeRun, PEX	sampling_probability
<1940	1	0	0.127996
1940s	1	0	0.0495513
1950s	1	0	0.104051
1960s	1	0	0.106542
1970s	1	0	0.151825
1980s	1	0	0.133982
1990s	1	0	0.1379
2000s	0	1	0.137386
2010s	0	1	0.0507666
# Source: Engineering Judgement