Dependency=Vintage	Option=Uninsulated, TrunkBranch, Copper	Option=Uninsulated, HomeRun, PEX	sampling_probability
<1940	1.000000	0.000000	0.126356
1940s	1.000000	0.000000	0.050581
1950s	1.000000	0.000000	0.106653
1960s	1.000000	0.000000	0.107921
1970s	1.000000	0.000000	0.154104
1980s	1.000000	0.000000	0.135088
1990s	1.000000	0.000000	0.141842
2000s	0.000000	1.000000	0.144578
2010s	0.000000	1.000000	0.032862
# Source: Engineering Judgement