Dependency=Vintage	"Option=Uninsulated, Standard"
<1940	1.000000
1940s	1.000000
1950s	1.000000
1960s	1.000000
1970s	1.000000
1980s	1.000000
1990s	1.000000
2000s	1.000000
2010s	1.000000
