Dependency=Vintage	Option=Uninsulated, TrunkBranch, Copper	Option=Uninsulated, HomeRun, PEX	sampling_probability
<1940	1.000000	0.000000	0.127787
1940s	1.000000	0.000000	0.050663
1950s	1.000000	0.000000	0.106412
1960s	1.000000	0.000000	0.107883
1970s	1.000000	0.000000	0.154340
1980s	1.000000	0.000000	0.134898
1990s	1.000000	0.000000	0.141364
2000s	0.000000	1.000000	0.143959
2010s	0.000000	1.000000	0.032725
# Source: Engineering Judgement