Dependency=HVAC Secondary Heating Fuel	Option=None	Option=WallFurnace	Option=FloorFurnace	Option=Boiler	Option=ElectricResistance	Option=Stove	Option=PortableHeater	Option=Fireplace	sampling_probability
None	1	0	0	0	0	0	0	0	0
Natural Gas	0	0.142857143	0.142857143	0.142857143	0.142857143	0.142857143	0.142857143	0.142857143	0.2
Electricity	0	0.142857143	0.142857143	0.142857143	0.142857143	0.142857143	0.142857143	0.142857143	0.2
Wood	0	0.142857143	0.142857143	0.142857143	0.142857143	0.142857143	0.142857143	0.142857143	0.2
Fuel Oil	0	0.142857143	0.142857143	0.142857143	0.142857143	0.142857143	0.142857143	0.142857143	0.2
Other	0	0.142857143	0.142857143	0.142857143	0.142857143	0.142857143	0.142857143	0.142857143	0.2
# Source: Manually created.									