Option=No	Option=Yes
1.000000	0.000000
