Option=No	Option=Yes
0.000000	1.000000
