Dependency=HVAC Cooling Efficiency	Dependency=HVAC System Is Faulted	Option=0.570 Charge Frac	Option=0.709 Charge Frac	Option=0.848 Charge Frac	Option=0.988 Charge Frac	Option=1.127 Charge Frac	Option=1.266 Charge Frac	Option=1.405 Charge Frac	Option=None	sampling_probability
AC, SEER 8	Yes	0.038835	0.072816	0.31068	0.276699	0.247573	0.024272	0.029126	0	0
AC, SEER 10	Yes	0.038835	0.072816	0.31068	0.276699	0.247573	0.024272	0.029126	0	0
AC, SEER 13	Yes	0.038835	0.072816	0.31068	0.276699	0.247573	0.024272	0.029126	0	0
AC, SEER 15	Yes	0	0	0	0	0	0	0	1	0
Heat Pump	Yes	0	0	0	0	0	0	0	1	0
None	Yes	0	0	0	0	0	0	0	1	0
Room AC, EER 8.5	Yes	0	0	0	0	0	0	0	1	0
Room AC, EER 9.8	Yes	0	0	0	0	0	0	0	1	0
Room AC, EER 10.7	Yes	0	0	0	0	0	0	0	1	0
Room AC, EER 12.0	Yes	0	0	0	0	0	0	0	1	0
Shared Cooling	Yes	0	0	0	0	0	0	0	1	0
AC, SEER 8	No	0	0	0	0	0	0	0	1	0.0136668
AC, SEER 10	No	0	0	0	0	0	0	0	1	0.101427
AC, SEER 13	No	0	0	0	0	0	0	0	1	0.271781
AC, SEER 15	No	0	0	0	0	0	0	0	1	0.124349
Heat Pump	No	0	0	0	0	0	0	0	1	0.108588
None	No	0	0	0	0	0	0	0	1	0.161067
Room AC, EER 8.5	No	0	0	0	0	0	0	0	1	0.0125274
Room AC, EER 9.8	No	0	0	0	0	0	0	0	1	0.0599051
Room AC, EER 10.7	No	0	0	0	0	0	0	0	1	0.0942235
Room AC, EER 12.0	No	0	0	0	0	0	0	0	1	0.0347417
Shared Cooling	No	0	0	0	0	0	0	0	1	0.0177235
# Created by: manually created
# Source: Winkler et al. 'Impact of installation faults in air conditioners and heat pumps in single-family homes on US energy usage' 2020