Dependency=Insulation Foundation Wall	Option=None	Option=Uninsulated	Option=Wall R-5, Exterior	Option=Wall R-10, Exterior	Option=Wall R-15, Exterior	sampling_probability
None	1.000000	0.000000	0.000000	0.000000	0.000000	0.477295
Uninsulated	0.000000	1.000000	0.000000	0.000000	0.000000	0.478509
Wall R-5, Exterior	0.000000	0.000000	1.000000	0.000000	0.000000	0.011318
Wall R-10, Exterior	0.000000	0.000000	0.000000	1.000000	0.000000	0.025144
Wall R-15, Exterior	0.000000	0.000000	0.000000	0.000000	1.000000	0.007789
