Dependency=Geometry Attic Type	Option=Uninsulated	Option=R-7	Option=R-13	Option=R-19	Option=R-30	Option=R-38	Option=R-49	sampling_probability
Vented Attic	1.000000	0.000000	0.000000	0.000000	0.000000	0.000000	0.000000	0.667973
Unvented Attic	1.000000	0.000000	0.000000	0.000000	0.000000	0.000000	0.000000	0.000000
Finished Attic or Cathedral Ceilings	0.033115	0.064345	0.125917	0.186839	0.331147	0.195809	0.064048	0.014216
None	0.033115	0.064345	0.125917	0.186839	0.331147	0.195809	0.064048	0.317844
