Dependency=Insulation Foundation Wall	Option=None	Option=Uninsulated	Option=R-5, Exterior	Option=R-10, Exterior	Option=R-15, Exterior	sampling_probability
None	1.000000	0.000000	0.000000	0.000000	0.000000	0.477301
Uninsulated	0.000000	1.000000	0.000000	0.000000	0.000000	0.478515
Wall R-5, Exterior	0.000000	0.000000	1.000000	0.000000	0.000000	0.011321
Wall R-10, Exterior	0.000000	0.000000	0.000000	1.000000	0.000000	0.025151
Wall R-15, Exterior	0.000000	0.000000	0.000000	0.000000	1.000000	0.007790
