Dependency=Geometry Building Type RECS	Option=Uninsulated	Option=R-7	Option=R-13	Option=R-19	Option=R-30	Option=R-38	Option=R-49	sampling_probability
Mobile Home	1.000000	0.000000	0.000000	0.000000	0.000000	0.000000	0.000000	0.060306
Single-Family Detached	1.000000	0.000000	0.000000	0.000000	0.000000	0.000000	0.000000	0.628359
Single-Family Attached	1.000000	0.000000	0.000000	0.000000	0.000000	0.000000	0.000000	0.058398
Multi-Family with 2 - 4 Units	0.033115	0.064345	0.125917	0.186839	0.331147	0.195809	0.064048	0.078651
Multi-Family with 5+ Units	0.033115	0.064345	0.125917	0.186839	0.331147	0.195809	0.064048	0.174303
