Dependency=Geometry Building Type RECS	Option=EF 6.7	Option=EF 10.2	Option=EF 10.5	Option=EF 15.9	Option=EF 17.6	Option=EF 19.9	Option=None	sample_count	sample_weight	resstock_probability
Mobile Home	0.005345	0.000903	0.003979	0.026358	0.045026	0.004034	0.914355	533.000000	6842068.000000	0.061153
Multi-Family with 2 - 4 Units	0.002677	0.000391	0.003944	0.018584	0.032607	0.003038	0.938759	921.000000	8975958.000000	0.079125
Multi-Family with 5+ Units	0.000268	0.000045	0.000839	0.003599	0.020445	0.002291	0.972513	1900.000000	18886024.000000	0.172755
Single-Family Attached	0.011469	0.001771	0.013461	0.041609	0.078049	0.004957	0.848683	887.000000	6698326.500000	0.058130
Single-Family Detached	0.033185	0.005329	0.028505	0.082042	0.157780	0.017258	0.675901	7743.000000	71332376.000000	0.628853
