Dependency=Geometry Building Type RECS	Option=Left/Right at 15ft	Option=2	Option=4	Option=7	Option=12	Option=27	Option=None	resstock_probability
Mobile Home	1.0	0.0	0.0	0.0	0.0	0.0	0.0	0.06115087221201045
Single-Family Detached	1.0	0.0	0.0	0.0	0.0	0.0	0.0	0.6288490082002071
Single-Family Attached	0.0	0.005808	0.104524	0.154273	0.286172	0.4101	0.039122000000000004	0.058127815293249056
Multi-Family with 2 - 4 Units	0.0	0.005808	0.104524	0.154273	0.286172	0.4101	0.039122000000000004	0.07912588209646396
Multi-Family with 5+ Units	0.0	0.005808	0.104524	0.154273	0.286172	0.4101	0.039122000000000004	0.17275100196534177
