Option=1	Option=2	Option=3	Option=4
0.328708	0.176062	0.279271	0.215958
