Dependency=Usage Level	Option=50%	Option=100%	Option=200%
Low	1.000000	0.000000	0.000000
Medium	0.000000	1.000000	0.000000
High	0.000000	0.000000	1.000000
Average	0.000000	1.000000	0.000000
# Source: Engineering Judgement, Calibration			
