Dependency=Geometry Building Type RECS	Option=None	Option=Yes	Option=No	resstock_probability
Mobile Home	0.000000	0.000000	1.000000	0.061153
Single-Family Detached	0.000000	0.000000	1.000000	0.628853
Single-Family Attached	0.000000	0.000000	1.000000	0.058130
Multi-Family with 2 - 4 Units	1.000000	0.000000	0.000000	0.079125
Multi-Family with 5+ Units	1.000000	0.000000	0.000000	0.172755
