Option=Hour0	Option=Hour1	Option=Hour2	Option=Hour3	Option=Hour4	Option=Hour5	Option=Hour6	Option=Hour7	Option=Hour8	Option=Hour9	Option=Hour10	Option=Hour11	Option=Hour12	Option=Hour13	Option=Hour14	Option=Hour15	Option=Hour16	Option=Hour17	Option=Hour18	Option=Hour19	Option=Hour20	Option=Hour21	Option=Hour22	Option=Hour23
0.007000	0.007000	0.004000	0.004000	0.007000	0.011000	0.025000	0.042000	0.046000	0.048000	0.042000	0.050000	0.057000	0.046000	0.057000	0.044000	0.092000	0.150000	0.117000	0.060000	0.035000	0.025000	0.016000	0.011000
