Dependency=Geometry Building Type RECS	Option=EF 6.7	Option=EF 10.2	Option=EF 10.5	Option=EF 15.9	Option=EF 17.6	Option=EF 19.9	Option=None	sample_count	sample_weight	resstock_probability
Mobile Home	0.054273	0.00869	0.035322000000000006	0.19506199999999999	0.617901	0.088753	0.0	533.0	6842068.0	0.061150933362882666
Multi-Family with 2 - 4 Units	0.030438999999999997	0.005122	0.041124	0.212894	0.642879	0.06754299999999999	0.0	921.0	8975958.0	0.0791260403483864
Multi-Family with 5+ Units	0.032757	0.005397	0.033313	0.17913199999999999	0.681388	0.065999	0.002014	1900.0	18886024.0	0.1727511747165165
Single-Family Attached	0.03536	0.00551	0.035532	0.18726800000000002	0.6236659999999999	0.111545	0.001119	887.0	6698326.5	0.058127873421122474
Single-Family Detached	0.028144	0.004337	0.03708	0.180561	0.606475	0.141354	0.002049	7743.0	71332376.0	0.6288490082002071
