Dependency=Geometry Building Number Units HL	Option=F6 B6 L6 R6	Option=F9 B9 L9 R9	Option=F12 B12 L12 R12	Option=F15 B15 L15 R15	Option=F18 B18 L18 R18	Option=F30 B30 L30 R30	resstock_probability
<5	0.090818	0.285656	0.270077	0.16617	0.149083	0.038196	0.8272537313908492
5 to 9 Units low	0.030910000000000007	0.143525	0.21058000000000002	0.190607	0.271633	0.152745	0.04395246185196257
5 to 9 Units high	0.0	0.0	0.0	0.0	0.0	1.0	0.00209717556803415
10 to 19 Units low	0.030910000000000007	0.143525	0.21058000000000002	0.190607	0.271633	0.152745	0.0380724123484134
10 to 19 Units high	0.0	0.0	0.0	0.0	0.0	1.0	0.004377642419430373
20 to 49 Units low	0.030910000000000007	0.143525	0.21058000000000002	0.190607	0.271633	0.152745	0.024676545941975353
20 to 49 Units high	0.0	0.0	0.0	0.0	0.0	1.0	0.009565795231809605
50 or more Units low	0.030910000000000007	0.143525	0.21058000000000002	0.190607	0.271633	0.152745	0.015632671467943924
50 or more Units high	0.0	0.0	0.0	0.0	0.0	1.0	0.03437646872554448
