Option=1A	Option=2A	Option=2B	Option=3A	Option=3B	Option=3C	Option=4A	Option=4B	Option=4C	Option=5A	Option=5B	Option=6A	Option=6B	Option=7A	Option=7B	sample_count	sample_weight
0.022667	0.180983	0.025806	0.161464	0.100380	0.030312	0.199123	0.004538	0.039167	0.129349	0.051702	0.038931	0.008780	0.006139	0.000660	0.000000	10818773.971406
