Option=1A	Option=2A	Option=2B	Option=3A	Option=3B	Option=3C	Option=4A	Option=4B	Option=4C	Option=5A	Option=5B	Option=6A	Option=6B	Option=7A	Option=7B	sample_count	sample_weight
0.022925	0.185135	0.026116	0.164698	0.099392	0.029837	0.198463	0.004701	0.038690	0.125596	0.051011	0.037934	0.008849	0.006022	0.000631	0.000000	10884810.062009
