Option=1A	Option=2A	Option=2B	Option=3A	Option=3B	Option=3C	Option=4A	Option=4B	Option=4C	Option=5A	Option=5B	Option=6A	Option=6B	Option=7A	Option=7B	sample_count	sample_weight
0.023040	0.185248	0.026251	0.165373	0.097959	0.029703	0.198002	0.004856	0.038525	0.126307	0.050904	0.038167	0.008930	0.006099	0.000636	0.000000	10469711.063776
