Dependency=Heating Fuel,"Option=Electric, 100% Usage","Option=Gas, 100% Usage",Option=None,"Option=FIXME Propane, 100% Usage",# Samples
Electricity,0.9719255416539517,0.007934086054317974,0.018004272200183094,0.0021361000915471468,3277
Fuel Oil,0.902200488997555,0.08312958435207823,0.007334963325183374,0.007334963325183374,409
Natural Gas,0.923414820473644,0.06054239877769289,0.0063025210084033615,0.00974025974025974,5236
None,1.0,0.0,0.0,0.0,33
Other Fuel,0.9609120521172638,0.0,0.03474484256243214,0.004343105320304018,921
Propane/LPG,0.9032258064516129,0.0,0.0967741935483871,0.0,124
