Dependency=Heating Fuel,"Gas, 100% Usage","FIXME Propane, 100% Usage","Electric, 100% Usage",None,# Samples
Electricity,0.00916310323762981,0.003970678069639585,0.9691508857666463,0.0177153329260843,3274
Fuel Oil,0.06313131313131314,0.010101010101010102,0.9267676767676768,0.0,396
Natural Gas,0.06398467432950192,0.00900383141762452,0.9252873563218391,0.0017241379310344827,5220
None,0.0,0.0,1.0,0.0,62
Other Fuel,0.0,0.00755939524838013,0.9924406047516199,0.0,926
Propane/LPG,0.0,0.0,1.0,0.0,121
