Dependency=Heating Fuel,"Option=Electric, 100% Usage","Option=Gas, 100% Usage",Option=None,"Option=FIXME Propane, 100% Usage",# Samples
Electricity,0.8790849673202614,0.0718954248366013,0.0,0.049019607843137254,306
Fuel Oil,1.0,0.0,0.0,0.0,43
Natural Gas,0.6434262948207171,0.33665338645418325,0.0,0.0199203187250996,502
None,0.8571428571428571,0.14285714285714285,0.0,0.0,7
Other Fuel,0.7659574468085106,0.13829787234042554,0.0,0.09574468085106383,94
Propane/LPG,0.75,0.125,0.0,0.125,16
