Dependency=Heating Fuel,"Gas, 100% Usage","FIXME Propane, 100% Usage","Electric, 100% Usage",# Samples
Electricity,0.06017104459376909,0.056811240073304826,0.8830177153329261,3274
Fuel Oil,0.0,0.0,1.0,396
Natural Gas,0.34195402298850575,0.022222222222222223,0.635823754789272,5220
None,0.41935483870967744,0.0,0.5806451612903226,62
Other Fuel,0.11339092872570194,0.12419006479481641,0.7624190064794817,926
Propane/LPG,0.14049586776859505,0.2892561983471074,0.5702479338842975,121
