Option=65F,Option=68F,Option=70F,Option=72F,Option=75F,Option=78F,Option=80F
0.0586242430683,0.043975414652,0.164418751949,0.199162858986,0.309654600219,0.152634914572,0.0715292165527
