Option=65F,Option=68F,Option=70F,Option=72F,Option=75F,Option=78F,Option=80F
0.0586242430683,0.051982472877,0.16242620029,0.19314835242,0.309654600219,0.148993430634,0.0751707004903
