Option=65F,Option=68F,Option=70F,Option=72F,Option=75F,Option=78F,Option=80F,# Samples
0.05371900826446281,0.038223140495867766,0.15805785123966942,0.19834710743801653,0.3202479338842975,0.15289256198347106,0.07851239669421488,968
