Dependency=Usage Level,"Option=318 Rated kWh, 80% Usage","Option=318 Rated kWh, 100% Usage","Option=318 Rated kWh, 120% Usage","Option=290 Rated kWh, 80% Usage","Option=290 Rated kWh, 100% Usage","Option=290 Rated kWh, 120% Usage",# Samples
Low,0.359504132231405,0.0,0.0,0.640495867768595,0.0,0.0,242
Medium,0.0,0.3615702479338843,0.0,0.0,0.6384297520661157,0.0,484
High,0.0,0.0,0.35537190082644626,0.0,0.0,0.6446280991735537,242
Average,0,0,0,0,0,0,0
