Option=60F,Option=65F,Option=68F,Option=70F,Option=72F,Option=75F
0.0407809763857,0.130379843005,0.350288776444,0.303996688039,0.131001287836,0.0435524282896
