Option=60F,Option=65F,Option=68F,Option=70F,Option=72F,Option=75F
0.0407809763857,0.130379843005,0.346405985989,0.30893253795,0.129948228381,0.0435524282896
