Option=60F,Option=65F,Option=68F,Option=70F,Option=72F,Option=75F,# Samples
0.042355371900826444,0.1353305785123967,0.35640495867768596,0.3047520661157025,0.12190082644628099,0.03925619834710744,968
