Option=100% CFL,Option=100% Incandescent
0.382420078978,0.617579921022
