100% Incandescent,100% CFL,# Samples
0.6175617561756176,0.38243824382438246,9999
