100% Incandescent,100% CFL
0.617579921,0.382420079
