Option=100% CFL,Option=100% Incandescent,# Samples
0.3822314049586777,0.6177685950413223,968
