Option=H1C1 OR,Option=H1C1 WA,Option=H1C2,Option=H1C3,Option=H2,Option=H3,# Samples
0.14669421487603307,0.3987603305785124,0.125,0.08574380165289257,0.1621900826446281,0.08161157024793389,968
