H1C1 OR,H1C1 WA,H1C2,H1C3,H2,H3,# Samples
0.14511451145114512,0.3919391939193919,0.12971297129712972,0.0931093109310931,0.16081608160816083,0.07930793079307931,9999
