North,South,East,West,# Samples
0.25002500250025,0.25002500250025,0.24992499249924993,0.25002500250025,9999
