Option=North,Option=South,Option=East,Option=West,# Samples
0.253099173553719,0.253099173553719,0.246900826446281,0.246900826446281,968
