Dependency=Usage Level,Option=EF 6.7,Option=EF 10.2,Option=EF 10.5,Option=EF 15.9,# Samples
Low,0.024793388429752067,0.06611570247933884,0.2066115702479339,0.7024793388429752,242
Medium,0.030991735537190084,0.08264462809917356,0.17148760330578514,0.7148760330578512,484
High,0.07024793388429752,0.0371900826446281,0.2190082644628099,0.6735537190082644,242
Average,0,0,0,0,0
