Dependency=Usage Level,EF = 6.7,EF = 10.2,EF = 10.5,EF = 15.9,# Samples
Low,0.0424,0.0728,0.1892,0.6956,2500
Medium,0.04120824164832967,0.06621324264852971,0.19483896779355872,0.6977395479095819,4999
High,0.0352,0.0748,0.1808,0.7092,2500
Average,0,0,0,0,0
