Low,Medium,High,Average,# Samples
0.25002500250025,0.49994999499949994,0.25002500250025,0.0,9999
