Dependency=Location Region,pre-1950,1950s,1960s,1970s,1980s,1990s,2000s,2010s,# Samples
H1C1 OR,0.15024121295658166,0.08959338387319091,0.17711922811853895,0.17643004824259131,0.09097174362508614,0.17160578911095797,0.11784975878704342,0.026188835286009647,1451
H1C1 WA,0.25924980862464914,0.09211533554478184,0.14519009951518244,0.15029344220464405,0.1319214085225823,0.09772901250318959,0.11992855320234753,0.003572339882623118,3919
H1C2,0.3305084745762712,0.06471494607087827,0.21648690292758088,0.13020030816640987,0.12865947611710324,0.0847457627118644,0.04468412942989214,0.0,1298
H1C3,0.11385606874328678,0.10741138560687433,0.061224489795918366,0.19656283566058003,0.07518796992481203,0.14822771213748656,0.2975295381310419,0.0,931
H2,0.1865671641791045,0.13619402985074627,0.061567164179104475,0.1691542288557214,0.05721393034825871,0.21330845771144277,0.15982587064676618,0.01616915422885572,1608
H3,0.23076923076923078,0.1008827238335435,0.11979823455233292,0.1853720050441362,0.09962168978562422,0.13745271122320302,0.10970996216897856,0.01639344262295082,793
