Dependency=Location Region,pre-1950,1950s,1960s,1970s,1980s,1990s,2000s,2010s,# Samples
H1C1 OR,0.1543762922122674,0.09993108201240523,0.18263266712611992,0.17849758787043418,0.06685044796691937,0.15920055134390076,0.13094417643004824,0.027567195037904894,1451
H1C1 WA,0.25159479459045675,0.09186016841030875,0.14008675682572086,0.1508037764735902,0.13345241132942076,0.10819086501658587,0.12196989027813218,0.002041337075784639,3919
H1C2,0.3091750192752506,0.06707787201233616,0.220508866615266,0.15111796453353893,0.1264456437933693,0.08481110254433308,0.040863531225905934,0.0,1297
H1C3,0.1364124597207304,0.1267454350161117,0.06766917293233082,0.18689581095596133,0.09022556390977443,0.15467239527389903,0.23737916219119226,0.0,931
H2,0.19900497512437812,0.13059701492537312,0.06902985074626866,0.166044776119403,0.05037313432835821,0.21393034825870647,0.15920398009950248,0.01181592039800995,1608
H3,0.23707440100882723,0.08827238335435057,0.1223203026481715,0.15889029003783103,0.1273644388398487,0.11853720050441362,0.13114754098360656,0.01639344262295082,793
