Dependency=Heating Fuel,Option=FIXME Electric HPWH,Option=Electric Standard,Option=Electric Tankless,Option=Gas Standard,Option=Gas Tankless,Option=Oil Standard,Option=Propane Standard,Option=Propane Tankless,# Samples
Electricity,0.003051571559353067,0.892584681110772,0.007018614586512054,0.068660360085444,0.011290814769606347,0.0006103143118706134,0.015868172108635947,0.00091547146780592,3277
Fuel Oil,0.0,0.8875305623471883,0.0,0.07334963325183375,0.0,0.039119804400977995,0.0,0.0,409
Natural Gas,0.0009549274255156608,0.2184873949579832,0.003246753246753247,0.7322383498854087,0.03189457601222307,0.0019098548510313217,0.0106951871657754,0.0005729564553093965,5236
None,0.0,0.45454545454545453,0.0,0.5454545454545454,0.0,0.0,0.0,0.0,33
Other Fuel,0.0,0.8903365906623235,0.0,0.04343105320304017,0.0249728555917481,0.0,0.009771986970684038,0.031487513572204126,921
Propane/LPG,0.0,0.9838709677419355,0.0,0.0,0.0,0.0,0.016129032258064516,0.0,124
