Dependency=Heating Fuel,Electric Standard,Electric Tankless,FIXME Electric HPWH,Gas Standard,Gas Tankless,Oil Standard,Propane Standard,Propane Tankless,FIXME Other Fuel,# Samples
Electricity,0.8992058643860721,0.007330482590103849,0.002443494196701283,0.06811240073304826,0.007025045815516188,0.0009163103237629811,0.012217470983506415,0.0012217470983506415,0.0015271838729383018,3274
Fuel Oil,0.8813131313131313,0.0,0.0,0.05303030303030303,0.0,0.06313131313131314,0.0,0.0,0.0025252525252525255,396
Natural Gas,0.2120689655172414,0.004789272030651341,0.7185823754789272,0.032567049808429116,0.0011494252873563218,0.01896551724137931,0.0019157088122605363,0.009386973180076629,0.0005747126436781609,5220
None,0.5,0.0,0.0,0.5,0.0,0.0,0.0,0.0,0.0,62
Other Fuel,0.8531317494600432,0.0,0.05075593952483801,0.02159827213822894,0.0,0.017278617710583154,0.0,0.014038876889848811,0.04319654427645788,926
Propane/LPG,0.859504132231405,0.0,0.0,0.0,0.0,0.0,0.09917355371900827,0.0,0.04132231404958678,121
