Dependency=Heating Fuel,Electric Standard,Electric Tankless,FIXME Electric HPWH,Gas Standard,Gas Tankless,Oil Standard,Propane Standard,Propane Tankless,FIXME Other Fuel
Electricity,0.900982314,0.007067979,0.002288442,0.065054945,0.008321766,0.000969187,0.013098659,0.000972809,0.001243899
Fuel Oil,0.883007343,0,0,0.055382284,0,0.055382284,0,0,0.006228089
Natural Gas,0.213699028,0.004292154,0.717408152,0.032887365,0.000999991,0.018506429,0.001585522,0.010128018,0.000493341
None,0.46370574,0,0,0.53629426,0,0,0,0,0
Other Fuel,0.855319915,0,0.04643536,0.026414831,0,0.021735264,0,0.012361093,0.037733537
Propane/LPG,0.903404254,0,0,0,0,0,0.072244437,0,0.024351309
