Dependency=State	Option=Uninsulated	Option=R-7	Option=R-13	Option=R-19	Option=R-36	Count	Weight
ID	0.146671592934	0.0487988655572	0.425521242489	0.37900829902	0.0	168	446129.46
ID	0.2	0.2	0.2	0.2	0.2	0	0.0
MT	0.0612066235652	0.0929152945099	0.338852551863	0.44997316139	0.057052368672	157	243218.45
MT	0.2	0.2	0.2	0.2	0.2	0	0.0
OR	0.144104081343	0.135067047403	0.375996859876	0.344790896252	4.11151261634e-05	313	1114234.21
OR	0.2	0.2	0.2	0.2	0.2	0	0.0
WA	0.115356264082	0.153460456265	0.380692601063	0.345759714041	0.00473096454851	760	1817505.39
WA	0.2	0.2	0.2	0.2	0.2	0	0.0
