Option=100% CFL	Option=100% Incandescent	Count	Weight
0.382420078978	0.617579921022	29670	3747522.98
