Column Type,Import From Raw,Publish In Full,Data Type,Timeseries Publish In Full,Annual Name,Annual Units,Published Annual Name,Published Annual Name Sightglass,Published Annual Unit,ResStock To Published Annual Unit Conversion Factor,Timeseries Name,Timeseries Units,Published Timeseries Name,Published Timeseries Name Sightglass,Published Timeseries Unit,ResStock To Published Timeseries Unit Conversion Factor,Notes
Input,yes,yes,string,no,building_id,,bldg_id,bldg_id,,,,,,,,,The dwelling unit model ID number (between 1 and the number of samples).
Input,yes,yes,string,no,completed_status,,completed_status,,,,,,,,,,The simulation status.
Input,yes,yes,string,no,upgrade,,upgrade,upgrade,,,,,,,,,The upgrade number.
Input,yes,yes,string,no,apply_upgrade.upgrade_name,,in.upgrade_name,upgrade_name,,,,,,,,,User-specificed name that describes the upgrade.
Input,yes,yes,float,no,build_existing_model.sample_weight,,weight,weight,,1,,,,,,,Number of dwelling units this model represents in real life.
Calculated,yes,yes,boolean,no,,,applicability,applicability,,,,,,,,,Whether the upgrade is applicable to the dwelling unit model. Will be always True for baseline.
Output,yes,yes,float,no,upgrade_costs.floor_area_conditioned_ft_2,ft^2,in.sqft..ft2,in.sqft,ft2,1,,,,,,,"Floor Area, Conditioned"
Calculated,yes,yes,float,no,,,in.representative_income,in.representative_income,usd,,,,,,,,Income for this dwelling unit.
Calculated,yes,yes,string,no,,,in.county_name,in.county_name,,,,,,,,,County name
Calculated,yes,yes,string,no,,,in.american_housing_survey_region,in.american_housing_survey_region,,,,,,,,,American Housing Survey region where the dwelling unit is located.
Calculated,yes,yes,string,no,,,in.ashrae_iecc_climate_zone_2006,in.ashrae_iecc_climate_zone_2006,,,,,,,,,ASHRAE Standard 169 - 2006 Climate Zone.
Calculated,yes,yes,string,no,,,in.building_america_climate_zone,in.building_america_climate_zone,,,,,,,,,DOE Building America climate zone.
Calculated,yes,yes,string,no,,,in.cambium_grid_region,in.cambium_grid_region,,,,,,,,,Specifies Cambium grid region.
Calculated,yes,yes,string,no,,,in.cec_climate_zone,in.cec_climate_zone,,,,,,,,,Specifies the California Energy Commission climate zone. Only applicable inside California.
Calculated,yes,yes,string,no,,,in.census_division_name,in.census_division_name,,,,,,,,,Census division name.
Calculated,yes,yes,string,no,,,in.census_division_name_recs,in.census_division_name_recs,,,,,,,,,"Census division name as used in RECS 2015. RECS 2015 split the Mountain Census Division into north (CO, ID, MT, UT, WY) and south (AZ, NM, NV)."
Calculated,yes,yes,string,no,,,in.census_region_name,in.census_region_name,,,,,,,,,Census region name
Calculated,yes,yes,integer,no,,,in.cluster_id,in.cluster_id,,,,,,,,,The identifier for the geographic cluster ResStock uses to group together areas with similar building stocks.
Calculated,yes,yes,string,no,,,in.cluster_name,in.cluster_name,,,,,,,,,The name for the geographic cluster ResStock uses to group together areas with similar building stocks.
Calculated,yes,yes,integer,no,,,in.electric_utility_eia_code,in.electric_utility_eia_code,,,,,,,,,The EIA ID of the electric utility for this building.
Calculated,yes,yes,string,no,,,in.iso_rto_region,in.iso_rto_region,,,,,,,,,Electric system ISO/RTO region.
Calculated,yes,yes,string,no,,,in.nhgis_county_gisjoin,in.nhgis_county_gisjoin,,,,,,,,,"County identifier where the model is located, according to format of https://www.nhgis.org/geographic-crosswalks#details"
Calculated,yes,yes,string,no,,,in.nhgis_puma_gisjoin,in.nhgis_puma_gisjoin,,,,,,,,,"Census PUMA identifier where the model is located, according to format of https://www.nhgis.org/geographic-crosswalks#details"
Calculated,yes,yes,string,no,,,in.nhgis_state_gisjoin,in.nhgis_state_gisjoin,,,,,,,,,"State identifier where the model is located, according to format of https://www.nhgis.org/geographic-crosswalks#details"
Calculated,yes,yes,string,no,,,in.nhgis_tract_gisjoin,in.nhgis_tract_gisjoin,,,,,,,,,"Census tract identifier where the model is located, according to format of https://www.nhgis.org/geographic-crosswalks#details"
Calculated,yes,yes,string,no,,,in.reeds_balancing_area,in.reeds_balancing_area,,,,,,,,,Balancing area ID for the NREL ReEDS modeling tool.
Calculated,yes,yes,string,no,,,in.resstock_county_id,in.resstock_county_id,,,,,,,,,State abbreviation and county name.
Calculated,yes,yes,string,no,,,in.resstock_custom_region,in.resstock_custom_region,,,,,,,,,ResStock custom geographic region where the dwelling unit is located.
Calculated,yes,yes,string,no,,,in.resstock_puma_id,in.resstock_puma_id,,,,,,,,,State abbreviation and PUMA identifier.
Calculated,yes,yes,string,no,,,in.state,in.state,,,,,,,,,Postal abbreviation of state.
Calculated,yes,yes,string,no,,,in.state_name,in.state_name,,,,,,,,,Full name of state.
Calculated,yes,yes,string,no,,,in.weather_file_2018,in.weather_file_2018,,,,,,,,,Weather file used for the 2018 AMY simulations.
Calculated,yes,yes,string,no,,,in.weather_file_TMY3,in.weather_file_TMY3,,,,,,,,,Weather file used for the TMY3 simulations.
Input,yes,yes,string,no,build_existing_model.ahs_region,,in.as_simulated_ahs_region,in.as_simulated_ahs_region,,,,,,,,,American Housing Survey region where the model was simulated.
Input,yes,yes,boolean,no,build_existing_model.aiannh_area,,in.as_simulated_aiannh_area,in.as_simulated_aiannh_area,,,,,,,,,Whether the dwelling unit model was simulated in an American Indian/Alaska Native/Native Hawaiian (AIANNH) Area or not.
Input,yes,yes,string,no,build_existing_model.area_median_income,,in.area_median_income,in.area_median_income,,,,,,,,,Area median income of the household occupying the dwelling unit. Zero for vacant units.
Input,yes,yes,string,no,build_existing_model.ashrae_iecc_climate_zone_2004,,in.as_simulated_ashrae_iecc_climate_zone_2004,in.as_simulated_ashrae_iecc_climate_zone_2004,,,,,,,,,Climate zone of the dwelling unit according to ASHRAE 169 in 2004 and IECC in 2012.
Input,yes,yes,string,no,build_existing_model.ashrae_iecc_climate_zone_2004_sub_cz_split,,in.as_simulated_ashrae_iecc_climate_zone_2004_sub_cz_split,in.as_simulated_ashrae_iecc_climate_zone_2004_sub_cz_split,,,,,,,,,"Climate zone of the dwelling unit according to ASHRAE 169 in 2004 and IECC in 2012. Climate zone 2A is split between counties in TX, LA and FL, GA, AL, and MS and climate zone 1A is split between counties in FL and HI."
Input,yes,yes,string,no,build_existing_model.bathroom_spot_vent_hour,,in.bathroom_spot_vent_hour,in.bathroom_spot_vent_hour,,,,,,,,,Bathroom spot ventilation daily start hour.
Input,yes,yes,string,no,build_existing_model.battery,,in.battery,in.battery,,,,,,,,,"The presence, size, location, and efficiency of an onsite battery (not used in baseline models)."
Input,yes,yes,integer,no,build_existing_model.bedrooms,,in.bedrooms,in.bedrooms,,,,,,,,,The number of bedrooms in the dwelling unit.
Input,yes,yes,string,no,build_existing_model.building_america_climate_zone,,in.as_simulated_building_america_climate_zone,in.as_simulated_building_america_climate_zone,,,,,,,,,The Building America Climate Zone where the model was simulated.
Input,yes,yes,string,no,build_existing_model.cec_climate_zone,,in.as_simulated_cec_climate_zone,in.as_simulated_cec_climate_zone,,,,,,,,,The California Energy Commission Climate Zone where the model was simulated.
Input,yes,yes,string,no,build_existing_model.ceiling_fan,,in.ceiling_fan,in.ceiling_fan,,,,,,,,,Presence and energy usage of ceiling fans at medium speed.
Input,yes,yes,string,no,build_existing_model.census_division,,in.as_simulated_census_division,in.as_simulated_census_division,,,,,,,,,The 2010 U.S. Census Division where the model was simulated.
Input,yes,yes,string,no,build_existing_model.census_division_recs,,in.as_simulated_census_division_recs,in.as_simulated_census_division_recs,,,,,,,,,"Census Division as used in RECS 2015 where the model was simulated. RECS 2015 split the Mountain Census Division into north (CO, ID, MT, UT, WY) and south (AZ, NM, NV)."
Input,yes,yes,string,no,build_existing_model.census_region,,in.as_simulated_census_region,in.as_simulated_census_region,,,,,,,,,The 2010 U.S. Census Region where the model was simulated.
Input,yes,yes,string,no,build_existing_model.city,,in.as_simulated_city,in.as_simulated_city,,,,,,,,,The census-designated city where the model was simulated.
Input,yes,yes,string,no,build_existing_model.clothes_dryer,,in.clothes_dryer,in.clothes_dryer,,,,,,,,,"The presence, rated efficiency, and fuel type of the clothes dryer in a dwelling unit."
Input,yes,yes,string,no,build_existing_model.clothes_dryer_usage_level,,in.clothes_dryer_usage_level,in.clothes_dryer_usage_level,,,,,,,,,Clothes dryer energy usage level multiplier.
Input,yes,yes,string,no,build_existing_model.clothes_washer,,in.clothes_washer,in.clothes_washer,,,,,,,,,Presence and rated efficiency of the clothes washer.
Input,yes,yes,string,no,build_existing_model.clothes_washer_presence,,in.clothes_washer_presence,in.clothes_washer_presence,,,,,,,,,The presence of a clothes washer in the dwelling unit.
Input,yes,yes,string,no,build_existing_model.clothes_washer_usage_level,,in.clothes_washer_usage_level,in.clothes_washer_usage_level,,,,,,,,,Clothes washer energy usage level multiplier.
Input,yes,yes,string,no,build_existing_model.cooking_range,,in.cooking_range,in.cooking_range,,,,,,,,,Presence and fuel type of the cooking range.
Input,yes,yes,string,no,build_existing_model.cooking_range_usage_level,,in.cooking_range_usage_level,in.cooking_range_usage_level,,,,,,,,,Cooking range energy usage level multiplier.
Input,yes,yes,string,no,build_existing_model.cooling_unavailable_days,,in.cooling_unavailable_days,in.cooling_unavailable_days,,,,,,,,,Length of time in a year the cooling system is unavailable.
Input,yes,yes,string,no,build_existing_model.cooling_setpoint,,in.cooling_setpoint,in.cooling_setpoint,,,,,,,,,Baseline cooling setpoint with no offset applied.
Input,yes,yes,boolean,no,build_existing_model.cooling_setpoint_has_offset,,in.cooling_setpoint_has_offset,in.cooling_setpoint_has_offset,,,,,,,,,Presence of a cooling setpoint offset.
Input,yes,yes,string,no,build_existing_model.cooling_setpoint_offset_magnitude,,in.cooling_setpoint_offset_magnitude,in.cooling_setpoint_offset_magnitude,,,,,,,,,The magnitude of cooling setpoint offset.
Input,yes,yes,string,no,build_existing_model.cooling_setpoint_offset_period,,in.cooling_setpoint_offset_period,in.cooling_setpoint_offset_period,,,,,,,,,The period and offset for the dwelling unit’s cooling setpoint. Default for the day is from 9am to 5pm and for the night is 10pm to 7am.
Input,yes,yes,string,no,build_existing_model.corridor,,in.corridor,in.corridor,,,,,,,,,Type of corridor attached to multi-family units.
Input,yes,yes,string,no,build_existing_model.county,,in.as_simulated_county,in.as_simulated_county,,,,,,,,,The U.S. County where the model was simulated.
Input,yes,yes,string,no,build_existing_model.county_and_puma,,in.as_simulated_county_and_puma,in.as_simulated_county_and_puma,,,,,,,,,The GISJOIN identifier for the County and the Public Use Microdata Area (PUMA) where the model was simulated.
Input,yes,yes,string,no,build_existing_model.county_metro_status,,in.as_simulated_county_metro_status,in.as_simulated_county_metro_status,,,,,,,,,Whether the county is part of a census-defined metro area.
Input,yes,yes,string,no,build_existing_model.custom_state,,in.as_simulated_custom_state,in.as_simulated_custom_state,,,,,,,,,A custom selection of states to be able to have more fine tuned probability distributionin states where we have more data.
Input,yes,yes,string,no,build_existing_model.dehumidifier,,in.dehumidifier,in.dehumidifier,,,,,,,,,"Presence, water removal rate, and humidity setpoint of the dehumidifier."
Input,yes,yes,string,no,build_existing_model.dishwasher,,in.dishwasher,in.dishwasher,,,,,,,,,The presence and rated efficiency of the dishwasher.
Input,yes,yes,string,no,build_existing_model.dishwasher_usage_level,,in.dishwasher_usage_level,in.dishwasher_usage_level,,,,,,,,,Dishwasher energy usage level multiplier.
Input,yes,yes,string,no,build_existing_model.door_area,,in.door_area,in.door_area,,,,,,,,,Area of exterior doors.
Input,yes,yes,string,no,build_existing_model.doors,,in.doors,in.doors,,,,,,,,,Exterior door material and properties.
Input,yes,yes,string,no,build_existing_model.duct_leakage_and_insulation,,in.duct_leakage_and_insulation,in.duct_leakage_and_insulation,,,,,,,,,Dcuct insulation and leakage to outside from the portion of ducts in unconditioned spaces.
Input,yes,yes,string,no,build_existing_model.duct_location,,in.duct_location,in.duct_location,,,,,,,,,Location of duct System.
Input,yes,yes,string,no,build_existing_model.eaves,,in.eaves,in.eaves,,,,,,,,,Depth of roof eaves.
Input,yes,yes,integer,no,build_existing_model.electric_panel_service_max_current_rating,amp,in.electric_panel_service_rating..a,in.electric_panel_service_rating,amp,1,,,,,,,Electric panel service or max current rating in Ampere (A).
Input,yes,yes,string,no,build_existing_model.electric_panel_service_max_current_rating_bin,amp,in.electric_panel_service_rating_bin..a,in.electric_panel_service_rating_bin,amp,,,,,,,,Electric panel service or max current rating in bins of Ampere (A).
Input,yes,yes,string,no,build_existing_model.electric_vehicle_battery,,in.electric_vehicle_battery,in.electric_vehicle_battery,,,,,,,,,The type of electric vehicle and battery range.
Input,yes,yes,string,no,build_existing_model.electric_vehicle_charge_at_home,,in.electric_vehicle_charge_at_home,in.electric_vehicle_charge_at_home,,,,,,,,,Percentage of EV charging that occurs at the dwelling units.
Input,yes,yes,string,no,build_existing_model.electric_vehicle_charger,,in.electric_vehicle_charger,in.electric_vehicle_charger,,,,,,,,,Type of EV charger used at the dwelling unit.
Input,yes,yes,integer,no,build_existing_model.electric_vehicle_miles_traveled,,in.electric_vehicle_miles_traveled,in.electric_vehicle_miles_traveled,,,,,,,,,"The number of miles an electric vehicle is driven in a year if the unit owns an electric vehicle. EVs are driven fewer miles than internal combustine engine (ICE) cars, so the max value is capped at 22,500 miles/yr and the distribution is shifted to reduce the mean."
Input,yes,yes,boolean,no,build_existing_model.electric_vehicle_outlet_access,,in.electric_vehicle_outlet_access,in.electric_vehicle_outlet_access,,,,,,,,,If the dwelling unit has an electric outlet within 20 feet of EV parking.
Input,yes,yes,boolean,no,build_existing_model.electric_vehicle_ownership,,in.electric_vehicle_ownership,in.electric_vehicle_ownership,,,,,,,,,If the dwelling unit owns an EV.
Input,yes,yes,string,no,build_existing_model.energystar_climate_zone_2023,,in.as_simulated_energystar_climate_zone_2023,in.as_simulated_energystar_climate_zone_2023,,,,,,,,,"Climate zones for windows, doors, and skylights per 2023 ENERGYSTAR guidelines."
Input,yes,yes,string,no,build_existing_model.federal_poverty_level,,in.federal_poverty_level,in.federal_poverty_level,,,,,,,,,Federal poverty level of the household occupying the dwelling unit.
Input,yes,yes,string,no,build_existing_model.generation_and_emissions_assessment_region,,in.generation_and_emissions_assessment_region,in.generation_and_emissions_assessment_region,,,,,,,,,The generation and carbon emissions assessment (GEA) region from Cambium 2023 and 2024.
Input,yes,yes,string,no,build_existing_model.geometry_attic_type,,in.geometry_attic_type,in.geometry_attic_type,,,,,,,,,The dwelling unit attic type.
Input,yes,yes,string,no,build_existing_model.geometry_building_horizontal_location_mf,,in.geometry_building_horizontal_location_mf,in.geometry_building_horizontal_location_mf,,,,,,,,,"Location of the multi-family attached unit horizontally within the building (left, middle, right)."
Input,yes,yes,string,no,build_existing_model.geometry_building_horizontal_location_sfa,,in.geometry_building_horizontal_location_sfa,in.geometry_building_horizontal_location_sfa,,,,,,,,,"Location of the single-family attached unit horizontally within the building (left, middle, right)."
Input,yes,yes,string,no,build_existing_model.geometry_building_level_mf,,in.geometry_building_level_mf,in.geometry_building_level_mf,,,,,,,,,"Location of the multi-family unit vertically within the building (bottom, middle, top)."
Input,yes,yes,integer,no,build_existing_model.geometry_building_number_units_mf,,in.geometry_building_number_units_mf,in.geometry_building_number_units_mf,,,,,,,,,The number of dwelling units in the multi-family building where the dwelling unit is located.
Input,yes,yes,integer,no,build_existing_model.geometry_building_number_units_sfa,,in.geometry_building_number_units_sfa,in.geometry_building_number_units_sfa,,,,,,,,,Number of dwelling units in the single-family attached building where the dwelling unit is located.
Input,yes,yes,string,no,build_existing_model.geometry_building_type_acs,,in.geometry_building_type_acs,in.geometry_building_type_acs,,,,,,,,,The building type classification according to the U.S. Census American Community Survey (ACS).
Input,yes,yes,string,no,build_existing_model.geometry_building_type_height,,in.geometry_building_type_height,in.geometry_building_type_height,,,,,,,,,"The 2009 Residential Energy Consumption Survey (RECS) building type, with multi-family buildings split out by low-rise, mid-rise, and high-rise."
Input,yes,yes,string,no,build_existing_model.geometry_building_type_recs,,in.geometry_building_type_recs,in.geometry_building_type_recs,,,,,,,,,The building type classification according to the Residential Energy Consumption Survey (RECS).
Input,yes,yes,string,no,build_existing_model.geometry_floor_area,,in.geometry_floor_area,in.geometry_floor_area,,,,,,,,,The finished floor area of the dwelling unit using bins from 2017-2019 AHS.
Input,yes,yes,string,no,build_existing_model.geometry_floor_area_bin,,in.geometry_floor_area_bin,in.geometry_floor_area_bin,,,,,,,,,The finished floor area bin from Residential Energy Consumption Survey (RECS).
Input,yes,yes,string,no,build_existing_model.geometry_foundation_type,,in.geometry_foundation_type,in.geometry_foundation_type,,,,,,,,,The type of foundation.
Input,yes,yes,string,no,build_existing_model.geometry_garage,,in.geometry_garage,in.geometry_garage,,,,,,,,,The size of an attached garage.
Input,yes,yes,string,no,build_existing_model.geometry_space_combination,,in.geometry_space_combination,in.geometry_space_combination,,,,,,,,,"Valid combinations of building type, building level if it is multi-family, foundation, attic, and garage."
Input,yes,yes,integer,no,build_existing_model.geometry_stories,,in.geometry_stories,in.geometry_stories,,,,,,,,,The number of building stories.
Input,yes,yes,string,no,build_existing_model.geometry_stories_low_rise,,in.geometry_stories_low_rise,in.geometry_stories_low_rise,,,,,,,,,Number of building stories for low-rise buildings.
Input,yes,yes,string,no,build_existing_model.geometry_story_bin,,in.geometry_story_bin,in.geometry_story_bin,,,,,,,,,Binned height of the dwelling unit's building of more or less than 8 stories.
Input,yes,yes,string,no,build_existing_model.geometry_wall_exterior_finish,,in.geometry_wall_exterior_finish,in.geometry_wall_exterior_finish,,,,,,,,,Wall siding material and color.
Input,yes,yes,string,no,build_existing_model.geometry_wall_type,,in.geometry_wall_type,in.geometry_wall_type,,,,,,,,,The wall material used for thermal mass calculations of exterior walls.
Input,yes,yes,float,no,build_existing_model.ground_thermal_conductivity,,in.ground_thermal_conductivity,in.ground_thermal_conductivity,,,,,,,,,The thermal conductivity (Btu/hr-ft-F) of the ground used for foundation and geothermal heat pump heat transfer calculations.
Input,yes,yes,boolean,no,build_existing_model.has_pv,,in.has_pv,in.has_pv,,,,,,,,,If the dwelling unit has a rooftop photovoltaic system.
Input,yes,yes,string,no,build_existing_model.heating_fuel,,in.heating_fuel,in.heating_fuel,,,,,,,,,The primary heating fuel.
Input,yes,yes,string,no,build_existing_model.heating_unavailable_days,,in.heating_unavailable_days,in.heating_unavailable_days,,,,,,,,,Length of time in a year the heating system is unavailable.
Input,yes,yes,string,no,build_existing_model.heating_setpoint,,in.heating_setpoint,in.heating_setpoint,,,,,,,,,Baseline heating setpoint with no offset applied.
Input,yes,yes,boolean,no,build_existing_model.heating_setpoint_has_offset,,in.heating_setpoint_has_offset,in.heating_setpoint_has_offset,,,,,,,,,Presence of a heating setpoint offset.
Input,yes,yes,string,no,build_existing_model.heating_setpoint_offset_magnitude,,in.heating_setpoint_offset_magnitude,in.heating_setpoint_offset_magnitude,,,,,,,,,Magnitude of the heating setpoint offset.
Input,yes,yes,string,no,build_existing_model.heating_setpoint_offset_period,,in.heating_setpoint_offset_period,in.heating_setpoint_offset_period,,,,,,,,,The period and offset for the dwelling unit’s heating setpoint. Default for the day is from 9am to 5pm and for the night is 10pm to 7am.
Input,yes,yes,string,no,build_existing_model.holiday_lighting,,in.holiday_lighting,in.holiday_lighting,,,,,,,,,Use of holiday lighting (not currently modeled separately from other exterior lighting).
Input,yes,yes,string,no,build_existing_model.hot_water_distribution,,in.hot_water_distribution,in.hot_water_distribution,,,,,,,,,Type of distribution system and presence of hot water piping insulation.
Input,yes,yes,string,no,build_existing_model.hot_water_fixtures,,in.hot_water_fixtures,in.hot_water_fixtures,,,,,,,,,Hot water fixture usage.
Input,yes,yes,string,no,build_existing_model.household_has_tribal_persons,,in.household_has_tribal_persons,in.household_has_tribal_persons,,,,,,,,,The household occupying the dwelling unit has at least one tribal person in the household.
Input,yes,yes,string,no,build_existing_model.hvac_cooling_autosizing_factor,,in.hvac_cooling_autosizing_factor,in.hvac_cooling_autosizing_factor,,,,,,,,,The cooling airflow and capacity scaling factor applied to the auto-sizing methodology (not used in baseline models).
Input,yes,yes,string,no,build_existing_model.hvac_cooling_efficiency,,in.hvac_cooling_efficiency,in.hvac_cooling_efficiency,,,,,,,,,The presence and efficiency of the primary cooling system.
Input,yes,yes,string,no,build_existing_model.hvac_cooling_partial_space_conditioning,,in.hvac_cooling_partial_space_conditioning,in.hvac_cooling_partial_space_conditioning,,,,,,,,,The fraction of the finished floor area that the cooling system covers.
Input,yes,yes,string,no,build_existing_model.hvac_cooling_type,,in.hvac_cooling_type,in.hvac_cooling_type,,,,,,,,,The presence and type of primary cooling system.
Input,yes,yes,boolean,no,build_existing_model.hvac_has_ducts,,in.hvac_has_ducts,in.hvac_has_ducts,,,,,,,,,The presence of ducts.
Input,yes,yes,string,no,build_existing_model.hvac_has_shared_system,,in.hvac_has_shared_system,in.hvac_has_shared_system,,,,,,,,,The presence of an HVAC system shared between multiple dwelling units.
Input,yes,yes,boolean,no,build_existing_model.hvac_has_zonal_electric_heating,,in.hvac_has_zonal_electric_heating,in.hvac_has_zonal_electric_heating,,,,,,,,,Presence of electric baseboard heating.
Input,yes,yes,string,no,build_existing_model.hvac_heating_autosizing_factor,,in.hvac_heating_autosizing_factor,in.hvac_heating_autosizing_factor,,,,,,,,,The heating airflow and capacity scaling factor applied to the auto-sizing methodology (not used).
Input,yes,yes,string,no,build_existing_model.hvac_heating_efficiency,,in.hvac_heating_efficiency,in.hvac_heating_efficiency,,,,,,,,,The presence and efficiency of the primary heating system.
Input,yes,yes,string,no,build_existing_model.hvac_heating_type,,in.hvac_heating_type,in.hvac_heating_type,,,,,,,,,The presence and type of the primary heating system.
Input,yes,yes,string,no,build_existing_model.hvac_heating_type_and_fuel,,in.hvac_heating_type_and_fuel,in.hvac_heating_type_and_fuel,,,,,,,,,"The presence, type, and fuel of primary heating system."
Input,yes,yes,string,no,build_existing_model.hvac_secondary_heating_efficiency,,in.hvac_secondary_heating_efficiency,in.hvac_secondary_heating_efficiency,,,,,,,,,The efficiency and type of the secondary heating system.
Input,yes,yes,string,no,build_existing_model.hvac_secondary_heating_fuel,,in.hvac_secondary_heating_fuel,in.hvac_secondary_heating_fuel,,,,,,,,,Secondary Heating Fuel for the dwelling unit
Input,yes,yes,string,no,build_existing_model.hvac_secondary_heating_partial_space_conditioning,,in.hvac_secondary_heating_partial_space_conditioning,in.hvac_secondary_heating_partial_space_conditioning,,,,,,,,,The fraction of heating load served by secondary heating system.
Input,yes,yes,string,no,build_existing_model.hvac_secondary_heating_type,,in.hvac_secondary_heating_type,in.hvac_secondary_heating_type,,,,,,,,,The efficiency and type of the secondary heating system.
Input,yes,yes,string,no,build_existing_model.hvac_shared_efficiencies,,in.hvac_shared_efficiencies,in.hvac_shared_efficiencies,,,,,,,,,The presence and efficiency of the shared HVAC system.
Input,yes,yes,boolean,no,build_existing_model.hvac_system_is_faulted,,in.hvac_system_is_faulted,in.hvac_system_is_faulted,,,,,,,,,The presence of the HVAC system having a fault (not used).
Input,yes,yes,boolean,no,build_existing_model.hvac_system_is_scaled,,in.hvac_system_is_scaled,in.hvac_system_is_scaled,,,,,,,,,Whether the HVAC system has been undersized or oversized (not used).
Input,yes,yes,string,no,build_existing_model.hvac_system_single_speed_ac_airflow,,in.hvac_system_single_speed_ac_airflow,in.hvac_system_single_speed_ac_airflow,,,,,,,,,Single speed central and room air conditioner actual air flow rates (not used).
Input,yes,yes,string,no,build_existing_model.hvac_system_single_speed_ac_charge,,in.hvac_system_single_speed_ac_charge,in.hvac_system_single_speed_ac_charge,,,,,,,,,Central and room air conditioner deviation between design/installed charge (not used).
Input,yes,yes,string,no,build_existing_model.hvac_system_single_speed_ashp_airflow,,in.hvac_system_single_speed_ashp_airflow,in.hvac_system_single_speed_ashp_airflow,,,,,,,,,Single speed air source heat pump actual air flow rates (not used).
Input,yes,yes,string,no,build_existing_model.hvac_system_single_speed_ashp_charge,,in.hvac_system_single_speed_ashp_charge,in.hvac_system_single_speed_ashp_charge,,,,,,,,,Air source heat pump deviation between design/installed charge (not used).
Input,yes,yes,string,no,build_existing_model.income,,in.income,in.income,,,,,,,,,Income bin of the household occupying the dwelling unit.
Input,yes,yes,string,no,build_existing_model.income_recs_2015,,in.income_recs_2015,in.income_recs_2015,,,,,,,,,Income bin of the household occupying the dwelling unit that are aligned with the 2015 Residential Energy Consumption Survey (RECS).
Input,yes,yes,string,no,build_existing_model.income_recs_2020,,in.income_recs_2020,in.income_recs_2020,,,,,,,,,Income bin of the household occupying the dwelling unit that are aligned with the 2020 Residential Energy Consumption Survey (RECS).
Input,yes,yes,string,no,build_existing_model.infiltration,,in.infiltration,in.infiltration,,,,,,,,,Total infiltration to the dwelling unit.
Input,yes,yes,string,no,build_existing_model.insulation_ceiling,,in.insulation_ceiling,in.insulation_ceiling,,,,,,,,,Ceiling insulation level (between the living space and unconditioned attic).
Input,yes,yes,string,no,build_existing_model.insulation_floor,,in.insulation_floor,in.insulation_floor,,,,,,,,,Floor insulation level.
Input,yes,yes,string,no,build_existing_model.insulation_foundation_wall,,in.insulation_foundation_wall,in.insulation_foundation_wall,,,,,,,,,Foundation walls insulation level.
Input,yes,yes,string,no,build_existing_model.insulation_rim_joist,,in.insulation_rim_joist,in.insulation_rim_joist,,,,,,,,,Insulation level for rim joists.
Input,yes,yes,string,no,build_existing_model.insulation_roof,,in.insulation_roof,in.insulation_roof,,,,,,,,,Finished roof insulation level.
Input,yes,yes,string,no,build_existing_model.insulation_slab,,in.insulation_slab,in.insulation_slab,,,,,,,,,Slab insulation level.
Input,yes,yes,string,no,build_existing_model.insulation_wall,,in.insulation_wall,in.insulation_wall,,,,,,,,,Wall construction type and insulation level.
Input,yes,yes,string,no,build_existing_model.interior_shading,,in.interior_shading,in.interior_shading,,,,,,,,,Type of window interior shading.
Input,yes,yes,string,no,build_existing_model.iso_rto_region,,in.as_simulated_iso_rto_region,in.as_simulated_iso_rto_region,,,,,,,,,The independent system operator (ISO) or regional transmission organization (RTO) region where the model was simulated.
Input,yes,yes,string,no,build_existing_model.lighting,,in.lighting,in.lighting,,,,,,,,,Fraction of lighting types.
Input,yes,yes,string,no,build_existing_model.lighting_interior_use,,in.lighting_interior_use,in.lighting_interior_use,,,,,,,,,Interior lighting usage relative to the national average.
Input,yes,yes,string,no,build_existing_model.lighting_other_use,,in.lighting_other_use,in.lighting_other_use,,,,,,,,,Exterior and garage lighting usage relative to the national average.
Input,yes,yes,string,no,build_existing_model.location_region,,in.as_simulated_location_region,in.as_simulated_location_region,,,,,,,,,Custom ResStock region where the model was simulated.
Input,yes,yes,string,no,build_existing_model.mechanical_ventilation,,in.mechanical_ventilation,in.mechanical_ventilation,,,,,,,,,Mechanical ventilation type and efficiency.
Input,yes,yes,string,no,build_existing_model.metropolitan_and_micropolitan_statistical_area,,in.as_simulated_metropolitan_and_micropolitan_statistical_area,in.as_simulated_metropolitan_and_micropolitan_statistical_area,,,,,,,,,The U.S. Metropolitan Statistical Area (MSA) or Micropolitan Statistical Area (MicroSA) where the model was simulated.
Input,yes,yes,string,no,build_existing_model.misc_extra_refrigerator,,in.misc_extra_refrigerator,in.misc_extra_refrigerator,,,,,,,,,The presence and rated efficiency of the secondary refrigerator.
Input,yes,yes,string,no,build_existing_model.misc_freezer,,in.misc_freezer,in.misc_freezer,,,,,,,,,The presence and rated efficiency of a standalone freezer.
Input,yes,yes,string,no,build_existing_model.misc_gas_fireplace,,in.misc_gas_fireplace,in.misc_gas_fireplace,,,,,,,,,Presence of a gas fireplace.`
Input,yes,yes,string,no,build_existing_model.misc_gas_grill,,in.misc_gas_grill,in.misc_gas_grill,,,,,,,,,Presence of a gas grill.
Input,yes,yes,string,no,build_existing_model.misc_gas_lighting,,in.misc_gas_lighting,in.misc_gas_lighting,,,,,,,,,Presence of exterior gas lighting.
Input,yes,yes,string,no,build_existing_model.misc_hot_tub_spa,,in.misc_hot_tub_spa,in.misc_hot_tub_spa,,,,,,,,,The presence and heating fuel of a hot tub/spa at the dwelling unit.
Input,yes,yes,string,no,build_existing_model.misc_pool,,in.misc_pool,in.misc_pool,,,,,,,,,The presence of a pool at the dwelling unit.
Input,yes,yes,string,no,build_existing_model.misc_pool_heater,,in.misc_pool_heater,in.misc_pool_heater,,,,,,,,,The heating fuel of the pool heater if there is a pool.
Input,yes,yes,string,no,build_existing_model.misc_pool_pump,,in.misc_pool_pump,in.misc_pool_pump,,,,,,,,,Presence and size of pool pump.
Input,yes,yes,string,no,build_existing_model.misc_well_pump,,in.misc_well_pump,in.misc_well_pump,,,,,,,,,Presence of well pump for domestic water source.
Input,yes,yes,string,no,build_existing_model.natural_ventilation,,in.natural_ventilation,in.natural_ventilation,,,,,,,,,Schedule of natural ventilation from windows.
Input,yes,yes,string,no,build_existing_model.neighbors,,in.neighbors,in.neighbors,,,,,,,,,Presence and distance between the dwelling unit and the nearest neighbors to the left and right.
Input,yes,yes,string,no,build_existing_model.occupants,,in.occupants,in.occupants,,,,,,,,,The number of occupants living in the dwelling unit.
Input,yes,yes,string,no,build_existing_model.orientation,,in.orientation,in.orientation,,,,,,,,,Orientation of the front of the dwelling unit as it faces the street.
Input,yes,yes,string,no,build_existing_model.plug_load_diversity,,in.plug_load_diversity,in.plug_load_diversity,,,,,,,,,Plug load diversity multiplier intended to add variation in plug load profiles across all simulations.
Input,yes,yes,string,no,build_existing_model.plug_loads,,in.plug_loads,in.plug_loads,,,,,,,,,Plug load usage level which is varied by Census Division RECS and Building Type RECS.
Input,yes,yes,string,no,build_existing_model.puma,,in.as_simulated_puma,in.as_simulated_puma,,,,,,,,,The 2010 Public Use Microdata Area (PUMA) where the model was simulated.
Input,yes,yes,string,no,build_existing_model.puma_metro_status,,in.as_simulated_puma_metro_status,in.as_simulated_puma_metro_status,,,,,,,,,The Public Use Microdata Area (PUMA) metropolitan status where the model was simulated.
Input,yes,yes,string,no,build_existing_model.pv_orientation,,in.pv_orientation,in.pv_orientation,,,,,,,,,The presence and orientation of the photovoltaic system.
Input,yes,yes,string,no,build_existing_model.pv_system_size,,in.pv_system_size,in.pv_system_size,,,,,,,,,The size of the photovoltaic system.
Input,yes,yes,string,no,build_existing_model.radiant_barrier,,in.radiant_barrier,in.radiant_barrier,,,,,,,,,Presence of radiant barrier in the attic (not modeled).
Input,yes,yes,string,no,build_existing_model.range_spot_vent_hour,,in.range_spot_vent_hour,in.range_spot_vent_hour,,,,,,,,,Range spot ventilation daily start hour.
Input,yes,yes,string,no,build_existing_model.reeds_balancing_area,,in.as_simulated_reeds_balancing_area,in.as_simulated_reeds_balancing_area,,,,,,,,,The Regional Energy Deployment System Model (ReEDS) balancing area where the model was simulated.
Input,yes,yes,string,no,build_existing_model.refrigerator,,in.refrigerator,in.refrigerator,,,,,,,,,The presence and rated efficiency of the primary refrigerator.
Input,yes,yes,string,no,build_existing_model.refrigerator_usage_level,,in.refrigerator_usage_level,in.refrigerator_usage_level,,,,,,,,,Refrigerator energy usage level multiplier.
Input,yes,yes,string,no,build_existing_model.roof_material,,in.roof_material,in.roof_material,,,,,,,,,Roof material and color.
Input,yes,yes,string,no,build_existing_model.sampling_region,,in.sampling_region_id,in.sampling_region_id,,,,,,,,,Region assigned through the sampling process.
Input,yes,yes,string,no,build_existing_model.state,,in.as_simulated_state,in.as_simulated_state,,,,,,,,,The U.S. State.
Input,yes,yes,string,no,build_existing_model.state_metro_median_income,,in.as_simulated_state_metro_median_income,in.as_simulated_state_metro_median_income,,,,,,,,,"The census-supplied median income for dwelling units in the metro area where the model was simulated, which can be different from the State Median Income."
Input,yes,yes,string,no,build_existing_model.tenure,,in.tenure,in.tenure,,,,,,,,,The tenancy (owner or renter) of the household occupying the dwelling unit.
Input,yes,yes,string,no,build_existing_model.usage_level,,in.usage_level,in.usage_level,,,,,,,,,Usage of major appliances relative to the national average.
Input,yes,yes,string,no,build_existing_model.vacancy_status,,in.vacancy_status,in.vacancy_status,,,,,,,,,The vacancy status (occupied or vacant) of the dwelling unit.
Input,yes,yes,string,no,build_existing_model.vintage,,in.vintage,in.vintage,,,,,,,,,Time period bin in which the building was constructed.
Input,yes,yes,string,no,build_existing_model.vintage_acs,,in.vintage_acs,in.vintage_acs,,,,,,,,,Time period bin in which the dwelling unit was constructed as defined by the U.S. Census American Community Survey (ACS).
Input,yes,yes,string,no,build_existing_model.water_heater_efficiency,,in.water_heater_efficiency,in.water_heater_efficiency,,,,,,,,,"The efficiency, type, and heating fuel of water heater."
Input,yes,yes,string,no,build_existing_model.water_heater_fuel,,in.water_heater_fuel,in.water_heater_fuel,,,,,,,,,The water heater fuel type.
Input,yes,yes,boolean,no,build_existing_model.water_heater_in_unit,,in.water_heater_in_unit,in.water_heater_in_unit,,,,,,,,,Individual water heater present or not present in the dwelling unit that solely serves the specific dwelling unit.
Input,yes,yes,string,no,build_existing_model.water_heater_location,,in.water_heater_location,in.water_heater_location,,,,,,,,,location of water heater.
Input,yes,yes,string,no,build_existing_model.window_areas,,in.window_areas,in.window_areas,,,,,,,,,"Window to wall ratios of the front, back, left, and right walls."
Input,yes,yes,string,no,build_existing_model.windows,,in.windows,in.windows,,,,,,,,,Construction type and efficiency levels of windows.
Input,yes,yes,float,no,build_existing_model.air_leakage_to_outside_ach_50,,in.air_leakage_to_outside_ach50,in.air_leakage_to_outside_ach_50,,,,,,,,,Total infiltration to the dwelling unit adjusted by ratio of exterior envelope surface area to total envelope surface area.
Input,no,no,boolean,no,build_existing_model.applicable,,in.applicable,in.applicable,,,,,,,,,The measure was applied to the workflow.
Input,no,no,string,no,build_existing_model.buildstock_csv_path,,in.buildstock_csv_path,in.buildstock_csv_path,,,,,,,,,Absolute/relative path of the buildstock CSV file. Relative is compared to the 'lib/housing_characteristics' directory.
Input,yes,yes,integer,no,build_existing_model.units_represented,,in.units_represented,in.units_represented,,,,,,,,,"The number of dwelling units this simulation represents, which is different than the weight field. Should always be one."
Input,no,no,string,no,build_existing_model.emissions_electricity_folders,,in.emissions_electricity_folders,in.emissions_electricity_folders,,,,,,,,,"Relative paths of electricity emissions factor schedule files with hourly values. Paths are relative to the resources folder. If multiple scenarios, use a comma-separated list. File names must contain GEA region names."
Input,no,no,string,no,build_existing_model.emissions_electricity_units,,in.emissions_electricity_units,in.emissions_electricity_units,,,,,,,,,"Electricity emissions factors units. If multiple scenarios, use a comma-separated list. Only lb/MWh and kg/MWh are allowed."
Input,no,no,string,no,build_existing_model.emissions_electricity_filepaths,,in.emissions_electricity_filepaths,in.emissions_electricity_filepaths,,,,,,,,,"Electricity emissions factors values, specified as either an annual factor or an absolute/relative path to a file with hourly factors. If multiple scenarios, use a comma-separated list."
Input,no,no,string,no,build_existing_model.emissions_fossil_fuel_units,,in.emissions_fossil_fuel_units,in.emissions_fossil_fuel_units,,,,,,,,,"Fossil fuel emissions factors units. If multiple scenarios, use a comma-separated list. Only lb/MBtu and kg/MBtu are allowed."
Input,no,no,float,no,build_existing_model.emissions_fuel_oil_values,,in.emissions_fuel_oil_values,in.emissions_fuel_oil_values,,,,,,,,,"Fuel oil emissions factors values, specified as an annual factor. If multiple scenarios, use a comma-separated list."
Input,no,no,string,no,build_existing_model.emissions_natural_gas_values,,in.emissions_natural_gas_values,in.emissions_natural_gas_values,,,,,,,,,"Natural gas emissions factors values, specified as an annual factor. If multiple scenarios, use a comma-separated list."
Input,no,no,float,no,build_existing_model.emissions_propane_values,,in.emissions_propane_values,in.emissions_propane_values,,,,,,,,,"Propane emissions factors values, specified as an annual factor. If multiple scenarios, use a comma-separated list."
Input,no,no,string,no,build_existing_model.emissions_scenario_names,,in.emissions_scenario_names,in.emissions_scenario_names,,,,,,,,,"Names of emissions scenarios. If multiple scenarios, use a comma-separated list."
Input,no,no,string,no,build_existing_model.emissions_types,,in.emissions_types,in.emissions_types,,,,,,,,,"Types of emissions (e.g., CO2e, NOx, etc.). If multiple scenarios, use a comma-separated list."
Input,no,no,float,no,build_existing_model.emissions_wood_values,,in.emissions_wood_values,in.emissions_wood_values,,,,,,,,,"Wood emissions factors values, specified as an annual factor. If multiple scenarios, use a comma-separated list."
Input,yes,yes,integer,no,build_existing_model.simulation_control_run_period_begin_day_of_month,,in.simulation_control_run_period_begin_day_of_month,in.simulation_control_run_period_begin_day_of_month,,,,,,,,,Starting day of the starting month (must be valid for month) for the annual run period desired.
Input,yes,yes,integer,no,build_existing_model.simulation_control_run_period_begin_month,,in.simulation_control_run_period_begin_month,in.simulation_control_run_period_begin_month,,,,,,,,,"Starting month number (1 = January, 2 = February, etc.) for the annual run period desired."
Input,yes,yes,integer,no,build_existing_model.simulation_control_run_period_calendar_year,,in.simulation_control_run_period_calendar_year,in.simulation_control_run_period_calendar_year,,,,,,,,,"Calendar year that determines the start day of week. If you are running simulations using AMY weather files, the value entered for calendar year will not be used; it will be overridden by the actual year found in the AMY weather file."
Input,yes,yes,integer,no,build_existing_model.simulation_control_run_period_end_day_of_month,,in.simulation_control_run_period_end_day_of_month,in.simulation_control_run_period_end_day_of_month,,,,,,,,,Ending day of the ending month (must be valid for month) for the annual run period desired.
Input,yes,yes,integer,no,build_existing_model.simulation_control_run_period_end_month,,in.simulation_control_run_period_end_month,in.simulation_control_run_period_end_month,,,,,,,,,"End month number (1 = January, 2 = February, etc.) for the annual run period desired."
Input,yes,yes,integer,no,build_existing_model.simulation_control_timestep,,in.simulation_control_timestep,in.simulation_control_timestep,,,,,,,,,Value must be a divisor of 60.
Input,no,no,string,no,build_existing_model.utility_bill_detailed_filepaths,,in.utility_bill_detailed_filepaths,in.utility_bill_detailed_filepaths,,,,,,,,,"Relative paths of detailed utility rates. Paths are relative to the resources folder. If multiple scenarios, use a comma-separated list. Files must contain the name of the Parameter as the column header."
Input,no,no,string,no,build_existing_model.utility_bill_electricity_filepaths,,in.utility_bill_electricity_filepaths,in.utility_bill_electricity_filepaths,,,,,,,,,"Electricity tariff file specified as an absolute/relative path to a file with utility rate structure information. Tariff file must be formatted to OpenEI API version 7. If multiple scenarios, use a comma-separated list."
Input,yes,yes,float,no,build_existing_model.utility_bill_electricity_fixed_charges,$/month,in.utility_bill_electricity_fixed_charges,in.utility_bill_electricity_fixed_charges,usd/month,,,,,,,,"Electricity utility bill monthly fixed charges. If multiple scenarios, use a comma-separated list."
Input,yes,yes,string,no,build_existing_model.utility_bill_electricity_marginal_rates,$/kWh,in.utility_bill_electricity_marginal_rates,in.utility_bill_electricity_marginal_rates,usd/kwh,,,,,,,,"Electricity utility bill marginal rates. If multiple scenarios, use a comma-separated list."
Input,yes,yes,float,no,build_existing_model.utility_bill_fuel_oil_fixed_charges,$/month,in.utility_bill_fuel_oil_fixed_charges,in.utility_bill_fuel_oil_fixed_charges,usd/month,,,,,,,,"Fuel oil utility bill monthly fixed charges. If multiple scenarios, use a comma-separated list."
Input,yes,yes,float,no,build_existing_model.utility_bill_fuel_oil_marginal_rates,$/gal,in.utility_bill_fuel_oil_marginal_rates,in.utility_bill_fuel_oil_marginal_rates,usd/gal,,,,,,,,"Fuel oil utility bill marginal rates. If multiple scenarios, use a comma-separated list."
Input,yes,yes,float,no,build_existing_model.utility_bill_natural_gas_fixed_charges,$/month,in.utility_bill_natural_gas_fixed_charges,in.utility_bill_natural_gas_fixed_charges,usd/month,,,,,,,,"Natural gas utility bill monthly fixed charges. If multiple scenarios, use a comma-separated list."
Input,yes,yes,float,no,build_existing_model.utility_bill_natural_gas_marginal_rates,$/therm,in.utility_bill_natural_gas_marginal_rates,in.utility_bill_natural_gas_marginal_rates,usd/therm,,,,,,,,"Natural gas utility bill marginal rates. If multiple scenarios, use a comma-separated list."
Input,yes,yes,float,no,build_existing_model.utility_bill_propane_fixed_charges,$/month,in.utility_bill_propane_fixed_charges,in.utility_bill_propane_fixed_charges,usd/month,,,,,,,,"Propane utility bill monthly fixed charges. If multiple scenarios, use a comma-separated list."
Input,yes,yes,float,no,build_existing_model.utility_bill_propane_marginal_rates,$/gal,in.utility_bill_propane_marginal_rates,in.utility_bill_propane_marginal_rates,usd/gal,,,,,,,,"Propane utility bill marginal rates. If multiple scenarios, use a comma-separated list."
Input,no,no,string,no,build_existing_model.utility_bill_pv_compensation_types,,in.utility_bill_pv_compensation_types,in.utility_bill_pv_compensation_types,,,,,,,,,"Utility bill PV compensation types. If multiple scenarios, use a comma-separated list."
Input,no,no,float,no,build_existing_model.utility_bill_pv_feed_in_tariff_rates,$/kWh,in.utility_bill_pv_feed_in_tariff_rates,in.utility_bill_pv_feed_in_tariff_rates,usd/kwh,,,,,,,,"Utility bill PV annual full/gross feed-in tariff rates. Only applies if the PV compensation type is 'FeedInTariff'. If multiple scenarios, use a comma-separated list."
Input,no,no,string,no,build_existing_model.utility_bill_pv_monthly_grid_connection_fee_units,,in.utility_bill_pv_monthly_grid_connection_fee_units,in.utility_bill_pv_monthly_grid_connection_fee_units,,,,,,,,,"Utility bill PV monthly grid connection fee units. If multiple scenarios, use a comma-separated list."
Input,no,no,float,no,build_existing_model.utility_bill_pv_monthly_grid_connection_fees,$/month,in.utility_bill_pv_monthly_grid_connection_fees,in.utility_bill_pv_monthly_grid_connection_fees,usd/month,,,,,,,,"Utility bill PV monthly grid connection fees. If multiple scenarios, use a comma-separated list."
Input,no,no,string,no,build_existing_model.utility_bill_pv_net_metering_annual_excess_sellback_rate_types,,in.utility_bill_pv_net_metering_annual_excess_sellback_rate_types,in.utility_bill_pv_net_metering_annual_excess_sellback_rate_types,,,,,,,,,"Utility bill PV net metering annual excess sellback rate types. Only applies if the PV compensation type is 'NetMetering'. If multiple scenarios, use a comma-separated list."
Input,no,no,float,no,build_existing_model.utility_bill_pv_net_metering_annual_excess_sellback_rates,$/kWh,in.utility_bill_pv_net_metering_annual_excess_sellback_rates,in.utility_bill_pv_net_metering_annual_excess_sellback_rates,usd/kwh,,,,,,,,"Utility bill PV net metering annual excess sellback rates. Only applies if the PV compensation type is 'NetMetering' and the PV annual excess sellback rate type is 'User-Specified'. If multiple scenarios, use a comma-separated list."
Input,no,no,string,no,build_existing_model.utility_bill_scenario_names,,in.utility_bill_scenario_names,in.utility_bill_scenario_names,,,,,,,,,"Names of utility bill scenarios. If multiple scenarios, use a comma-separated list."
Input,no,no,string,no,build_existing_model.utility_bill_simple_filepaths,,in.utility_bill_simple_filepaths,in.utility_bill_simple_filepaths,,,,,,,,,"Relative paths of simple utility rates. Paths are relative to the resources folder. If multiple scenarios, use a comma-separated list. Files must contain the name of the Parameter as the column header."
Input,no,no,float,no,build_existing_model.utility_bill_wood_fixed_charges,$/month,in.utility_bill_wood_fixed_charges,in.utility_bill_wood_fixed_charges,usd/month,,,,,,,,"Wood utility bill monthly fixed charges. If multiple scenarios, use a comma-separated list."
Input,no,no,float,no,build_existing_model.utility_bill_wood_marginal_rates,$/kBtu,in.utility_bill_wood_marginal_rates,in.utility_bill_wood_marginal_rates,usd/kbtu,,,,,,,,"Wood utility bill marginal rates. If multiple scenarios, use a comma-separated list."
Input,yes,yes,string,no,build_existing_model.weather_file_city,,in.weather_file_city,in.weather_file_city,,,,,,,,,City from the EPW weather file.
Input,yes,yes,float,no,build_existing_model.weather_file_latitude,,in.as_simulated_weather_file_latitude,in.as_simulated_weather_file_latitude,,,,,,,,,Latitude from the EPW weather file.
Input,yes,yes,float,no,build_existing_model.weather_file_longitude,,in.as_simulated_weather_file_longitude,in.as_simulated_weather_file_longitude,,,,,,,,,Longitude from the EPW weather file.
Input,yes,yes,string,no,build_existing_model.heating_unavailable_period,,in.heating_unavailable_period,in.heating_unavailable_period,,,,,,,,,Date range when the heating system is unavailable.
Input,yes,yes,string,no,build_existing_model.cooling_unavailable_period,,in.cooling_unavailable_period,in.cooling_unavailable_period,,,,,,,,,Date range when the cooling system is unavailable.
Output,yes,yes,float,no,upgrade_costs.door_area_ft_2,ft^2,out.params.door_area..ft2,out.params.door_area_ft_2,ft2,1,,,,,,,Door Area
Output,yes,yes,float,no,upgrade_costs.duct_unconditioned_surface_area_ft_2,ft^2,out.params.duct_unconditioned_surface_area..ft2,out.params.duct_unconditioned_surface_area_ft_2,ft2,1,,,,,,,Duct Unconditioned Surface Area
Output,yes,yes,float,no,upgrade_costs.floor_area_attic_ft_2,ft^2,out.params.floor_area_attic..ft2,out.params.floor_area_attic_ft_2,ft2,1,,,,,,,"Floor Area, Attic"
Output,yes,yes,float,no,upgrade_costs.floor_area_attic_insulation_increase_ft_2_delta_r_value,ft^2 * Delta R-value,out.params.floor_area_attic_insulation_increase..ft2_delta_r_value,out.params.floor_area_attic_insulation_increase_ft_2_delta_r_value,r_value,1,,,,,,,"Floor Area, Attic * Insulation Increase"
Output,yes,yes,float,no,upgrade_costs.floor_area_conditioned_infiltration_reduction_ft_2_delta_ach_50,ft^2 * Delta ACH50,out.params.floor_area_conditioned_infiltration_reduction..ft2_delta_ach50,out.params.floor_area_conditioned_infiltration_reduction_ft_2_delta_ach_50,ach_50,1,,,,,,,"Floor Area, Conditioned * Infiltration Reduction"
Output,yes,yes,float,no,upgrade_costs.floor_area_foundation_ft_2,ft^2,out.params.floor_area_foundation..ft2,out.params.floor_area_foundation_ft_2,ft2,1,,,,,,,"Floor Area, Foundation"
Output,yes,yes,float,no,upgrade_costs.floor_area_lighting_ft_2,ft^2,out.params.floor_area_lighting..ft2,out.params.floor_area_lighting_ft_2,ft2,1,,,,,,,"Floor Area, Lighting"
Output,yes,yes,float,no,upgrade_costs.flow_rate_mechanical_ventilation_cfm,cfm,out.params.flow_rate_mechanical_ventilation..cfm,out.params.flow_rate_mechanical_ventilation_cfm,cfm,1,,,,,,,"Flow Rate, Mechanical Ventilation"
Output,yes,yes,float,no,upgrade_costs.rim_joist_area_above_grade_exterior_ft_2,ft^2,out.params.rim_joist_area_above_grade_exterior..ft2,out.params.rim_joist_area_above_grade_exterior_ft_2,ft2,1,,,,,,,"Rim Joist Area, Above-Grade, Exterior"
Output,yes,yes,float,no,upgrade_costs.roof_area_ft_2,ft^2,out.params.roof_area..ft2,out.params.roof_area_ft_2,ft2,1,,,,,,,Roof Area
Output,yes,yes,float,no,upgrade_costs.size_cooling_system_primary_k_btu_h,kBtu/h,out.params.size_cooling_system_primary..kbtu_per_hr,out.params.size_cooling_system_primary_k_btu_h,k_btu_h,1,,,,,,,"Size, Cooling System Primary"
Output,yes,yes,float,no,upgrade_costs.size_heat_pump_backup_primary_k_btu_h,kBtu/h,out.params.size_heat_pump_backup_primary..kbtu_per_hr,out.params.size_heat_pump_backup_primary_k_btu_h,k_btu_h,1,,,,,,,"Size, Heat Pump Backup Primary"
Output,yes,yes,float,no,upgrade_costs.size_heating_system_primary_k_btu_h,kBtu/h,out.params.size_heating_system_primary..kbtu_per_hr,out.params.size_heating_system_primary_k_btu_h,k_btu_h,1,,,,,,,"Size, Heating System Primary"
Output,yes,yes,float,no,upgrade_costs.size_heating_system_secondary_k_btu_h,kBtu/h,out.params.size_heating_system_secondary..kbtu_per_hr,out.params.size_heating_system_secondary_k_btu_h,k_btu_h,1,,,,,,,"Size, Heating System Secondary"
Output,yes,yes,float,no,upgrade_costs.size_water_heater_gal,gal,out.params.size_water_heater..gal,out.params.size_water_heater_gal,gal,1,,,,,,,"Size, Water Heater"
Output,yes,yes,float,no,upgrade_costs.slab_perimeter_exposed_conditioned_ft,ft,out.params.slab_perimeter_exposed_conditioned..ft,out.params.slab_perimeter_exposed_conditioned_ft,ft,1,,,,,,,"Slab Perimeter, Exposed, Conditioned"
Output,yes,yes,float,no,upgrade_costs.wall_area_above_grade_conditioned_ft_2,ft^2,out.params.wall_area_above_grade_conditioned..ft2,out.params.wall_area_above_grade_conditioned_ft_2,ft2,1,,,,,,,"Wall Area, Above-Grade, Conditioned"
Output,yes,yes,float,no,upgrade_costs.wall_area_above_grade_exterior_ft_2,ft^2,out.params.wall_area_above_grade_exterior..ft2,out.params.wall_area_above_grade_exterior_ft_2,ft2,1,,,,,,,"Wall Area, Above-Grade, Exterior"
Output,yes,yes,float,no,upgrade_costs.wall_area_below_grade_ft_2,ft^2,out.params.wall_area_below_grade..ft2,out.params.wall_area_below_grade_ft_2,ft2,1,,,,,,,"Wall Area, Below-Grade"
Output,yes,yes,float,no,upgrade_costs.window_area_ft_2,ft^2,out.params.window_area..ft2,out.params.window_area_ft_2,ft2,1,,,,,,,Window Area
Output,yes,yes,integer,no,report_simulation_output.hvac_geothermal_loop_borehole_trench_count,,out.params.hvac_geothermal_loop_borehole_trench_count,out.params.hvac_geothermal_loop_borehole_trench_count,,1,,,,,,,Number of boreholes used for the geothermal heat pump system.
Output,yes,yes,float,no,report_simulation_output.hvac_geothermal_loop_borehole_trench_length_ft,ft,out.params.hvac_geothermal_loop_borehole_trench_length..ft,out.params.hvac_geothermal_loop_borehole_trench_length_ft,ft,1,,,,,,,Single borehole length used for the geothermal heat pump system. Multiply by number of boreholes for total length.
Output,no,no,float,no,report_simulation_output.end_use_electricity_battery_m_btu,MBtu,out.electricity.battery.energy_consumption..kwh,out.electricity.battery.energy_consumption,kwh,293.0710702,End Use: Electricity: Battery,kWh,out.electricity.battery.energy_consumption..kwh,out.electricity.battery.energy_consumption..kwh,kWh,1,Electricity consumed by battery. Positive value for charging (including efficiency losses); negative value for discharging.
Output,yes,yes,float,yes,report_simulation_output.end_use_electricity_ceiling_fan_m_btu,MBtu,out.electricity.ceiling_fan.energy_consumption..kwh,out.electricity.ceiling_fan.energy_consumption,kwh,293.0710702,End Use: Electricity: Ceiling Fan,kWh,out.electricity.ceiling_fan.energy_consumption..kwh,out.electricity.ceiling_fan.energy_consumption..kwh,kWh,1,Electricity consumed by ceiling fan.
Output,yes,yes,float,yes,report_simulation_output.end_use_electricity_clothes_dryer_m_btu,MBtu,out.electricity.clothes_dryer.energy_consumption..kwh,out.electricity.clothes_dryer.energy_consumption,kwh,293.0710702,End Use: Electricity: Clothes Dryer,kWh,out.electricity.clothes_dryer.energy_consumption..kwh,out.electricity.clothes_dryer.energy_consumption..kwh,kWh,1,Electricity consumed by clothes dryer.
Output,yes,yes,float,yes,report_simulation_output.end_use_electricity_clothes_washer_m_btu,MBtu,out.electricity.clothes_washer.energy_consumption..kwh,out.electricity.clothes_washer.energy_consumption,kwh,293.0710702,End Use: Electricity: Clothes Washer,kWh,out.electricity.clothes_washer.energy_consumption..kwh,out.electricity.clothes_washer.energy_consumption..kwh,kWh,1,Electricity consumed by clothes washer.
Output,yes,yes,float,yes,report_simulation_output.end_use_electricity_cooling_fans_pumps_m_btu,MBtu,out.electricity.cooling_fans_pumps.energy_consumption..kwh,out.electricity.cooling_fans_pumps.energy_consumption,kwh,293.0710702,End Use: Electricity: Cooling Fans/Pumps,kWh,out.electricity.cooling_fans_pumps.energy_consumption..kwh,out.electricity.cooling_fans_pumps.energy_consumption..kwh,kWh,1,Electricity consumed by supply fan (air distribution) or circulating pump (geothermal loop) during cooling.
Output,yes,yes,float,yes,report_simulation_output.end_use_electricity_cooling_m_btu,MBtu,out.electricity.cooling.energy_consumption..kwh,out.electricity.cooling.energy_consumption,kwh,293.0710702,End Use: Electricity: Cooling,kWh,out.electricity.cooling.energy_consumption..kwh,out.electricity.cooling.energy_consumption..kwh,kWh,1,Electricity consumed by cooling systems excludes usage by fans/pumps.
Output,no,no,float,no,report_simulation_output.end_use_electricity_dehumidifier_m_btu,MBtu,out.electricity.dehumidifier.energy_consumption..kwh,out.electricity.dehumidifier.energy_consumption,kwh,293.0710702,End Use: Electricity: Dehumidifier,kWh,out.electricity.dehumidifier.energy_consumption..kwh,out.electricity.dehumidifier.energy_consumption..kwh,kWh,1,Electricity consumed by dehumidifier.
Output,yes,yes,float,yes,report_simulation_output.end_use_electricity_dishwasher_m_btu,MBtu,out.electricity.dishwasher.energy_consumption..kwh,out.electricity.dishwasher.energy_consumption,kwh,293.0710702,End Use: Electricity: Dishwasher,kWh,out.electricity.dishwasher.energy_consumption..kwh,out.electricity.dishwasher.energy_consumption..kwh,kWh,1,Electricity consumed by dishwasher. 
Output,yes,yes,float,yes,report_simulation_output.end_use_electricity_electric_vehicle_charging_m_btu,MBtu,out.electricity.ev_charging.energy_consumption..kwh,out.electricity.ev_charging.energy_consumption,kwh,293.0710702,End Use: Electricity: Electric Vehicle Charging,kWh,out.electricity.ev_charging.energy_consumption..kwh,out.electricity.ev_charging.energy_consumption..kwh,kWh,1,Electricity consumed by electric vehicle charging.
Output,yes,yes,float,yes,report_simulation_output.end_use_electricity_freezer_m_btu,MBtu,out.electricity.freezer.energy_consumption..kwh,out.electricity.freezer.energy_consumption,kwh,293.0710702,End Use: Electricity: Freezer,kWh,out.electricity.freezer.energy_consumption..kwh,out.electricity.freezer.energy_consumption..kwh,kWh,1,Electricity consumed by standalone freezers.
Output,no,no,float,no,report_simulation_output.end_use_electricity_generator_m_btu,MBtu,out.electricity.generator.energy_consumption..kwh,out.electricity.generator.energy_consumption,kwh,293.0710702,End Use: Electricity: Generator,kWh,out.electricity.generator.energy_consumption..kwh,out.electricity.generator.energy_consumption..kwh,kWh,1,Electricity consumed by generator. Negative value for any power produced.
Output,yes,yes,float,yes,report_simulation_output.end_use_electricity_heating_fans_pumps_m_btu,MBtu,out.electricity.heating_fans_pumps.energy_consumption..kwh,out.electricity.heating_fans_pumps.energy_consumption,kwh,293.0710702,End Use: Electricity: Heating Fans/Pumps,kWh,out.electricity.heating_fans_pumps.energy_consumption..kwh,out.electricity.heating_fans_pumps.energy_consumption..kwh,kWh,1,Electricity consumed by supply fan (air distribution) or circulating pump (hydronic distribution or geothermal loop) during heating.
Output,yes,yes,float,yes,report_simulation_output.end_use_electricity_heating_heat_pump_backup_m_btu,MBtu,out.electricity.heating_hp_bkup.energy_consumption..kwh,out.electricity.heating_hp_bkup.energy_consumption,kwh,293.0710702,End Use: Electricity: Heating Heat Pump Backup,kWh,out.electricity.heating_hp_bkup.energy_consumption..kwh,out.electricity.heating_hp_bkup.energy_consumption..kwh,kWh,1,"Electricity consumed by heat pump backup, excludes usage by heat pump backup fans/pumps."
Output,yes,yes,float,yes,report_simulation_output.end_use_electricity_heating_heat_pump_backup_fans_pumps_m_btu,MBtu,out.electricity.heating_hp_bkup_fa.energy_consumption..kwh,out.electricity.heating_hp_bkup_fa.energy_consumption,kwh,293.0710702,End Use: Electricity: Heating Heat Pump Backup Fans/Pumps,kWh,out.electricity.heating_hp_bkup_fa.energy_consumption..kwh,out.electricity.heating_hp_bkup_fa.energy_consumption..kwh,kWh,1,Electricity consumed by supply fan (air distribution) or circulating pump (hydronic distribution) during heat pump backup.
Output,yes,yes,float,yes,report_simulation_output.end_use_electricity_heating_m_btu,MBtu,out.electricity.heating.energy_consumption..kwh,out.electricity.heating.energy_consumption,kwh,293.0710702,End Use: Electricity: Heating,kWh,out.electricity.heating.energy_consumption..kwh,out.electricity.heating.energy_consumption..kwh,kWh,1,Electricity consumed by heating systems excludes usage by fans/pumps.
Output,yes,yes,float,yes,report_simulation_output.end_use_electricity_permanent_spa_heater_m_btu,MBtu,out.electricity.permanent_spa_heat.energy_consumption..kwh,out.electricity.permanent_spa_heat.energy_consumption,kwh,293.0710702,End Use: Electricity: Permanent Spa Heater,kWh,out.electricity.permanent_spa_heat.energy_consumption..kwh,out.electricity.permanent_spa_heat.energy_consumption..kwh,kWh,1,Electricity consumed by spa heating.
Output,yes,yes,float,yes,report_simulation_output.end_use_electricity_permanent_spa_pump_m_btu,MBtu,out.electricity.permanent_spa_pump.energy_consumption..kwh,out.electricity.permanent_spa_pump.energy_consumption,kwh,293.0710702,End Use: Electricity: Permanent Spa Pump,kWh,out.electricity.permanent_spa_pump.energy_consumption..kwh,out.electricity.permanent_spa_pump.energy_consumption..kwh,kWh,1,Electricity consumed by spa pump.
Output,yes,yes,float,yes,report_simulation_output.end_use_electricity_hot_water_m_btu,MBtu,out.electricity.hot_water.energy_consumption..kwh,out.electricity.hot_water.energy_consumption,kwh,293.0710702,End Use: Electricity: Hot Water,kWh,out.electricity.hot_water.energy_consumption..kwh,out.electricity.hot_water.energy_consumption..kwh,kWh,1,Electricity consumed by hot water system excludes recirc pump and solar thermal pump. 
Output,no,no,float,no,report_simulation_output.end_use_electricity_hot_water_recirc_pump_m_btu,MBtu,out.electricity.hot_water_recirc_p.energy_consumption..kwh,out.electricity.hot_water_recirc_p.energy_consumption,kwh,293.0710702,End Use: Electricity: Hot Water Recirc Pump,kWh,out.electricity.hot_water_recirc_p.energy_consumption..kwh,out.electricity.hot_water_recirc_p.energy_consumption..kwh,kWh,1,Electricity consumed by hot water recirc pump and solar thermal pump. 
Output,yes,yes,float,yes,report_simulation_output.end_use_electricity_hot_water_solar_thermal_pump_m_btu,MBtu,out.electricity.hot_water_solar_th.energy_consumption..kwh,out.electricity.hot_water_solar_th.energy_consumption,kwh,293.0710702,End Use: Electricity: Hot Water Solar Thermal Pump,kWh,out.electricity.hot_water_solar_th.energy_consumption..kwh,out.electricity.hot_water_solar_th.energy_consumption..kwh,kWh,1,Electricity consumed by solar thermal hot water system. Non-zero only when using detailed (not simple) solar thermal inputs
Output,yes,yes,float,yes,report_simulation_output.end_use_electricity_lighting_exterior_m_btu,MBtu,out.electricity.lighting_exterior.energy_consumption..kwh,out.electricity.lighting_exterior.energy_consumption,kwh,293.0710702,End Use: Electricity: Lighting Exterior,kWh,out.electricity.lighting_exterior.energy_consumption..kwh,out.electricity.lighting_exterior.energy_consumption..kwh,kWh,1,"Electricity consumed by exterior lighting, includes exterior holiday lighting."
Output,yes,yes,float,yes,report_simulation_output.end_use_electricity_lighting_garage_m_btu,MBtu,out.electricity.lighting_garage.energy_consumption..kwh,out.electricity.lighting_garage.energy_consumption,kwh,293.0710702,End Use: Electricity: Lighting Garage,kWh,out.electricity.lighting_garage.energy_consumption..kwh,out.electricity.lighting_garage.energy_consumption..kwh,kWh,1,Electricity consumed by lighting in the garage.
Output,yes,yes,float,yes,report_simulation_output.end_use_electricity_lighting_interior_m_btu,MBtu,out.electricity.lighting_interior.energy_consumption..kwh,out.electricity.lighting_interior.energy_consumption,kwh,293.0710702,End Use: Electricity: Lighting Interior,kWh,out.electricity.lighting_interior.energy_consumption..kwh,out.electricity.lighting_interior.energy_consumption..kwh,kWh,1,Electricity consumed by interior lighting.
Output,yes,yes,float,yes,report_simulation_output.end_use_electricity_mech_vent_m_btu,MBtu,out.electricity.mech_vent.energy_consumption..kwh,out.electricity.mech_vent.energy_consumption,kwh,293.0710702,End Use: Electricity: Mech Vent,kWh,out.electricity.mech_vent.energy_consumption..kwh,out.electricity.mech_vent.energy_consumption..kwh,kWh,1,"Electricity consumed by mechanical ventilation system, excludes preheating/precooling"
Output,no,no,float,no,report_simulation_output.end_use_electricity_mech_vent_precooling_m_btu,MBtu,out.electricity.mech_vent_precool.energy_consumption..kwh,out.electricity.mech_vent_precool.energy_consumption,kwh,293.0710702,End Use: Electricity: Mech Vent Precooling,kWh,out.electricity.mech_vent_precool.energy_consumption..kwh,out.electricity.mech_vent_precool.energy_consumption..kwh,kWh,1,Electricity consumed by mechanical ventilation for precooling.
Output,no,no,float,no,report_simulation_output.end_use_electricity_mech_vent_preheating_m_btu,MBtu,out.electricity.mech_vent_preheat.energy_consumption..kwh,out.electricity.mech_vent_preheat.energy_consumption,kwh,293.0710702,End Use: Electricity: Mech Vent Preheating,kWh,out.electricity.mech_vent_preheat.energy_consumption..kwh,out.electricity.mech_vent_preheat.energy_consumption..kwh,kWh,1,Electricity consumed by mechanical ventilation for preheating.
Output,yes,yes,float,yes,report_simulation_output.end_use_electricity_plug_loads_m_btu,MBtu,out.electricity.plug_loads.energy_consumption..kwh,out.electricity.plug_loads.energy_consumption,kwh,293.0710702,End Use: Electricity: Plug Loads,kWh,out.electricity.plug_loads.energy_consumption..kwh,out.electricity.plug_loads.energy_consumption..kwh,kWh,1,"Electricity consumed by plug loads, excludes independently reported plug loads (e.g., well pump)."
Output,yes,yes,float,yes,report_simulation_output.end_use_electricity_pool_heater_m_btu,MBtu,out.electricity.pool_heater.energy_consumption..kwh,out.electricity.pool_heater.energy_consumption,kwh,293.0710702,End Use: Electricity: Pool Heater,kWh,out.electricity.pool_heater.energy_consumption..kwh,out.electricity.pool_heater.energy_consumption..kwh,kWh,1,Electricity consumed by pool heater.
Output,yes,yes,float,yes,report_simulation_output.end_use_electricity_pool_pump_m_btu,MBtu,out.electricity.pool_pump.energy_consumption..kwh,out.electricity.pool_pump.energy_consumption,kwh,293.0710702,End Use: Electricity: Pool Pump,kWh,out.electricity.pool_pump.energy_consumption..kwh,out.electricity.pool_pump.energy_consumption..kwh,kWh,1,Electricity consumed by pool pump.
Output,yes,yes,float,yes,report_simulation_output.end_use_electricity_pv_m_btu,MBtu,out.electricity.pv.energy_consumption..kwh,out.electricity.pv.energy_consumption,kwh,293.0710702,End Use: Electricity: PV,kWh,out.electricity.pv.energy_consumption..kwh,out.electricity.pv.energy_consumption..kwh,kWh,1,Energy produced by rooftop PV systems. Negative value for any power produced
Output,yes,yes,float,yes,report_simulation_output.end_use_electricity_range_oven_m_btu,MBtu,out.electricity.range_oven.energy_consumption..kwh,out.electricity.range_oven.energy_consumption,kwh,293.0710702,End Use: Electricity: Range/Oven,kWh,out.electricity.range_oven.energy_consumption..kwh,out.electricity.range_oven.energy_consumption..kwh,kWh,1,Electricity consumed by range oven.
Output,yes,yes,float,yes,report_simulation_output.end_use_electricity_refrigerator_m_btu,MBtu,out.electricity.refrigerator.energy_consumption..kwh,out.electricity.refrigerator.energy_consumption,kwh,293.0710702,End Use: Electricity: Refrigerator,kWh,out.electricity.refrigerator.energy_consumption..kwh,out.electricity.refrigerator.energy_consumption..kwh,kWh,1,Electricity consumed by refrigerator. 
Output,yes,yes,float,yes,report_simulation_output.end_use_electricity_television_m_btu,MBtu,out.electricity.television.energy_consumption..kwh,out.electricity.television.energy_consumption,kwh,293.0710702,End Use: Electricity: Television,kWh,out.electricity.television.energy_consumption..kwh,out.electricity.television.energy_consumption..kwh,kWh,1,Electricity consumed by television.
Output,yes,yes,float,yes,report_simulation_output.end_use_electricity_well_pump_m_btu,MBtu,out.electricity.well_pump.energy_consumption..kwh,out.electricity.well_pump.energy_consumption,kwh,293.0710702,End Use: Electricity: Well Pump,kWh,out.electricity.well_pump.energy_consumption..kwh,out.electricity.well_pump.energy_consumption..kwh,kWh,1,Electricity consumed by well pump.
Output,no,no,float,no,report_simulation_output.end_use_electricity_whole_house_fan_m_btu,MBtu,out.electricity.whole_house_fan.energy_consumption..kwh,out.electricity.whole_house_fan.energy_consumption,kwh,293.0710702,End Use: Electricity: Whole House Fan,kWh,out.electricity.whole_house_fan.energy_consumption..kwh,out.electricity.whole_house_fan.energy_consumption..kwh,kWh,1,Electricity consumed by whole house fan system.
Output,no,no,float,no,report_simulation_output.end_use_fuel_oil_clothes_dryer_m_btu,MBtu,out.fuel_oil.clothes_dryer.energy_consumption..kwh,out.fuel_oil.clothes_dryer.energy_consumption,kwh,293.0710702,End Use: Fuel Oil: Clothes Dryer,kBtu,out.fuel_oil.clothes_dryer.energy_consumption..kwh,out.fuel_oil.clothes_dryer.energy_consumption..kwh,kWh,0.29307107,Fuel oil consumed by clothes dryer.
Output,no,no,float,no,report_simulation_output.end_use_fuel_oil_fireplace_m_btu,MBtu,out.fuel_oil.fireplace.energy_consumption..kwh,out.fuel_oil.fireplace.energy_consumption,kwh,293.0710702,End Use: Fuel Oil: Fireplace,kBtu,out.fuel_oil.fireplace.energy_consumption..kwh,out.fuel_oil.fireplace.energy_consumption..kwh,kWh,0.29307107,Fuel oil consumed by oil fireplace.
Output,no,no,float,no,report_simulation_output.end_use_fuel_oil_generator_m_btu,MBtu,out.fuel_oil.generator.energy_consumption..kwh,out.fuel_oil.generator.energy_consumption,kwh,293.0710702,End Use: Fuel Oil: Generator,kBtu,out.fuel_oil.generator.energy_consumption..kwh,out.fuel_oil.generator.energy_consumption..kwh,kWh,0.29307107,Fuel oil consumed by oil generator. Positive value for any fuel consumed.
Output,no,no,float,no,report_simulation_output.end_use_fuel_oil_grill_m_btu,MBtu,out.fuel_oil.grill.energy_consumption..kwh,out.fuel_oil.grill.energy_consumption,kwh,293.0710702,End Use: Fuel Oil: Grill,kBtu,out.fuel_oil.grill.energy_consumption..kwh,out.fuel_oil.grill.energy_consumption..kwh,kWh,0.29307107,Fuel oil consumed by oil grill.
Output,yes,yes,float,yes,report_simulation_output.end_use_fuel_oil_heating_heat_pump_backup_m_btu,MBtu,out.fuel_oil.heating_hp_bkup.energy_consumption..kwh,out.fuel_oil.heating_hp_bkup.energy_consumption,kwh,293.0710702,End Use: Fuel Oil: Heating Heat Pump Backup,kBtu,out.fuel_oil.heating_hp_bkup.energy_consumption..kwh,out.fuel_oil.heating_hp_bkup.energy_consumption..kwh,kWh,0.29307107,Fuel oil consumed by heat pump backup.
Output,yes,yes,float,yes,report_simulation_output.end_use_fuel_oil_heating_m_btu,MBtu,out.fuel_oil.heating.energy_consumption..kwh,out.fuel_oil.heating.energy_consumption,kwh,293.0710702,End Use: Fuel Oil: Heating,kBtu,out.fuel_oil.heating.energy_consumption..kwh,out.fuel_oil.heating.energy_consumption..kwh,kWh,0.29307107,"Fuel oil consumed by fuel oil heating systems, excludes heat pump backup."
Output,yes,yes,float,yes,report_simulation_output.end_use_fuel_oil_hot_water_m_btu,MBtu,out.fuel_oil.hot_water.energy_consumption..kwh,out.fuel_oil.hot_water.energy_consumption,kwh,293.0710702,End Use: Fuel Oil: Hot Water,kBtu,out.fuel_oil.hot_water.energy_consumption..kwh,out.fuel_oil.hot_water.energy_consumption..kwh,kWh,0.29307107,Fuel oil consumed by fuel oil hot water systems
Output,no,no,float,no,report_simulation_output.end_use_fuel_oil_lighting_m_btu,MBtu,out.fuel_oil.lighting.energy_consumption..kwh,out.fuel_oil.lighting.energy_consumption,kwh,293.0710702,End Use: Fuel Oil: Lighting,kBtu,out.fuel_oil.lighting.energy_consumption..kwh,out.fuel_oil.lighting.energy_consumption..kwh,kWh,0.29307107,Fuel oil consumed by oil lighting.
Output,no,no,float,no,report_simulation_output.end_use_fuel_oil_mech_vent_preheating_m_btu,MBtu,out.fuel_oil.mech_vent_preheating.energy_consumption..kwh,out.fuel_oil.mech_vent_preheating.energy_consumption,kwh,293.0710702,End Use: Fuel Oil: Mech Vent Preheating,kBtu,out.fuel_oil.mech_vent_preheating.energy_consumption..kwh,out.fuel_oil.mech_vent_preheating.energy_consumption..kwh,kWh,0.29307107,Fuel oil consumed by mechanical ventilation for preheating.
Output,no,no,float,no,report_simulation_output.end_use_fuel_oil_range_oven_m_btu,MBtu,out.fuel_oil.range_oven.energy_consumption..kwh,out.fuel_oil.range_oven.energy_consumption,kwh,293.0710702,End Use: Fuel Oil: Range/Oven,kBtu,out.fuel_oil.range_oven.energy_consumption..kwh,out.fuel_oil.range_oven.energy_consumption..kwh,kWh,0.29307107,Fuel oil consumed by range and oven.
Output,yes,yes,float,yes,report_simulation_output.end_use_natural_gas_clothes_dryer_m_btu,MBtu,out.natural_gas.clothes_dryer.energy_consumption..kwh,out.natural_gas.clothes_dryer.energy_consumption,kwh,293.0710702,End Use: Natural Gas: Clothes Dryer,kBtu,out.natural_gas.clothes_dryer.energy_consumption..kwh,out.natural_gas.clothes_dryer.energy_consumption..kwh,kWh,0.29307107,Natural gas consumed by natural gas clothes dryers.
Output,yes,yes,float,yes,report_simulation_output.end_use_natural_gas_fireplace_m_btu,MBtu,out.natural_gas.fireplace.energy_consumption..kwh,out.natural_gas.fireplace.energy_consumption,kwh,293.0710702,End Use: Natural Gas: Fireplace,kBtu,out.natural_gas.fireplace.energy_consumption..kwh,out.natural_gas.fireplace.energy_consumption..kwh,kWh,0.29307107,Natural gas consumed by natural gas fireplaces.
Output,no,no,float,no,report_simulation_output.end_use_natural_gas_generator_m_btu,MBtu,out.natural_gas.generator.energy_consumption..kwh,out.natural_gas.generator.energy_consumption,kwh,293.0710702,End Use: Natural Gas: Generator,kBtu,out.natural_gas.generator.energy_consumption..kwh,out.natural_gas.generator.energy_consumption..kwh,kWh,0.29307107,Natural gas consumed by natural gas generator. Positive value for any fuel consumed.
Output,yes,yes,float,yes,report_simulation_output.end_use_natural_gas_grill_m_btu,MBtu,out.natural_gas.grill.energy_consumption..kwh,out.natural_gas.grill.energy_consumption,kwh,293.0710702,End Use: Natural Gas: Grill,kBtu,out.natural_gas.grill.energy_consumption..kwh,out.natural_gas.grill.energy_consumption..kwh,kWh,0.29307107,Natural gas consumed by natural gas grills.
Output,yes,yes,float,yes,report_simulation_output.end_use_natural_gas_heating_heat_pump_backup_m_btu,MBtu,out.natural_gas.heating_hp_bkup.energy_consumption..kwh,out.natural_gas.heating_hp_bkup.energy_consumption,kwh,293.0710702,End Use: Natural Gas: Heating Heat Pump Backup,kBtu,out.natural_gas.heating_hp_bkup.energy_consumption..kwh,out.natural_gas.heating_hp_bkup.energy_consumption..kwh,kWh,0.29307107,Natural gas consumed by heat pump backup.
Output,yes,yes,float,yes,report_simulation_output.end_use_natural_gas_heating_m_btu,MBtu,out.natural_gas.heating.energy_consumption..kwh,out.natural_gas.heating.energy_consumption,kwh,293.0710702,End Use: Natural Gas: Heating,kBtu,out.natural_gas.heating.energy_consumption..kwh,out.natural_gas.heating.energy_consumption..kwh,kWh,0.29307107,"Natural gas consumed by natural gas heating systems, excludes heat pump backup."
Output,yes,yes,float,yes,report_simulation_output.end_use_natural_gas_permanent_spa_heater_m_btu,MBtu,out.natural_gas.permanent_spa_heat.energy_consumption..kwh,out.natural_gas.permanent_spa_heat.energy_consumption,kwh,293.0710702,End Use: Natural Gas: Permanent Spa Heater,kBtu,out.natural_gas.permanent_spa_heat.energy_consumption..kwh,out.natural_gas.permanent_spa_heat.energy_consumption..kwh,kWh,0.29307107,Natural gas consumed by spa heating.
Output,yes,yes,float,yes,report_simulation_output.end_use_natural_gas_hot_water_m_btu,MBtu,out.natural_gas.hot_water.energy_consumption..kwh,out.natural_gas.hot_water.energy_consumption,kwh,293.0710702,End Use: Natural Gas: Hot Water,kBtu,out.natural_gas.hot_water.energy_consumption..kwh,out.natural_gas.hot_water.energy_consumption..kwh,kWh,0.29307107,Natural gas consumed by natural gas hot water systems.
Output,yes,yes,float,yes,report_simulation_output.end_use_natural_gas_lighting_m_btu,MBtu,out.natural_gas.lighting.energy_consumption..kwh,out.natural_gas.lighting.energy_consumption,kwh,293.0710702,End Use: Natural Gas: Lighting,kBtu,out.natural_gas.lighting.energy_consumption..kwh,out.natural_gas.lighting.energy_consumption..kwh,kWh,0.29307107,Natural gas consumed by natural gas lighting.
Output,no,no,float,no,report_simulation_output.end_use_natural_gas_mech_vent_preheating_m_btu,MBtu,out.natural_gas.mech_vent_preheat.energy_consumption..kwh,out.natural_gas.mech_vent_preheat.energy_consumption,kwh,293.0710702,End Use: Natural Gas: Mech Vent Preheating,kBtu,out.natural_gas.mech_vent_preheat.energy_consumption..kwh,out.natural_gas.mech_vent_preheat.energy_consumption..kwh,kWh,0.29307107,Natural gas consumed by mechanical ventilation for preheating.
Output,yes,yes,float,yes,report_simulation_output.end_use_natural_gas_pool_heater_m_btu,MBtu,out.natural_gas.pool_heater.energy_consumption..kwh,out.natural_gas.pool_heater.energy_consumption,kwh,293.0710702,End Use: Natural Gas: Pool Heater,kBtu,out.natural_gas.pool_heater.energy_consumption..kwh,out.natural_gas.pool_heater.energy_consumption..kwh,kWh,0.29307107,Natural gas consumed by natural gas pool heaters.
Output,yes,yes,float,yes,report_simulation_output.end_use_natural_gas_range_oven_m_btu,MBtu,out.natural_gas.range_oven.energy_consumption..kwh,out.natural_gas.range_oven.energy_consumption,kwh,293.0710702,End Use: Natural Gas: Range/Oven,kBtu,out.natural_gas.range_oven.energy_consumption..kwh,out.natural_gas.range_oven.energy_consumption..kwh,kWh,0.29307107,Natural gas consumed by natural gas range and oven.
Output,yes,yes,float,yes,report_simulation_output.end_use_propane_clothes_dryer_m_btu,MBtu,out.propane.clothes_dryer.energy_consumption..kwh,out.propane.clothes_dryer.energy_consumption,kwh,293.0710702,End Use: Propane: Clothes Dryer,kBtu,out.propane.clothes_dryer.energy_consumption..kwh,out.propane.clothes_dryer.energy_consumption..kwh,kWh,0.29307107,Propane consumed by propane clothes dryers.
Output,no,no,float,no,report_simulation_output.end_use_propane_fireplace_m_btu,MBtu,out.propane.fireplace.energy_consumption..kwh,out.propane.fireplace.energy_consumption,kwh,293.0710702,End Use: Propane: Fireplace,kBtu,out.propane.fireplace.energy_consumption..kwh,out.propane.fireplace.energy_consumption..kwh,kWh,0.29307107,Propane consumed by propane fireplace.
Output,no,no,float,no,report_simulation_output.end_use_propane_generator_m_btu,MBtu,out.propane.generator.energy_consumption..kwh,out.propane.generator.energy_consumption,kwh,293.0710702,End Use: Propane: Generator,kBtu,out.propane.generator.energy_consumption..kwh,out.propane.generator.energy_consumption..kwh,kWh,0.29307107,Propane consumed by propance generator. Positive value for any fuel consumed
Output,no,no,float,no,report_simulation_output.end_use_propane_grill_m_btu,MBtu,out.propane.grill.energy_consumption..kwh,out.propane.grill.energy_consumption,kwh,293.0710702,End Use: Propane: Grill,kBtu,out.propane.grill.energy_consumption..kwh,out.propane.grill.energy_consumption..kwh,kWh,0.29307107,Propane consumed by propane grill.
Output,yes,yes,float,yes,report_simulation_output.end_use_propane_heating_heat_pump_backup_m_btu,MBtu,out.propane.heating_hp_bkup.energy_consumption..kwh,out.propane.heating_hp_bkup.energy_consumption,kwh,293.0710702,End Use: Propane: Heating Heat Pump Backup,kBtu,out.propane.heating_hp_bkup.energy_consumption..kwh,out.propane.heating_hp_bkup.energy_consumption..kwh,kWh,0.29307107,Propane consumed by heat pump backup.
Output,yes,yes,float,yes,report_simulation_output.end_use_propane_heating_m_btu,MBtu,out.propane.heating.energy_consumption..kwh,out.propane.heating.energy_consumption,kwh,293.0710702,End Use: Propane: Heating,kBtu,out.propane.heating.energy_consumption..kwh,out.propane.heating.energy_consumption..kwh,kWh,0.29307107,"Propane consumed by propane heating systems, excludes heat pump backup"
Output,yes,yes,float,yes,report_simulation_output.end_use_propane_hot_water_m_btu,MBtu,out.propane.hot_water.energy_consumption..kwh,out.propane.hot_water.energy_consumption,kwh,293.0710702,End Use: Propane: Hot Water,kBtu,out.propane.hot_water.energy_consumption..kwh,out.propane.hot_water.energy_consumption..kwh,kWh,0.29307107,Propane consumed by propane hot water systems.
Output,no,no,float,no,report_simulation_output.end_use_propane_lighting_m_btu,MBtu,out.propane.lighting.energy_consumption..kwh,out.propane.lighting.energy_consumption,kwh,293.0710702,End Use: Propane: Lighting,kBtu,out.propane.lighting.energy_consumption..kwh,out.propane.lighting.energy_consumption..kwh,kWh,0.29307107,Propane consumed by propane lighting.
Output,no,no,float,no,report_simulation_output.end_use_propane_mech_vent_preheating_m_btu,MBtu,out.propane.mech_vent_preheating.energy_consumption..kwh,out.propane.mech_vent_preheating.energy_consumption,kwh,293.0710702,End Use: Propane: Mech Vent Preheating,kBtu,out.propane.mech_vent_preheating.energy_consumption..kwh,out.propane.mech_vent_preheating.energy_consumption..kwh,kWh,0.29307107,Propane consumed by mechanical ventilation for preheating.
Output,yes,yes,float,yes,report_simulation_output.end_use_propane_range_oven_m_btu,MBtu,out.propane.range_oven.energy_consumption..kwh,out.propane.range_oven.energy_consumption,kwh,293.0710702,End Use: Propane: Range/Oven,kBtu,out.propane.range_oven.energy_consumption..kwh,out.propane.range_oven.energy_consumption..kwh,kWh,0.29307107,Propane consumed by range oven.
Output,yes,yes,float,yes,report_simulation_output.energy_use_net_m_btu,MBtu,out.site_energy.net.energy_consumption..kwh,out.site_energy.net.energy_consumption,kwh,293.0710702,Energy Use: Net,kBtu,out.site_energy.net.energy_consumption..kwh,out.site_energy.net.energy_consumption..kwh,kWh,0.29307107,Total site energy consumed subtracts any power produced by PV or generators
Output,yes,yes,float,yes,report_simulation_output.energy_use_total_m_btu,MBtu,out.site_energy.total.energy_consumption..kwh,out.site_energy.total.energy_consumption,kwh,293.0710702,Energy Use: Total,kBtu,out.site_energy.total.energy_consumption..kwh,out.site_energy.total.energy_consumption..kwh,kWh,0.29307107,"Total site energy consumed, includes any battery charging/discharging"
Output,yes,yes,float,yes,report_simulation_output.fuel_use_electricity_net_m_btu,MBtu,out.electricity.net.energy_consumption..kwh,out.electricity.net.energy_consumption,kwh,293.0710702,Fuel Use: Electricity: Net,kWh,out.electricity.net.energy_consumption..kwh,out.electricity.net.energy_consumption..kwh,kWh,1,Total electricity consumed subtracts any power produced by PV or generators.
Output,yes,yes,float,yes,report_simulation_output.fuel_use_electricity_total_m_btu,MBtu,out.electricity.total.energy_consumption..kwh,out.electricity.total.energy_consumption,kwh,293.0710702,Fuel Use: Electricity: Total,kWh,out.electricity.total.energy_consumption..kwh,out.electricity.total.energy_consumption..kwh,kWh,1,"Total electricity consumed, includes any battery charging/discharging"
Output,yes,yes,float,yes,report_simulation_output.fuel_use_fuel_oil_total_m_btu,MBtu,out.fuel_oil.total.energy_consumption..kwh,out.fuel_oil.total.energy_consumption,kwh,293.0710702,Fuel Use: Fuel Oil: Total,kBtu,out.fuel_oil.total.energy_consumption..kwh,out.fuel_oil.total.energy_consumption..kwh,kWh,0.29307107,"Total fuel oil consumed, includes 'fuel oil', 'fuel oil 1', 'fuel oil 2', 'fuel oil 4', 'fuel oil 5/6', 'kerosene', and 'diesel'"
Output,yes,yes,float,yes,report_simulation_output.fuel_use_natural_gas_total_m_btu,MBtu,out.natural_gas.total.energy_consumption..kwh,out.natural_gas.total.energy_consumption,kwh,293.0710702,Fuel Use: Natural Gas: Total,kBtu,out.natural_gas.total.energy_consumption..kwh,out.natural_gas.total.energy_consumption..kwh,kWh,0.29307107,Total natural gas consumed.
Output,yes,yes,float,yes,report_simulation_output.fuel_use_propane_total_m_btu,MBtu,out.propane.total.energy_consumption..kwh,out.propane.total.energy_consumption,kwh,293.0710702,Fuel Use: Propane: Total,kBtu,out.propane.total.energy_consumption..kwh,out.propane.total.energy_consumption..kwh,kWh,0.29307107,Total propane energy consumed
Output,yes,yes,float,no,report_simulation_output.hot_water_clothes_washer_gal,gal,out.hot_water.clothes_washer..gal,out.hot_water.clothes_washer.gal,gal,1,Hot Water: Clothes Washer,gal,,,,,Hot water consumed by clothes washer
Output,yes,yes,float,no,report_simulation_output.hot_water_dishwasher_gal,gal,out.hot_water.dishwasher..gal,out.hot_water.dishwasher.gal,gal,1,Hot Water: Dishwasher,gal,,,,,Hot water consumed by dishwasher
Output,yes,yes,float,no,report_simulation_output.hot_water_distribution_waste_gal,gal,out.hot_water.distribution_waste..gal,out.hot_water.distribution_waste.gal,gal,1,Hot Water: Distribution Waste,gal,,,,,Hot water consumed by water distribution system (water remaining in the pipe)
Output,yes,yes,float,no,report_simulation_output.hot_water_fixtures_gal,gal,out.hot_water.fixtures..gal,out.hot_water.fixtures.gal,gal,1,Hot Water: Fixtures,gal,,,,,"Hot water consumed by showers, sinks, and baths"
Output,yes,yes,float,no,report_simulation_output.hvac_capacity_cooling_btu_h,btu_h,out.capacity.cooling..btu_per_hr,out.capacity.cooling.btu_h,btu_h,1,,,,,,,Cooling capacity at rated conditions which vary based on the type of equipment.
Output,yes,yes,float,no,report_simulation_output.hvac_capacity_heat_pump_backup_btu_h,btu_h,out.capacity.heat_pump_backup..btu_per_hr,out.capacity.heat_pump_backup.btu_h,btu_h,1,,,,,,,Heat pump backup Capacity
Output,yes,yes,float,no,report_simulation_output.hvac_capacity_heating_btu_h,btu_h,out.capacity.heating..btu_per_hr,out.capacity.heating.btu_h,btu_h,1,,,,,,,Heating capacity at rated conditions which vary based on the type of equipment.
Output,yes,yes,float,yes,report_simulation_output.load_cooling_delivered_m_btu,MBtu,out.load.cooling.energy_delivered..kbtu,out.load.cooling.energy_delivered.kbtu,kbtu,1000,Load: Cooling: Delivered,kBtu,out.load.cooling.energy_delivered..kbtu,out.load.cooling.energy_delivered..kbtu,kBtu,1,Total energy delivered by cooling system includes HVAC distribution losses.
Output,yes,yes,float,yes,report_simulation_output.load_heating_delivered_m_btu,MBtu,out.load.heating.energy_delivered..kbtu,out.load.heating.energy_delivered.kbtu,kbtu,1000,Load: Heating: Delivered,kBtu,out.load.heating.energy_delivered..kbtu,out.load.heating.energy_delivered..kbtu,kBtu,1,Total energy delivered by heating system includes HVAC distribution losses.
Output,yes,yes,float,yes,report_simulation_output.load_heating_heat_pump_backup_m_btu,MBtu,out.load.heating_hp_bkup.energy_delivered..kbtu,out.load.heating_hp_bkup.energy_delivered..kbtu,kbtu,1000,Load: Heating: Delivered,kBtu,out.load.heating.energy_delivered..kbtu,out.load.heating.energy_delivered..kbtu,kBtu,1,Total energy delivered by heat pump backup.
Output,yes,yes,float,yes,report_simulation_output.load_hot_water_delivered_m_btu,MBtu,out.load.hot_water.energy_delivered..kbtu,out.load.hot_water.energy_delivered.kbtu,kbtu,1000,Load: Hot Water: Delivered,kBtu,out.load.hot_water.energy_delivered..kbtu,out.load.hot_water.energy_delivered..kbtu,kBtu,1,Total energy delivered by hot water system includes contributions by desuperheaters or solar thermal systems
Output,no,no,float,no,report_simulation_output.load_hot_water_desuperheater_m_btu,MBtu,out.load.hot_water_desuperheater.energy_delivered..kbtu,out.load.hot_water_desuperheater.energy_delivered..kbtu,kbtu,1000,Load: Hot Water: Delivered,kBtu,out.load.hot_water.energy_delivered..kbtu,out.load.hot_water.energy_delivered..kbtu,kBtu,1,Total energy delivered by hot water desuperheater
Output,yes,yes,float,yes,report_simulation_output.load_hot_water_solar_thermal_m_btu,MBtu,out.load.hot_water.energy_solar_thermal..kbtu,out.load.hot_water.energy_solar_thermal.kbtu,kbtu,1000,Load: Hot Water: Solar Thermal,kBtu,out.load.hot_water.energy_solar_thermal..kbtu,out.load.hot_water.energy_solar_thermal..kbtu,kBtu,1,Total energy delivered by solar thermal water heater.
Output,yes,yes,float,yes,report_simulation_output.load_hot_water_tank_losses_m_btu,MBtu,out.load.hot_water.energy_tank_losses..kbtu,out.load.hot_water.energy_tank_losses.kbtu,kbtu,1000,Load: Hot Water: Tank Losses,kBtu,out.load.hot_water.energy_tank_losses..kbtu,out.load.hot_water.energy_tank_losses..kbtu,kBtu,1,Water heater tank losses energy.
Output,yes,yes,float,no,report_simulation_output.peak_load_cooling_delivered_k_btu_hr,kBtu/hr,out.load.cooling.peak..kbtu_per_hr,out.load.cooling.peak.kbtu_hr,kbtu_hr,1,,,,,,,Maximum cooling load delivered by cooling system includes HVAC distribution losses.
Output,yes,yes,float,no,report_simulation_output.peak_load_heating_delivered_k_btu_hr,kBtu/hr,out.load.heating.peak..kbtu_per_hr,out.load.heating.peak.kbtu_hr,kbtu_hr,1,,,,,,,Maximum heating energy delivered by heating system includes HVAC distribution losses over a 60 min time period.
Output,yes,yes,float,no,report_simulation_output.peak_electricity_summer_total_w,W,out.qoi.electricity.maximum_daily_peak_summer..kw,out.electricity.summer.peak.kw,kw,0.001,,,,,,,Maximum 15-minute electric demand value in Jun/Jul/Aug not including impacts of onsite generation.
Output,yes,yes,float,no,report_simulation_output.peak_electricity_winter_total_w,W,out.qoi.electricity.maximum_daily_peak_winter..kw,out.electricity.winter.peak.kw,kw,0.001,,,,,,,Maximum 15-minute electric demand value in Dec/Jan/Feb not including impacts of onsite generation.
Output,yes,yes,float,no,report_simulation_output.unmet_hours_cooling_hr,hr,out.unmet_hours.cooling..hr,out.unmet_hours.cooling.hour,hr,1,Unmet Hours: Cooling,hr,,,,,Number of hours where the cooling setpoint is not maintained.
Output,yes,yes,float,no,report_simulation_output.unmet_hours_ev_driving_hr,hr,out.unmet_hours.ev_driving..hr,out.unmet_hours.ev_driving.hour,hr,1,,hr,,,,,Number of hours that an EV user cannot drive to due to insufficient charge in battery.
Output,yes,yes,float,no,report_simulation_output.unmet_hours_heating_hr,hr,out.unmet_hours.heating..hr,out.unmet_hours.heating.hour,hr,1,Unmet Hours: Heating,hr,,,,,Number of hours where the heating setpoint is not maintained.
Output,yes,yes,float,yes,report_simulation_output.emissions_co_2_e_lrmer_mid_case_25_electricity_net_lb,lb,out.emissions.electricity.lrmer_mid_case_25..co2e_kg,out.electricity.total.lrmer_mid_case_25.co2e_kg,kg,0.45359237,Emissions: CO2e: LRMER_MidCase_25: Electricity: Total,lb,out.total.lrmer_midcase_25__electricity.co2e_kg,out.total.lrmer_midcase_25__electricity.co2e_kg,kg,0.45359237,"Scenario total emissions for Electricity only, includes any battery charging/discharging"
Output,yes,no,float,no,report_simulation_output.emissions_co_2_e_lrmer_mid_case_25_fuel_oil_total_lb,lb,out.emissions.fuel_oil.lrmer_mid_case_25..co2e_kg,out.fuel_oil.total.lrmer_mid_case_25.co2e_kg,kg,0.45359237,Emissions: CO2e: LRMER_MidCase_25: Fuel Oil: Total,lb,out.total.lrmer_midcase_25__fuel_oil.co2e_kg,out.total.lrmer_midcase_25__fuel_oil.co2e_kg,kg,0.45359237,Scenario emissions for Fuel Oil only
Output,yes,no,float,no,report_simulation_output.emissions_co_2_e_lrmer_mid_case_25_natural_gas_total_lb,lb,out.emissions.natural_gas.lrmer_mid_case_25..co2e_kg,out.natural_gas.total.lrmer_mid_case_25.co2e_kg,kg,0.45359237,Emissions: CO2e: LRMER_MidCase_25: Natural Gas: Total,lb,out.total.lrmer_midcase_25__natural_gas.co2e_kg,out.total.lrmer_midcase_25__natural_gas.co2e_kg,kg,0.45359237,Scenario emissions for Natural Gas only
Output,yes,no,float,no,report_simulation_output.emissions_co_2_e_lrmer_mid_case_25_propane_total_lb,lb,out.emissions.propane.lrmer_mid_case_25..co2e_kg,out.propane.total.lrmer_mid_case_25.co2e_kg,kg,0.45359237,Emissions: CO2e: LRMER_MidCase_25: Propane: Total,lb,out.total.lrmer_midcase_25__propane.co2e_kg,out.total.lrmer_midcase_25__propane.co2e_kg,kg,0.45359237,Scenario emissions for Propane only
Output,yes,yes,float,yes,report_simulation_output.emissions_co_2_e_lrmer_mid_case_25_total_lb,lb,out.emissions.total.lrmer_mid_case_25..co2e_kg,out.all_fuels.total.lrmer_mid_case_25.co2e_kg,kg,0.45359237,Emissions: CO2e: LRMER_MidCase_25: Total,lb,out.total.lrmer_midcase_25.co2e_kg,out.total.lrmer_midcase_25.co2e_kg,kg,0.45359237,"Scenario total emissions, includes any battery charging/discharging"
Output,yes,yes,float,yes,report_simulation_output.emissions_co_2_e_lrmer_mid_case_15_electricity_net_lb,lb,out.emissions.electricity.lrmer_mid_case_15..co2e_kg,out.electricity.total.lrmer_mid_case_15.co2e_kg,kg,0.45359237,Emissions: CO2e: LRMER_MidCase_15: Electricity: Total,lb,out.total.lrmer_midcase_15__electricity.co2e_kg,out.total.lrmer_midcase_15__electricity.co2e_kg,kg,0.45359237,"Scenario total emissions for Electricity only, includes any battery charging/discharging"
Output,yes,no,float,no,report_simulation_output.emissions_co_2_e_lrmer_mid_case_15_fuel_oil_total_lb,lb,out.emissions.fuel_oil.lrmer_mid_case_15..co2e_kg,out.fuel_oil.total.lrmer_mid_case_15.co2e_kg,kg,0.45359237,Emissions: CO2e: LRMER_MidCase_15: Fuel Oil: Total,lb,out.total.lrmer_midcase_15__fuel_oil.co2e_kg,out.total.lrmer_midcase_15__fuel_oil.co2e_kg,kg,0.45359237,Scenario emissions for Fuel Oil only
Output,yes,no,float,no,report_simulation_output.emissions_co_2_e_lrmer_mid_case_15_natural_gas_total_lb,lb,out.emissions.natural_gas.lrmer_mid_case_15..co2e_kg,out.natural_gas.total.lrmer_mid_case_15.co2e_kg,kg,0.45359237,Emissions: CO2e: LRMER_MidCase_15: Natural Gas: Total,lb,out.total.lrmer_midcase_15__natural_gas.co2e_kg,out.total.lrmer_midcase_15__natural_gas.co2e_kg,kg,0.45359237,Scenario emissions for Natural Gas only
Output,yes,no,float,no,report_simulation_output.emissions_co_2_e_lrmer_mid_case_15_propane_total_lb,lb,out.emissions.propane.lrmer_mid_case_15..co2e_kg,out.propane.total.lrmer_mid_case_15.co2e_kg,kg,0.45359237,Emissions: CO2e: LRMER_MidCase_15: Propane: Total,lb,out.total.lrmer_midcase_15__propane.co2e_kg,out.total.lrmer_midcase_15__propane.co2e_kg,kg,0.45359237,Scenario emissions for Propane only
Output,yes,yes,float,yes,report_simulation_output.emissions_co_2_e_lrmer_mid_case_15_total_lb,lb,out.emissions.total.lrmer_mid_case_15..co2e_kg,out.all_fuels.total.lrmer_mid_case_15.co2e_kg,kg,0.45359237,Emissions: CO2e: LRMER_MidCase_15: Total,lb,out.total.lrmer_midcase_15.co2e_kg,out.total.lrmer_midcase_15.co2e_kg,kg,0.45359237,"Scenario total emissions, includes any battery charging/discharging"
Output,yes,yes,float,yes,report_simulation_output.emissions_co_2_e_lrmer_high_re_cost_25_electricity_net_lb,lb,out.emissions.electricity.lrmer_high_re_cost_25..co2e_kg,out.electricity.total.lrmer_high_re_cost_25.co2e_kg,kg,0.45359237,Emissions: CO2e: LRMER_HighRECost_25: Electricity: Total,lb,out.total.LRMER_HighRECost_25__electricity.co2e_kg,out.total.LRMER_HighRECost_25__electricity.co2e_kg,kg,0.45359237,"Scenario total emissions for Electricity only, includes any battery charging/discharging"
Output,yes,no,float,no,report_simulation_output.emissions_co_2_e_lrmer_high_re_cost_25_fuel_oil_total_lb,lb,out.emissions.fuel_oil.lrmer_high_re_cost_25..co2e_kg,out.fuel_oil.total.lrmer_high_re_cost_25.co2e_kg,kg,0.45359237,Emissions: CO2e: LRMER_HighRECost_25: Fuel Oil: Total,lb,out.total.LRMER_HighRECost_25__fuel_oil.co2e_kg,out.total.LRMER_HighRECost_25__fuel_oil.co2e_kg,kg,0.45359237,Scenario emissions for Fuel Oil only
Output,yes,no,float,no,report_simulation_output.emissions_co_2_e_lrmer_high_re_cost_25_natural_gas_total_lb,lb,out.emissions.natural_gas.lrmer_high_re_cost_25..co2e_kg,out.natural_gas.total.lrmer_high_re_cost_25.co2e_kg,kg,0.45359237,Emissions: CO2e: LRMER_HighRECost_25: Natural Gas: Total,lb,out.total.LRMER_HighRECost_25__natural_gas.co2e_kg,out.total.LRMER_HighRECost_25__natural_gas.co2e_kg,kg,0.45359237,Scenario emissions for Natural Gas only
Output,yes,no,float,no,report_simulation_output.emissions_co_2_e_lrmer_high_re_cost_25_propane_total_lb,lb,out.emissions.propane.lrmer_high_re_cost_25..co2e_kg,out.propane.total.lrmer_high_re_cost_25.co2e_kg,kg,0.45359237,Emissions: CO2e: LRMER_HighRECost_25: Propane: Total,lb,out.total.LRMER_HighRECost_25__propane.co2e_kg,out.total.LRMER_HighRECost_25__propane.co2e_kg,kg,0.45359237,Scenario emissions for Propane only
Output,yes,yes,float,yes,report_simulation_output.emissions_co_2_e_lrmer_high_re_cost_25_total_lb,lb,out.emissions.total.lrmer_high_re_cost_25..co2e_kg,out.all_fuels.total.lrmer_high_re_cost_25.co2e_kg,kg,0.45359237,Emissions: CO2e: LRMER_HighRECost_25: Total,lb,out.total.LRMER_HighRECost_25.co2e_kg,out.total.LRMER_HighRECost_25.co2e_kg,kg,0.45359237,"Scenario total emissions, includes any battery charging/discharging"
Output,yes,yes,float,yes,report_simulation_output.emissions_co_2_e_lrmer_high_re_cost_15_electricity_net_lb,lb,out.emissions.electricity.lrmer_high_re_cost_15..co2e_kg,out.electricity.total.lrmer_high_re_cost_15.co2e_kg,kg,0.45359237,Emissions: CO2e: LRMER_HighRECost_15: Electricity: Total,lb,out.total.lrmer_highrecost_15__electricity.co2e_kg,out.total.lrmer_highrecost_15__electricity.co2e_kg,kg,0.45359237,"Scenario total emissions for Electricity only, includes any battery charging/discharging"
Output,yes,no,float,no,report_simulation_output.emissions_co_2_e_lrmer_high_re_cost_15_fuel_oil_total_lb,lb,out.emissions.fuel_oil.lrmer_high_re_cost_15..co2e_kg,out.fuel_oil.total.lrmer_high_re_cost_15.co2e_kg,kg,0.45359237,Emissions: CO2e: LRMER_HighRECost_15: Fuel Oil: Total,lb,out.total.lrmer_highrecost_15__fuel_oil.co2e_kg,out.total.lrmer_highrecost_15__fuel_oil.co2e_kg,kg,0.45359237,Scenario emissions for Fuel Oil only
Output,yes,no,float,no,report_simulation_output.emissions_co_2_e_lrmer_high_re_cost_15_natural_gas_total_lb,lb,out.emissions.natural_gas.lrmer_high_re_cost_15..co2e_kg,out.natural_gas.total.lrmer_high_re_cost_15.co2e_kg,kg,0.45359237,Emissions: CO2e: LRMER_HighRECost_15: Natural Gas: Total,lb,out.total.lrmer_highrecost_15__natural_gas.co2e_kg,out.total.lrmer_highrecost_15__natural_gas.co2e_kg,kg,0.45359237,Scenario emissions for Natural Gas only
Output,yes,no,float,no,report_simulation_output.emissions_co_2_e_lrmer_high_re_cost_15_propane_total_lb,lb,out.emissions.propane.lrmer_high_re_cost_15..co2e_kg,out.propane.total.lrmer_high_re_cost_15.co2e_kg,kg,0.45359237,Emissions: CO2e: LRMER_HighRECost_15: Propane: Total,lb,out.total.lrmer_highrecost_15__propane.co2e_kg,out.total.lrmer_highrecost_15__propane.co2e_kg,kg,0.45359237,Scenario emissions for Propane only
Output,yes,yes,float,yes,report_simulation_output.emissions_co_2_e_lrmer_high_re_cost_15_total_lb,lb,out.emissions.total.lrmer_high_re_cost_15..co2e_kg,out.all_fuels.total.lrmer_high_re_cost_15.co2e_kg,kg,0.45359237,Emissions: CO2e: LRMER_HighRECost_15: Total,lb,out.total.lrmer_highrecost_15.co2e_kg,out.total.lrmer_highrecost_15.co2e_kg,kg,0.45359237,"Scenario total emissions, includes any battery charging/discharging"
Output,yes,yes,float,yes,report_simulation_output.emissions_co_2_e_lrmer_low_re_cost_25_electricity_net_lb,lb,out.emissions.electricity.lrmer_low_re_cost_25..co2e_kg,out.electricity.total.lrmer_low_re_cost_25.co2e_kg,kg,0.45359237,Emissions: CO2e: LRMER_LowRECost_25: Electricity: Total,lb,out.total.lrmer_lowrecost_25__electricity.co2e_kg,out.total.lrmer_lowrecost_25__electricity.co2e_kg,kg,0.45359237,"Scenario total emissions for Electricity only, includes any battery charging/discharging"
Output,yes,no,float,no,report_simulation_output.emissions_co_2_e_lrmer_low_re_cost_25_fuel_oil_total_lb,lb,out.emissions.fuel_oil.lrmer_low_re_cost_25..co2e_kg,out.fuel_oil.total.lrmer_low_re_cost_25.co2e_kg,kg,0.45359237,Emissions: CO2e: LRMER_LowRECost_25: Fuel Oil: Total,lb,out.total.lrmer_lowrecost_25__fuel_oil.co2e_kg,out.total.lrmer_lowrecost_25__fuel_oil.co2e_kg,kg,0.45359237,Scenario emissions for Fuel Oil only
Output,yes,no,float,no,report_simulation_output.emissions_co_2_e_lrmer_low_re_cost_25_natural_gas_total_lb,lb,out.emissions.natural_gas.lrmer_low_re_cost_25..co2e_kg,out.natural_gas.total.lrmer_low_re_cost_25.co2e_kg,kg,0.45359237,Emissions: CO2e: LRMER_LowRECost_25: Natural Gas: Total,lb,out.total.lrmer_lowrecost_25__natural_gas.co2e_kg,out.total.lrmer_lowrecost_25__natural_gas.co2e_kg,kg,0.45359237,Scenario emissions for Natural Gas only
Output,yes,no,float,no,report_simulation_output.emissions_co_2_e_lrmer_low_re_cost_25_propane_total_lb,lb,out.emissions.propane.lrmer_low_re_cost_25..co2e_kg,out.propane.total.lrmer_low_re_cost_25.co2e_kg,kg,0.45359237,Emissions: CO2e: LRMER_LowRECost_25: Propane: Total,lb,out.total.lrmer_lowrecost_25__propane.co2e_kg,out.total.lrmer_lowrecost_25__propane.co2e_kg,kg,0.45359237,Scenario emissions for Propane only
Output,yes,yes,float,yes,report_simulation_output.emissions_co_2_e_lrmer_low_re_cost_25_total_lb,lb,out.emissions.total.lrmer_low_re_cost_25..co2e_kg,out.all_fuels.total.lrmer_low_re_cost_25.co2e_kg,kg,0.45359237,Emissions: CO2e: LRMER_LowRECost_25: Total,lb,out.total.lrmer_lowrecost_25.co2e_kg,out.total.lrmer_lowrecost_25.co2e_kg,kg,0.45359237,"Scenario total emissions, includes any battery charging/discharging"
Output,yes,yes,float,yes,report_simulation_output.emissions_co_2_e_lrmer_low_re_cost_15_electricity_net_lb,lb,out.emissions.electricity.lrmer_low_re_cost_15..co2e_kg,out.electricity.total.lrmer_low_re_cost_15.co2e_kg,kg,0.45359237,Emissions: CO2e: LRMER_LowRECost_15: Electricity: Total,lb,out.total.lrmer_lowrecost_15__electricity.co2e_kg,out.total.lrmer_lowrecost_15__electricity.co2e_kg,kg,0.45359237,"Scenario total emissions for Electricity only, includes any battery charging/discharging"
Output,yes,no,float,no,report_simulation_output.emissions_co_2_e_lrmer_low_re_cost_15_fuel_oil_total_lb,lb,out.emissions.fuel_oil.lrmer_low_re_cost_15..co2e_kg,out.fuel_oil.total.lrmer_low_re_cost_15.co2e_kg,kg,0.45359237,Emissions: CO2e: LRMER_LowRECost_15: Fuel Oil: Total,lb,out.total.lrmer_lowrecost_15__fuel_oil.co2e_kg,out.total.lrmer_lowrecost_15__fuel_oil.co2e_kg,kg,0.45359237,Scenario emissions for Fuel Oil only
Output,yes,no,float,no,report_simulation_output.emissions_co_2_e_lrmer_low_re_cost_15_natural_gas_total_lb,lb,out.emissions.natural_gas.lrmer_low_re_cost_15..co2e_kg,out.natural_gas.total.lrmer_low_re_cost_15.co2e_kg,kg,0.45359237,Emissions: CO2e: LRMER_LowRECost_15: Natural Gas: Total,lb,out.total.lrmer_lowrecost_15__natural_gas.co2e_kg,out.total.lrmer_lowrecost_15__natural_gas.co2e_kg,kg,0.45359237,Scenario emissions for Natural Gas only
Output,yes,no,float,no,report_simulation_output.emissions_co_2_e_lrmer_low_re_cost_15_propane_total_lb,lb,out.emissions.propane.lrmer_low_re_cost_15..co2e_kg,out.propane.total.lrmer_low_re_cost_15.co2e_kg,kg,0.45359237,Emissions: CO2e: LRMER_LowRECost_15: Propane: Total,lb,out.total.lrmer_lowrecost_15__propane.co2e_kg,out.total.lrmer_lowrecost_15__propane.co2e_kg,kg,0.45359237,Scenario emissions for Propane only
Output,yes,yes,float,yes,report_simulation_output.emissions_co_2_e_lrmer_low_re_cost_15_total_lb,lb,out.emissions.total.lrmer_low_re_cost_15..co2e_kg,out.all_fuels.total.lrmer_low_re_cost_15.co2e_kg,kg,0.45359237,Emissions: CO2e: LRMER_LowRECost_15: Total,lb,out.total.lrmer_lowrecost_15.co2e_kg,out.total.lrmer_lowrecost_15.co2e_kg,kg,0.45359237,"Scenario total emissions, includes any battery charging/discharging"
Output,yes,yes,float,yes,report_simulation_output.emissions_co_2_e_lrmer_low_re_cost_high_ng_price_25_electricity_net_lb,lb,out.emissions.electricity.lrmer_low_re_cost_high_ng_price_25..co2e_kg,out.electricity.total.lrmer_low_re_cost_high_ng_price_25.co2e_kg,kg,0.45359237,Emissions: CO2e: LRMER_LowRECostHighNGPrice_25: Electricity: Total,lb,out.total.lrmer_lowrecosthighngprice_25__electricity.co2e_kg,out.total.lrmer_lowrecosthighngprice_25__electricity.co2e_kg,kg,0.45359237,"Scenario total emissions for Electricity only, includes any battery charging/discharging"
Output,yes,no,float,no,report_simulation_output.emissions_co_2_e_lrmer_low_re_cost_high_ng_price_25_fuel_oil_total_lb,lb,out.emissions.fuel_oil.lrmer_low_re_cost_high_ng_price_25..co2e_kg,out.fuel_oil.total.lrmer_low_re_cost_high_ng_price_25.co2e_kg,kg,0.45359237,Emissions: CO2e: LRMER_LowRECostHighNGPrice_25: Fuel Oil: Total,lb,out.total.lrmer_lowrecosthighngprice_25__fuel_oil.co2e_kg,out.total.lrmer_lowrecosthighngprice_25__fuel_oil.co2e_kg,kg,0.45359237,Scenario emissions for Fuel Oil only
Output,yes,no,float,no,report_simulation_output.emissions_co_2_e_lrmer_low_re_cost_high_ng_price_25_natural_gas_total_lb,lb,out.emissions.natural_gas.lrmer_low_re_cost_high_ng_price_25..co2e_kg,out.natural_gas.total.lrmer_low_re_cost_high_ng_price_25.co2e_kg,kg,0.45359237,Emissions: CO2e: LRMER_LowRECostHighNGPrice_25: Natural Gas: Total,lb,out.total.lrmer_lowrecosthighngprice_25__natural_gas.co2e_kg,out.total.lrmer_lowrecosthighngprice_25__natural_gas.co2e_kg,kg,0.45359237,Scenario emissions for Natural Gas only
Output,yes,no,float,no,report_simulation_output.emissions_co_2_e_lrmer_low_re_cost_high_ng_price_25_propane_total_lb,lb,out.emissions.propane.lrmer_low_re_cost_high_ng_price_25..co2e_kg,out.propane.total.lrmer_low_re_cost_high_ng_price_25.co2e_kg,kg,0.45359237,Emissions: CO2e: LRMER_LowRECostHighNGPrice_25: Propane: Total,lb,out.total.lrmer_lowrecosthighngprice_25__propane.co2e_kg,out.total.lrmer_lowrecosthighngprice_25__propane.co2e_kg,kg,0.45359237,Scenario emissions for Propane only
Output,yes,yes,float,yes,report_simulation_output.emissions_co_2_e_lrmer_low_re_cost_high_ng_price_25_total_lb,lb,out.emissions.total.lrmer_low_re_cost_high_ng_price_25..co2e_kg,out.all_fuels.total.lrmer_low_re_cost_high_ng_price_25.co2e_kg,kg,0.45359237,Emissions: CO2e: LRMER_LowRECostHighNGPrice_25: Total,lb,out.total.lrmer_lowrecosthighngprice_25.co2e_kg,out.total.lrmer_lowrecosthighngprice_25.co2e_kg,kg,0.45359237,"Scenario total emissions, includes any battery charging/discharging"
Output,yes,yes,float,yes,report_simulation_output.emissions_co_2_e_lrmer_low_re_cost_high_ng_price_15_electricity_net_lb,lb,out.emissions.electricity.lrmer_low_re_cost_high_ng_price_15..co2e_kg,out.electricity.total.lrmer_low_re_cost_high_ng_price_15.co2e_kg,kg,0.45359237,Emissions: CO2e: LRMER_LowRECostHighNGPrice_15: Electricity: Total,lb,out.total.lrmer_lowrecosthighngprice_15__electricity.co2e_kg,out.total.lrmer_lowrecosthighngprice_15__electricity.co2e_kg,kg,0.45359237,"Scenario total emissions for Electricity only, includes any battery charging/discharging"
Output,yes,no,float,no,report_simulation_output.emissions_co_2_e_lrmer_low_re_cost_high_ng_price_15_fuel_oil_total_lb,lb,out.emissions.fuel_oil.lrmer_low_re_cost_high_ng_price_15..co2e_kg,out.fuel_oil.total.lrmer_low_re_cost_high_ng_price_15.co2e_kg,kg,0.45359237,Emissions: CO2e: LRMER_LowRECostHighNGPrice_15: Fuel Oil: Total,lb,out.total.lrmer_lowrecosthighngprice_15__fuel_oil.co2e_kg,out.total.lrmer_lowrecosthighngprice_15__fuel_oil.co2e_kg,kg,0.45359237,Scenario emissions for Fuel Oil only
Output,yes,no,float,no,report_simulation_output.emissions_co_2_e_lrmer_low_re_cost_high_ng_price_15_natural_gas_total_lb,lb,out.emissions.natural_gas.lrmer_low_re_cost_high_ng_price_15..co2e_kg,out.natural_gas.total.lrmer_low_re_cost_high_ng_price_15.co2e_kg,kg,0.45359237,Emissions: CO2e: LRMER_LowRECostHighNGPrice_15: Natural Gas: Total,lb,out.total.lrmer_lowrecosthighngprice_15__natural_gas.co2e_kg,out.total.lrmer_lowrecosthighngprice_15__natural_gas.co2e_kg,kg,0.45359237,Scenario emissions for Natural Gas only
Output,yes,no,float,no,report_simulation_output.emissions_co_2_e_lrmer_low_re_cost_high_ng_price_15_propane_total_lb,lb,out.emissions.propane.lrmer_low_re_cost_high_ng_price_15..co2e_kg,out.propane.total.lrmer_low_re_cost_high_ng_price_15.co2e_kg,kg,0.45359237,Emissions: CO2e: LRMER_LowRECostHighNGPrice_15: Propane: Total,lb,out.total.lrmer_lowrecosthighngprice_15__propane.co2e_kg,out.total.lrmer_lowrecosthighngprice_15__propane.co2e_kg,kg,0.45359237,Scenario emissions for Propane only
Output,yes,yes,float,yes,report_simulation_output.emissions_co_2_e_lrmer_low_re_cost_high_ng_price_15_total_lb,lb,out.emissions.total.lrmer_low_re_cost_high_ng_price_15..co2e_kg,out.all_fuels.total.lrmer_low_re_cost_high_ng_price_15.co2e_kg,kg,0.45359237,Emissions: CO2e: LRMER_LowRECostHighNGPrice_15: Total,lb,out.total.lrmer_lowrecosthighngprice_15.co2e_kg,out.total.lrmer_lowrecosthighngprice_15.co2e_kg,kg,0.45359237,"Scenario total emissions, includes any battery charging/discharging"
Output,yes,yes,float,yes,report_simulation_output.emissions_co_2_e_lrmer_high_re_cost_low_ng_price_25_electricity_net_lb,lb,out.emissions.electricity.lrmer_high_re_cost_low_ng_price_25..co2e_kg,out.electricity.total.lrmer_high_re_cost_low_ng_price_25.co2e_kg,kg,0.45359237,Emissions: CO2e: LRMER_HighRECostLowNGPrice_25: Electricity: Total,lb,out.total.lrmer_highrecostlowngprice_25__electricity.co2e_kg,out.total.lrmer_highrecostlowngprice_25__electricity.co2e_kg,kg,0.45359237,"Scenario total emissions for Electricity only, includes any battery charging/discharging"
Output,yes,no,float,no,report_simulation_output.emissions_co_2_e_lrmer_high_re_cost_low_ng_price_25_fuel_oil_total_lb,lb,out.emissions.fuel_oil.lrmer_high_re_cost_low_ng_price_25..co2e_kg,out.fuel_oil.total.lrmer_high_re_cost_low_ng_price_25.co2e_kg,kg,0.45359237,Emissions: CO2e: LRMER_HighRECostLowNGPrice_25: Fuel Oil: Total,lb,out.total.lrmer_highrecostlowngprice_25__fuel_oil.co2e_kg,out.total.lrmer_highrecostlowngprice_25__fuel_oil.co2e_kg,kg,0.45359237,Scenario emissions for Fuel Oil only
Output,yes,no,float,no,report_simulation_output.emissions_co_2_e_lrmer_high_re_cost_low_ng_price_25_natural_gas_total_lb,lb,out.emissions.natural_gas.lrmer_high_re_cost_low_ng_price_25..co2e_kg,out.natural_gas.total.lrmer_high_re_cost_low_ng_price_25.co2e_kg,kg,0.45359237,Emissions: CO2e: LRMER_HighRECostLowNGPrice_25: Natural Gas: Total,lb,out.total.lrmer_highrecostlowngprice_25__natural_gas.co2e_kg,out.total.lrmer_highrecostlowngprice_25__natural_gas.co2e_kg,kg,0.45359237,Scenario emissions for Natural Gas only
Output,yes,no,float,no,report_simulation_output.emissions_co_2_e_lrmer_high_re_cost_low_ng_price_25_propane_total_lb,lb,out.emissions.propane.lrmer_high_re_cost_low_ng_price_25..co2e_kg,out.propane.total.lrmer_high_re_cost_low_ng_price_25.co2e_kg,kg,0.45359237,Emissions: CO2e: LRMER_HighRECostLowNGPrice_25: Propane: Total,lb,out.total.lrmer_highrecostlowngprice_25__propane.co2e_kg,out.total.lrmer_highrecostlowngprice_25__propane.co2e_kg,kg,0.45359237,Scenario emissions for Propane only
Output,yes,yes,float,yes,report_simulation_output.emissions_co_2_e_lrmer_high_re_cost_low_ng_price_25_total_lb,lb,out.emissions.total.lrmer_high_re_cost_low_ng_price_25..co2e_kg,out.all_fuels.total.lrmer_high_re_cost_low_ng_price_25.co2e_kg,kg,0.45359237,Emissions: CO2e: LRMER_HighRECostLowNGPrice_25: Total,lb,out.total.lrmer_highrecostlowngprice_25.co2e_kg,out.total.lrmer_highrecostlowngprice_25.co2e_kg,kg,0.45359237,"Scenario total emissions, includes any battery charging/discharging"
Output,yes,yes,float,yes,report_simulation_output.emissions_co_2_e_lrmer_high_re_cost_low_ng_price_15_electricity_net_lb,lb,out.emissions.electricity.lrmer_high_re_cost_low_ng_price_15..co2e_kg,out.electricity.total.lrmer_high_re_cost_low_ng_price_15.co2e_kg,kg,0.45359237,Emissions: CO2e: LRMER_HighRECostLowNGPrice_15: Electricity: Total,lb,out.total.lrmer_highrecostlowngprice_15__electricity.co2e_kg,out.total.lrmer_highrecostlowngprice_15__electricity.co2e_kg,kg,0.45359237,"Scenario total emissions for Electricity only, includes any battery charging/discharging"
Output,yes,no,float,no,report_simulation_output.emissions_co_2_e_lrmer_high_re_cost_low_ng_price_15_fuel_oil_total_lb,lb,out.emissions.fuel_oil.lrmer_high_re_cost_low_ng_price_15..co2e_kg,out.fuel_oil.total.lrmer_high_re_cost_low_ng_price_15.co2e_kg,kg,0.45359237,Emissions: CO2e: LRMER_HighRECostLowNGPrice_15: Fuel Oil: Total,lb,out.total.lrmer_highrecostlowngprice_15__fuel_oil.co2e_kg,out.total.lrmer_highrecostlowngprice_15__fuel_oil.co2e_kg,kg,0.45359237,Scenario emissions for Fuel Oil only
Output,yes,no,float,no,report_simulation_output.emissions_co_2_e_lrmer_high_re_cost_low_ng_price_15_natural_gas_total_lb,lb,out.emissions.natural_gas.lrmer_high_re_cost_low_ng_price_15..co2e_kg,out.natural_gas.total.lrmer_high_re_cost_low_ng_price_15.co2e_kg,kg,0.45359237,Emissions: CO2e: LRMER_HighRECostLowNGPrice_15: Natural Gas: Total,lb,out.total.lrmer_highrecostlowngprice_15__natural_gas.co2e_kg,out.total.lrmer_highrecostlowngprice_15__natural_gas.co2e_kg,kg,0.45359237,Scenario emissions for Natural Gas only
Output,yes,no,float,no,report_simulation_output.emissions_co_2_e_lrmer_high_re_cost_low_ng_price_15_propane_total_lb,lb,out.emissions.propane.lrmer_high_re_cost_low_ng_price_15..co2e_kg,out.propane.total.lrmer_high_re_cost_low_ng_price_15.co2e_kg,kg,0.45359237,Emissions: CO2e: LRMER_HighRECostLowNGPrice_15: Propane: Total,lb,out.total.lrmer_highrecostlowngprice_15__propane.co2e_kg,out.total.lrmer_highrecostlowngprice_15__propane.co2e_kg,kg,0.45359237,Scenario emissions for Propane only
Output,yes,yes,float,yes,report_simulation_output.emissions_co_2_e_lrmer_high_re_cost_low_ng_price_15_total_lb,lb,out.emissions.total.lrmer_high_re_cost_low_ng_price_15..co2e_kg,out.all_fuels.total.lrmer_high_re_cost_low_ng_price_15.co2e_kg,kg,0.45359237,Emissions: CO2e: LRMER_HighRECostLowNGPrice_15: Total,lb,out.total.lrmer_highrecostlowngprice_15.co2e_kg,out.total.lrmer_highrecostlowngprice_15.co2e_kg,kg,0.45359237,"Scenario total emissions, includes any battery charging/discharging"
Output,yes,yes,float,yes,report_simulation_output.emissions_co_2_e_aer_high_re_cost_avg_electricity_net_lb,lb,out.emissions.electricity.aer_high_re_cost_avg..co2e_kg,out.electricity.total.aer_high_re_cost_avg.co2e_kg,kg,0.45359237,Emissions: CO2e: AER_HighRECost_Avg: Electricity: Total,lb,out.total.aer_highrecost_avg__electricity.co2e_kg,out.total.aer_highrecost_avg__electricity.co2e_kg,kg,0.45359237,"Scenario total emissions for Electricity only, includes any battery charging/discharging"
Output,yes,no,float,no,report_simulation_output.emissions_co_2_e_aer_high_re_cost_avg_fuel_oil_total_lb,lb,out.emissions.fuel_oil.aer_high_re_cost_avg..co2e_kg,out.fuel_oil.total.aer_high_re_cost_avg.co2e_kg,kg,0.45359237,Emissions: CO2e: AER_HighRECost_Avg: Fuel Oil: Total,lb,out.total.aer_highrecost_avg__fuel_oil.co2e_kg,out.total.aer_highrecost_avg__fuel_oil.co2e_kg,kg,0.45359237,Scenario emissions for Fuel Oil only
Output,yes,no,float,no,report_simulation_output.emissions_co_2_e_aer_high_re_cost_avg_natural_gas_total_lb,lb,out.emissions.natural_gas.aer_high_re_cost_avg..co2e_kg,out.natural_gas.total.aer_high_re_cost_avg.co2e_kg,kg,0.45359237,Emissions: CO2e: AER_HighRECost_Avg: Natural Gas: Total,lb,out.total.aer_highrecost_avg__natural_gas.co2e_kg,out.total.aer_highrecost_avg__natural_gas.co2e_kg,kg,0.45359237,Scenario emissions for Natural Gas only
Output,yes,no,float,no,report_simulation_output.emissions_co_2_e_aer_high_re_cost_avg_propane_total_lb,lb,out.emissions.propane.aer_high_re_cost_avg..co2e_kg,out.propane.total.aer_high_re_cost_avg.co2e_kg,kg,0.45359237,Emissions: CO2e: AER_HighRECost_Avg: Propane: Total,lb,out.total.aer_highrecost_avg__propane.co2e_kg,out.total.aer_highrecost_avg__propane.co2e_kg,kg,0.45359237,Scenario emissions for Propane only
Output,yes,yes,float,yes,report_simulation_output.emissions_co_2_e_aer_high_re_cost_avg_total_lb,lb,out.emissions.total.aer_high_re_cost_avg..co2e_kg,out.all_fuels.total.aer_high_re_cost_avg.co2e_kg,kg,0.45359237,Emissions: CO2e: AER_HighRECost_Avg: Total,lb,out.total.aer_highrecost_avg.co2e_kg,out.total.aer_highrecost_avg.co2e_kg,kg,0.45359237,"Scenario total emissions, includes any battery charging/discharging"
Output,yes,yes,float,yes,report_simulation_output.emissions_co_2_e_aer_high_re_cost_low_ng_price_avg_electricity_net_lb,lb,out.emissions.electricity.aer_high_re_cost_low_ng_price_avg..co2e_kg,out.electricity.total.aer_high_re_cost_low_ng_price_avg.co2e_kg,kg,0.45359237,Emissions: CO2e: AER_HighRECostLowNGPrice_Avg: Electricity: Total,lb,out.total.aer_highrecostlowngprice_avg__electricity.co2e_kg,out.total.aer_highrecostlowngprice_avg__electricity.co2e_kg,kg,0.45359237,"Scenario total emissions for Electricity only, includes any battery charging/discharging"
Output,yes,no,float,no,report_simulation_output.emissions_co_2_e_aer_high_re_cost_low_ng_price_avg_fuel_oil_total_lb,lb,out.emissions.fuel_oil.aer_high_re_cost_low_ng_price_avg..co2e_kg,out.fuel_oil.total.aer_high_re_cost_low_ng_price_avg.co2e_kg,kg,0.45359237,Emissions: CO2e: AER_HighRECostLowNGPrice_Avg: Fuel Oil: Total,lb,out.total.aer_highrecostlowngprice_avg__fuel_oil.co2e_kg,out.total.aer_highrecostlowngprice_avg__fuel_oil.co2e_kg,kg,0.45359237,Scenario emissions for Fuel Oil only
Output,yes,no,float,no,report_simulation_output.emissions_co_2_e_aer_high_re_cost_low_ng_price_avg_natural_gas_total_lb,lb,out.emissions.natural_gas.aer_high_re_cost_low_ng_price_avg..co2e_kg,out.natural_gas.total.aer_high_re_cost_low_ng_price_avg.co2e_kg,kg,0.45359237,Emissions: CO2e: AER_HighRECostLowNGPrice_Avg: Natural Gas: Total,lb,out.total.aer_highrecostlowngprice_avg__natural_gas.co2e_kg,out.total.aer_highrecostlowngprice_avg__natural_gas.co2e_kg,kg,0.45359237,Scenario emissions for Natural Gas only
Output,yes,no,float,no,report_simulation_output.emissions_co_2_e_aer_high_re_cost_low_ng_price_avg_propane_total_lb,lb,out.emissions.propane.aer_high_re_cost_low_ng_price_avg..co2e_kg,out.propane.total.aer_high_re_cost_low_ng_price_avg.co2e_kg,kg,0.45359237,Emissions: CO2e: AER_HighRECostLowNGPrice_Avg: Propane: Total,lb,out.total.aer_highrecostlowngprice_avg__propane.co2e_kg,out.total.aer_highrecostlowngprice_avg__propane.co2e_kg,kg,0.45359237,Scenario emissions for Propane only
Output,yes,yes,float,yes,report_simulation_output.emissions_co_2_e_aer_high_re_cost_low_ng_price_avg_total_lb,lb,out.emissions.total.aer_high_re_cost_low_ng_price_avg..co2e_kg,out.all_fuels.total.aer_high_re_cost_low_ng_price_avg.co2e_kg,kg,0.45359237,Emissions: CO2e: AER_HighRECostLowNGPrice_Avg: Total,lb,out.total.aer_highrecostlowngprice_avg.co2e_kg,out.total.aer_highrecostlowngprice_avg.co2e_kg,kg,0.45359237,"Scenario total emissions, includes any battery charging/discharging"
Output,yes,yes,float,yes,report_simulation_output.emissions_co_2_e_aer_low_re_cost_avg_electricity_net_lb,lb,out.emissions.electricity.aer_low_re_cost_avg..co2e_kg,out.electricity.total.aer_low_re_cost_avg.co2e_kg,kg,0.45359237,Emissions: CO2e: AER_LowRECost_Avg: Electricity: Total,lb,out.total.aer_lowrecost_avg__electricity.co2e_kg,out.total.aer_lowrecost_avg__electricity.co2e_kg,kg,0.45359237,"Scenario total emissions for Electricity only, includes any battery charging/discharging"
Output,yes,no,float,no,report_simulation_output.emissions_co_2_e_aer_low_re_cost_avg_fuel_oil_total_lb,lb,out.emissions.fuel_oil.aer_low_re_cost_avg..co2e_kg,out.fuel_oil.total.aer_low_re_cost_avg.co2e_kg,kg,0.45359237,Emissions: CO2e: AER_LowRECost_Avg: Fuel Oil: Total,lb,out.total.aer_lowrecost_avg__fuel_oil.co2e_kg,out.total.aer_lowrecost_avg__fuel_oil.co2e_kg,kg,0.45359237,Scenario emissions for Fuel Oil only
Output,yes,no,float,no,report_simulation_output.emissions_co_2_e_aer_low_re_cost_avg_natural_gas_total_lb,lb,out.emissions.natural_gas.aer_low_re_cost_avg..co2e_kg,out.natural_gas.total.aer_low_re_cost_avg.co2e_kg,kg,0.45359237,Emissions: CO2e: AER_LowRECost_Avg: Natural Gas: Total,lb,out.total.aer_lowrecost_avg__natural_gas.co2e_kg,out.total.aer_lowrecost_avg__natural_gas.co2e_kg,kg,0.45359237,Scenario emissions for Natural Gas only
Output,yes,no,float,no,report_simulation_output.emissions_co_2_e_aer_low_re_cost_avg_propane_total_lb,lb,out.emissions.propane.aer_low_re_cost_avg..co2e_kg,out.propane.total.aer_low_re_cost_avg.co2e_kg,kg,0.45359237,Emissions: CO2e: AER_LowRECost_Avg: Propane: Total,lb,out.total.aer_lowrecost_avg__propane.co2e_kg,out.total.aer_lowrecost_avg__propane.co2e_kg,kg,0.45359237,Scenario emissions for Propane only
Output,yes,yes,float,yes,report_simulation_output.emissions_co_2_e_aer_low_re_cost_avg_total_lb,lb,out.emissions.total.aer_low_re_cost_avg..co2e_kg,out.all_fuels.total.aer_low_re_cost_avg.co2e_kg,kg,0.45359237,Emissions: CO2e: AER_LowRECost_Avg: Total,lb,out.total.aer_lowrecost_avg.co2e_kg,out.total.aer_lowrecost_avg.co2e_kg,kg,0.45359237,"Scenario total emissions, includes any battery charging/discharging"
Output,yes,yes,float,yes,report_simulation_output.emissions_co_2_e_aer_low_re_cost_high_ng_price_avg_electricity_net_lb,lb,out.emissions.electricity.aer_low_re_cost_high_ng_price_avg..co2e_kg,out.electricity.total.aer_low_re_cost_high_ng_price_avg.co2e_kg,kg,0.45359237,Emissions: CO2e: AER_LowRECostHighNGPrice_Avg: Electricity: Total,lb,out.total.aer_lowrecosthighngprice_avg__electricity.co2e_kg,out.total.aer_lowrecosthighngprice_avg__electricity.co2e_kg,kg,0.45359237,"Scenario total emissions for Electricity only, includes any battery charging/discharging"
Output,yes,no,float,no,report_simulation_output.emissions_co_2_e_aer_low_re_cost_high_ng_price_avg_fuel_oil_total_lb,lb,out.emissions.fuel_oil.aer_low_re_cost_high_ng_price_avg..co2e_kg,out.fuel_oil.total.aer_low_re_cost_high_ng_price_avg.co2e_kg,kg,0.45359237,Emissions: CO2e: AER_LowRECostHighNGPrice_Avg: Fuel Oil: Total,lb,out.total.aer_lowrecosthighngprice_avg__fuel_oil.co2e_kg,out.total.aer_lowrecosthighngprice_avg__fuel_oil.co2e_kg,kg,0.45359237,Scenario emissions for Fuel Oil only
Output,yes,no,float,no,report_simulation_output.emissions_co_2_e_aer_low_re_cost_high_ng_price_avg_natural_gas_total_lb,lb,out.emissions.natural_gas.aer_low_re_cost_high_ng_price_avg..co2e_kg,out.natural_gas.total.aer_low_re_cost_high_ng_price_avg.co2e_kg,kg,0.45359237,Emissions: CO2e: AER_LowRECostHighNGPrice_Avg: Natural Gas: Total,lb,out.total.aer_lowrecosthighngprice_avg__natural_gas.co2e_kg,out.total.aer_lowrecosthighngprice_avg__natural_gas.co2e_kg,kg,0.45359237,Scenario emissions for Natural Gas only
Output,yes,no,float,no,report_simulation_output.emissions_co_2_e_aer_low_re_cost_high_ng_price_avg_propane_total_lb,lb,out.emissions.propane.aer_low_re_cost_high_ng_price_avg..co2e_kg,out.propane.total.aer_low_re_cost_high_ng_price_avg.co2e_kg,kg,0.45359237,Emissions: CO2e: AER_LowRECostHighNGPrice_Avg: Propane: Total,lb,out.total.aer_lowrecosthighngprice_avg__propane.co2e_kg,out.total.aer_lowrecosthighngprice_avg__propane.co2e_kg,kg,0.45359237,Scenario emissions for Propane only
Output,yes,yes,float,yes,report_simulation_output.emissions_co_2_e_aer_low_re_cost_high_ng_price_avg_total_lb,lb,out.emissions.total.aer_low_re_cost_high_ng_price_avg..co2e_kg,out.all_fuels.total.aer_low_re_cost_high_ng_price_avg.co2e_kg,kg,0.45359237,Emissions: CO2e: AER_LowRECostHighNGPrice_Avg: Total,lb,out.total.aer_lowrecosthighngprice_avg.co2e_kg,out.total.aer_lowrecosthighngprice_avg.co2e_kg,kg,0.45359237,"Scenario total emissions, includes any battery charging/discharging"
Output,yes,yes,float,yes,report_simulation_output.emissions_co_2_e_aer_mid_case_avg_electricity_net_lb,lb,out.emissions.electricity.aer_mid_case_avg..co2e_kg,out.electricity.total.aer_mid_case_avg.co2e_kg,kg,0.45359237,Emissions: CO2e: AER_MidCase_Avg: Electricity: Total,lb,out.total.aer_midcase_avg__electricity.co2e_kg,out.total.aer_midcase_avg__electricity.co2e_kg,kg,0.45359237,"Scenario total emissions for Electricity only, includes any battery charging/discharging"
Output,yes,no,float,no,report_simulation_output.emissions_co_2_e_aer_mid_case_avg_fuel_oil_total_lb,lb,out.emissions.fuel_oil.aer_mid_case_avg..co2e_kg,out.fuel_oil.total.aer_mid_case_avg.co2e_kg,kg,0.45359237,Emissions: CO2e: AER_MidCase_Avg: Fuel Oil: Total,lb,out.total.aer_midcase_avg__fuel_oil.co2e_kg,out.total.aer_midcase_avg__fuel_oil.co2e_kg,kg,0.45359237,Scenario emissions for Fuel Oil only
Output,yes,no,float,no,report_simulation_output.emissions_co_2_e_aer_mid_case_avg_natural_gas_total_lb,lb,out.emissions.natural_gas.aer_mid_case_avg..co2e_kg,out.natural_gas.total.aer_mid_case_avg.co2e_kg,kg,0.45359237,Emissions: CO2e: AER_MidCase_Avg: Natural Gas: Total,lb,out.total.aer_midcase_avg__natural_gas.co2e_kg,out.total.aer_midcase_avg__natural_gas.co2e_kg,kg,0.45359237,Scenario emissions for Natural Gas only
Output,yes,no,float,no,report_simulation_output.emissions_co_2_e_aer_mid_case_avg_propane_total_lb,lb,out.emissions.propane.aer_mid_case_avg..co2e_kg,out.propane.total.aer_mid_case_avg.co2e_kg,kg,0.45359237,Emissions: CO2e: AER_MidCase_Avg: Propane: Total,lb,out.total.aer_midcase_avg__propane.co2e_kg,out.total.aer_midcase_avg__propane.co2e_kg,kg,0.45359237,Scenario emissions for Propane only
Output,yes,yes,float,yes,report_simulation_output.emissions_co_2_e_aer_mid_case_avg_total_lb,lb,out.emissions.total.aer_mid_case_avg..co2e_kg,out.all_fuels.total.aer_mid_case_avg.co2e_kg,kg,0.45359237,Emissions: CO2e: AER_MidCase_Avg: Total,lb,out.total.aer_midcase_avg.co2e_kg,out.total.aer_midcase_avg.co2e_kg,kg,0.45359237,"Scenario total emissions, includes any battery charging/discharging"
Output,no,no,float,no,report_utility_bills.ak_coal_energy_usd,$,out.utility_bills.ak_coal_energy..usd,out.bills.ak_energy_coal.usd,usd, 1,,,,,,,Annual energy charges for coal if calculated using AK utility rates.
Output,no,no,float,no,report_utility_bills.ak_coal_fixed_usd,$,out.utility_bills.ak_coal_fixed..usd,out.bills.ak_fixed_coal.usd,usd, 1,,,,,,,Annual fixed charges for coal if calculated using AK utility rates.
Output,no,no,float,no,report_utility_bills.ak_coal_total_usd,$,out.utility_bills.ak_coal_bill..usd,out.bills.ak_coal.usd,usd, 1,,,,,,,Annual total charges for coal if calculated using AK utility rates.
Output,no,no,float,no,report_utility_bills.ak_electricity_energy_usd,$,out.utility_bills.ak_electricity_energy..usd,out.bills.ak_energy_electricity.usd,usd, 1,,,,,,,Annual energy charges for electricity if calculated using AK utility rates.
Output,no,no,float,no,report_utility_bills.ak_electricity_fixed_usd,$,out.utility_bills.ak_electricity_fixed..usd,out.bills.ak_fixed_electricity.usd,usd, 1,,,,,,,Annual fixed charges for electricity if calculated using AK utility rates.
Output,no,no,float,no,report_utility_bills.ak_electricity_pv_credit_usd,$,out.utility_bills.ak_electricity_pv_credit..usd,out.bills.ak_pv_credit_electricity.usd,usd, 1,,,,,,,Annual PV generation credit for electricity if calculated using AK utility rates.
Output,yes,yes,float,no,report_utility_bills.ak_electricity_total_usd,$,out.utility_bills.ak_electricity_bill..usd,out.bills.ak_electricity.usd,usd, 1,,,,,,,Annual total charges for electricity if calculated using AK utility rates.
Output,no,no,float,no,report_utility_bills.ak_fuel_oil_energy_usd,$,out.utility_bills.ak_fuel_oil_energy..usd,out.bills.ak_energy_fuel_oil.usd,usd, 1,,,,,,,Annual energy charges for fuel_oil if calculated using AK utility rates.
Output,no,no,float,no,report_utility_bills.ak_fuel_oil_fixed_usd,$,out.utility_bills.ak_fuel_oil_fixed..usd,out.bills.ak_fixed_fuel_oil.usd,usd, 1,,,,,,,Annual fixed charges for fuel_oil if calculated using AK utility rates.
Output,yes,yes,float,no,report_utility_bills.ak_fuel_oil_total_usd,$,out.utility_bills.ak_fuel_oil_bill..usd,out.bills.ak_fuel_oil.usd,usd, 1,,,,,,,Annual total charges for fuel_oil if calculated using AK utility rates.
Output,no,no,float,no,report_utility_bills.ak_natural_gas_energy_usd,$,out.utility_bills.ak_natural_gas_energy..usd,out.bills.ak_energy_natural_gas.usd,usd, 1,,,,,,,Annual energy charges for natural_gas if calculated using AK utility rates.
Output,no,no,float,no,report_utility_bills.ak_natural_gas_fixed_usd,$,out.utility_bills.ak_natural_gas_fixed..usd,out.bills.ak_fixed_natural_gas.usd,usd, 1,,,,,,,Annual fixed charges for natural_gas if calculated using AK utility rates.
Output,yes,yes,float,no,report_utility_bills.ak_natural_gas_total_usd,$,out.utility_bills.ak_natural_gas_bill..usd,out.bills.ak_natural_gas.usd,usd, 1,,,,,,,Annual total charges for natural_gas if calculated using AK utility rates.
Output,no,no,float,no,report_utility_bills.ak_propane_energy_usd,$,out.utility_bills.ak_propane_energy..usd,out.bills.ak_energy_propane.usd,usd, 1,,,,,,,Annual energy charges for propane if calculated using AK utility rates.
Output,no,no,float,no,report_utility_bills.ak_propane_fixed_usd,$,out.utility_bills.ak_propane_fixed..usd,out.bills.ak_fixed_propane.usd,usd, 1,,,,,,,Annual fixed charges for propane if calculated using AK utility rates.
Output,yes,yes,float,no,report_utility_bills.ak_propane_total_usd,$,out.utility_bills.ak_propane_bill..usd,out.bills.ak_propane.usd,usd, 1,,,,,,,Annual total charges for propane if calculated using AK utility rates.
Output,yes,yes,float,no,report_utility_bills.ak_total_usd,$,out.utility_bills.ak_total_bill..usd,out.bills.ak_all_fuels.usd,usd, 1,,,,,,,Annual total charges for all fuels if calculated using AK utility rates.
Output,no,no,float,no,report_utility_bills.ak_wood_cord_energy_usd,$,out.utility_bills.ak_wood_cord_energy..usd,out.bills.ak_energy_wood_cord.usd,usd, 1,,,,,,,Annual energy charges for wood_cord if calculated using AK utility rates.
Output,no,no,float,no,report_utility_bills.ak_wood_cord_fixed_usd,$,out.utility_bills.ak_wood_cord_fixed..usd,out.bills.ak_fixed_wood_cord.usd,usd, 1,,,,,,,Annual fixed charges for wood_cord if calculated using AK utility rates.
Output,no,no,float,no,report_utility_bills.ak_wood_cord_total_usd,$,out.utility_bills.ak_wood_cord_bill..usd,out.bills.ak_wood_cord.usd,usd, 1,,,,,,,Annual total charges for wood_cord if calculated using AK utility rates.
Output,no,no,float,no,report_utility_bills.ak_wood_pellets_energy_usd,$,out.utility_bills.ak_wood_pellets_energy..usd,out.bills.ak_energy_wood_pellets.usd,usd, 1,,,,,,,Annual energy charges for wood_pellets if calculated using AK utility rates.
Output,no,no,float,no,report_utility_bills.ak_wood_pellets_fixed_usd,$,out.utility_bills.ak_wood_pellets_fixed..usd,out.bills.ak_fixed_wood_pellets.usd,usd, 1,,,,,,,Annual fixed charges for wood_pellets if calculated using AK utility rates.
Output,no,no,float,no,report_utility_bills.ak_wood_pellets_total_usd,$,out.utility_bills.ak_wood_pellets_bill..usd,out.bills.ak_wood_pellets.usd,usd, 1,,,,,,,Annual total charges for wood_pellets if calculated using AK utility rates.
Output,no,no,float,no,report_utility_bills.al_coal_energy_usd,$,out.utility_bills.al_coal_energy..usd,out.bills.al_energy_coal.usd,usd, 1,,,,,,,Annual energy charges for coal if calculated using AL utility rates.
Output,no,no,float,no,report_utility_bills.al_coal_fixed_usd,$,out.utility_bills.al_coal_fixed..usd,out.bills.al_fixed_coal.usd,usd, 1,,,,,,,Annual fixed charges for coal if calculated using AL utility rates.
Output,no,no,float,no,report_utility_bills.al_coal_total_usd,$,out.utility_bills.al_coal_bill..usd,out.bills.al_coal.usd,usd, 1,,,,,,,Annual total charges for coal if calculated using AL utility rates.
Output,no,no,float,no,report_utility_bills.al_electricity_energy_usd,$,out.utility_bills.al_electricity_energy..usd,out.bills.al_energy_electricity.usd,usd, 1,,,,,,,Annual energy charges for electricity if calculated using AL utility rates.
Output,no,no,float,no,report_utility_bills.al_electricity_fixed_usd,$,out.utility_bills.al_electricity_fixed..usd,out.bills.al_fixed_electricity.usd,usd, 1,,,,,,,Annual fixed charges for electricity if calculated using AL utility rates.
Output,no,no,float,no,report_utility_bills.al_electricity_pv_credit_usd,$,out.utility_bills.al_electricity_pv_credit..usd,out.bills.al_pv_credit_electricity.usd,usd, 1,,,,,,,Annual PV generation credit for electricity if calculated using AL utility rates.
Output,yes,yes,float,no,report_utility_bills.al_electricity_total_usd,$,out.utility_bills.al_electricity_bill..usd,out.bills.al_electricity.usd,usd, 1,,,,,,,Annual total charges for electricity if calculated using AL utility rates.
Output,no,no,float,no,report_utility_bills.al_fuel_oil_energy_usd,$,out.utility_bills.al_fuel_oil_energy..usd,out.bills.al_energy_fuel_oil.usd,usd, 1,,,,,,,Annual energy charges for fuel_oil if calculated using AL utility rates.
Output,no,no,float,no,report_utility_bills.al_fuel_oil_fixed_usd,$,out.utility_bills.al_fuel_oil_fixed..usd,out.bills.al_fixed_fuel_oil.usd,usd, 1,,,,,,,Annual fixed charges for fuel_oil if calculated using AL utility rates.
Output,yes,yes,float,no,report_utility_bills.al_fuel_oil_total_usd,$,out.utility_bills.al_fuel_oil_bill..usd,out.bills.al_fuel_oil.usd,usd, 1,,,,,,,Annual total charges for fuel_oil if calculated using AL utility rates.
Output,no,no,float,no,report_utility_bills.al_natural_gas_energy_usd,$,out.utility_bills.al_natural_gas_energy..usd,out.bills.al_energy_natural_gas.usd,usd, 1,,,,,,,Annual energy charges for natural_gas if calculated using AL utility rates.
Output,no,no,float,no,report_utility_bills.al_natural_gas_fixed_usd,$,out.utility_bills.al_natural_gas_fixed..usd,out.bills.al_fixed_natural_gas.usd,usd, 1,,,,,,,Annual fixed charges for natural_gas if calculated using AL utility rates.
Output,yes,yes,float,no,report_utility_bills.al_natural_gas_total_usd,$,out.utility_bills.al_natural_gas_bill..usd,out.bills.al_natural_gas.usd,usd, 1,,,,,,,Annual total charges for natural_gas if calculated using AL utility rates.
Output,no,no,float,no,report_utility_bills.al_propane_energy_usd,$,out.utility_bills.al_propane_energy..usd,out.bills.al_energy_propane.usd,usd, 1,,,,,,,Annual energy charges for propane if calculated using AL utility rates.
Output,no,no,float,no,report_utility_bills.al_propane_fixed_usd,$,out.utility_bills.al_propane_fixed..usd,out.bills.al_fixed_propane.usd,usd, 1,,,,,,,Annual fixed charges for propane if calculated using AL utility rates.
Output,yes,yes,float,no,report_utility_bills.al_propane_total_usd,$,out.utility_bills.al_propane_bill..usd,out.bills.al_propane.usd,usd, 1,,,,,,,Annual total charges for propane if calculated using AL utility rates.
Output,yes,yes,float,no,report_utility_bills.al_total_usd,$,out.utility_bills.al_total_bill..usd,out.bills.al_all_fuels.usd,usd, 1,,,,,,,Annual total charges for all fuels if calculated using AL utility rates.
Output,no,no,float,no,report_utility_bills.al_wood_cord_energy_usd,$,out.utility_bills.al_wood_cord_energy..usd,out.bills.al_energy_wood_cord.usd,usd, 1,,,,,,,Annual energy charges for wood_cord if calculated using AL utility rates.
Output,no,no,float,no,report_utility_bills.al_wood_cord_fixed_usd,$,out.utility_bills.al_wood_cord_fixed..usd,out.bills.al_fixed_wood_cord.usd,usd, 1,,,,,,,Annual fixed charges for wood_cord if calculated using AL utility rates.
Output,no,no,float,no,report_utility_bills.al_wood_cord_total_usd,$,out.utility_bills.al_wood_cord_bill..usd,out.bills.al_wood_cord.usd,usd, 1,,,,,,,Annual total charges for wood_cord if calculated using AL utility rates.
Output,no,no,float,no,report_utility_bills.al_wood_pellets_energy_usd,$,out.utility_bills.al_wood_pellets_energy..usd,out.bills.al_energy_wood_pellets.usd,usd, 1,,,,,,,Annual energy charges for wood_pellets if calculated using AL utility rates.
Output,no,no,float,no,report_utility_bills.al_wood_pellets_fixed_usd,$,out.utility_bills.al_wood_pellets_fixed..usd,out.bills.al_fixed_wood_pellets.usd,usd, 1,,,,,,,Annual fixed charges for wood_pellets if calculated using AL utility rates.
Output,no,no,float,no,report_utility_bills.al_wood_pellets_total_usd,$,out.utility_bills.al_wood_pellets_bill..usd,out.bills.al_wood_pellets.usd,usd, 1,,,,,,,Annual total charges for wood_pellets if calculated using AL utility rates.
Output,no,no,float,no,report_utility_bills.ar_coal_energy_usd,$,out.utility_bills.ar_coal_energy..usd,out.bills.ar_energy_coal.usd,usd, 1,,,,,,,Annual energy charges for coal if calculated using AR utility rates.
Output,no,no,float,no,report_utility_bills.ar_coal_fixed_usd,$,out.utility_bills.ar_coal_fixed..usd,out.bills.ar_fixed_coal.usd,usd, 1,,,,,,,Annual fixed charges for coal if calculated using AR utility rates.
Output,no,no,float,no,report_utility_bills.ar_coal_total_usd,$,out.utility_bills.ar_coal_bill..usd,out.bills.ar_coal.usd,usd, 1,,,,,,,Annual total charges for coal if calculated using AR utility rates.
Output,no,no,float,no,report_utility_bills.ar_electricity_energy_usd,$,out.utility_bills.ar_electricity_energy..usd,out.bills.ar_energy_electricity.usd,usd, 1,,,,,,,Annual energy charges for electricity if calculated using AR utility rates.
Output,no,no,float,no,report_utility_bills.ar_electricity_fixed_usd,$,out.utility_bills.ar_electricity_fixed..usd,out.bills.ar_fixed_electricity.usd,usd, 1,,,,,,,Annual fixed charges for electricity if calculated using AR utility rates.
Output,no,no,float,no,report_utility_bills.ar_electricity_pv_credit_usd,$,out.utility_bills.ar_electricity_pv_credit..usd,out.bills.ar_pv_credit_electricity.usd,usd, 1,,,,,,,Annual PV generation credit for electricity if calculated using AR utility rates.
Output,yes,yes,float,no,report_utility_bills.ar_electricity_total_usd,$,out.utility_bills.ar_electricity_bill..usd,out.bills.ar_electricity.usd,usd, 1,,,,,,,Annual total charges for electricity if calculated using AR utility rates.
Output,no,no,float,no,report_utility_bills.ar_fuel_oil_energy_usd,$,out.utility_bills.ar_fuel_oil_energy..usd,out.bills.ar_energy_fuel_oil.usd,usd, 1,,,,,,,Annual energy charges for fuel_oil if calculated using AR utility rates.
Output,no,no,float,no,report_utility_bills.ar_fuel_oil_fixed_usd,$,out.utility_bills.ar_fuel_oil_fixed..usd,out.bills.ar_fixed_fuel_oil.usd,usd, 1,,,,,,,Annual fixed charges for fuel_oil if calculated using AR utility rates.
Output,yes,yes,float,no,report_utility_bills.ar_fuel_oil_total_usd,$,out.utility_bills.ar_fuel_oil_bill..usd,out.bills.ar_fuel_oil.usd,usd, 1,,,,,,,Annual total charges for fuel_oil if calculated using AR utility rates.
Output,no,no,float,no,report_utility_bills.ar_natural_gas_energy_usd,$,out.utility_bills.ar_natural_gas_energy..usd,out.bills.ar_energy_natural_gas.usd,usd, 1,,,,,,,Annual energy charges for natural_gas if calculated using AR utility rates.
Output,no,no,float,no,report_utility_bills.ar_natural_gas_fixed_usd,$,out.utility_bills.ar_natural_gas_fixed..usd,out.bills.ar_fixed_natural_gas.usd,usd, 1,,,,,,,Annual fixed charges for natural_gas if calculated using AR utility rates.
Output,yes,yes,float,no,report_utility_bills.ar_natural_gas_total_usd,$,out.utility_bills.ar_natural_gas_bill..usd,out.bills.ar_natural_gas.usd,usd, 1,,,,,,,Annual total charges for natural_gas if calculated using AR utility rates.
Output,no,no,float,no,report_utility_bills.ar_propane_energy_usd,$,out.utility_bills.ar_propane_energy..usd,out.bills.ar_energy_propane.usd,usd, 1,,,,,,,Annual energy charges for propane if calculated using AR utility rates.
Output,no,no,float,no,report_utility_bills.ar_propane_fixed_usd,$,out.utility_bills.ar_propane_fixed..usd,out.bills.ar_fixed_propane.usd,usd, 1,,,,,,,Annual fixed charges for propane if calculated using AR utility rates.
Output,yes,yes,float,no,report_utility_bills.ar_propane_total_usd,$,out.utility_bills.ar_propane_bill..usd,out.bills.ar_propane.usd,usd, 1,,,,,,,Annual total charges for propane if calculated using AR utility rates.
Output,yes,yes,float,no,report_utility_bills.ar_total_usd,$,out.utility_bills.ar_total_bill..usd,out.bills.ar_all_fuels.usd,usd, 1,,,,,,,Annual total charges for all fuels if calculated using AR utility rates.
Output,no,no,float,no,report_utility_bills.ar_wood_cord_energy_usd,$,out.utility_bills.ar_wood_cord_energy..usd,out.bills.ar_energy_wood_cord.usd,usd, 1,,,,,,,Annual energy charges for wood_cord if calculated using AR utility rates.
Output,no,no,float,no,report_utility_bills.ar_wood_cord_fixed_usd,$,out.utility_bills.ar_wood_cord_fixed..usd,out.bills.ar_fixed_wood_cord.usd,usd, 1,,,,,,,Annual fixed charges for wood_cord if calculated using AR utility rates.
Output,no,no,float,no,report_utility_bills.ar_wood_cord_total_usd,$,out.utility_bills.ar_wood_cord_bill..usd,out.bills.ar_wood_cord.usd,usd, 1,,,,,,,Annual total charges for wood_cord if calculated using AR utility rates.
Output,no,no,float,no,report_utility_bills.ar_wood_pellets_energy_usd,$,out.utility_bills.ar_wood_pellets_energy..usd,out.bills.ar_energy_wood_pellets.usd,usd, 1,,,,,,,Annual energy charges for wood_pellets if calculated using AR utility rates.
Output,no,no,float,no,report_utility_bills.ar_wood_pellets_fixed_usd,$,out.utility_bills.ar_wood_pellets_fixed..usd,out.bills.ar_fixed_wood_pellets.usd,usd, 1,,,,,,,Annual fixed charges for wood_pellets if calculated using AR utility rates.
Output,no,no,float,no,report_utility_bills.ar_wood_pellets_total_usd,$,out.utility_bills.ar_wood_pellets_bill..usd,out.bills.ar_wood_pellets.usd,usd, 1,,,,,,,Annual total charges for wood_pellets if calculated using AR utility rates.
Output,no,no,float,no,report_utility_bills.az_coal_energy_usd,$,out.utility_bills.az_coal_energy..usd,out.bills.az_energy_coal.usd,usd, 1,,,,,,,Annual energy charges for coal if calculated using AZ utility rates.
Output,no,no,float,no,report_utility_bills.az_coal_fixed_usd,$,out.utility_bills.az_coal_fixed..usd,out.bills.az_fixed_coal.usd,usd, 1,,,,,,,Annual fixed charges for coal if calculated using AZ utility rates.
Output,no,no,float,no,report_utility_bills.az_coal_total_usd,$,out.utility_bills.az_coal_bill..usd,out.bills.az_coal.usd,usd, 1,,,,,,,Annual total charges for coal if calculated using AZ utility rates.
Output,no,no,float,no,report_utility_bills.az_electricity_energy_usd,$,out.utility_bills.az_electricity_energy..usd,out.bills.az_energy_electricity.usd,usd, 1,,,,,,,Annual energy charges for electricity if calculated using AZ utility rates.
Output,no,no,float,no,report_utility_bills.az_electricity_fixed_usd,$,out.utility_bills.az_electricity_fixed..usd,out.bills.az_fixed_electricity.usd,usd, 1,,,,,,,Annual fixed charges for electricity if calculated using AZ utility rates.
Output,no,no,float,no,report_utility_bills.az_electricity_pv_credit_usd,$,out.utility_bills.az_electricity_pv_credit..usd,out.bills.az_pv_credit_electricity.usd,usd, 1,,,,,,,Annual PV generation credit for electricity if calculated using AZ utility rates.
Output,yes,yes,float,no,report_utility_bills.az_electricity_total_usd,$,out.utility_bills.az_electricity_bill..usd,out.bills.az_electricity.usd,usd, 1,,,,,,,Annual total charges for electricity if calculated using AZ utility rates.
Output,no,no,float,no,report_utility_bills.az_fuel_oil_energy_usd,$,out.utility_bills.az_fuel_oil_energy..usd,out.bills.az_energy_fuel_oil.usd,usd, 1,,,,,,,Annual energy charges for fuel_oil if calculated using AZ utility rates.
Output,no,no,float,no,report_utility_bills.az_fuel_oil_fixed_usd,$,out.utility_bills.az_fuel_oil_fixed..usd,out.bills.az_fixed_fuel_oil.usd,usd, 1,,,,,,,Annual fixed charges for fuel_oil if calculated using AZ utility rates.
Output,yes,yes,float,no,report_utility_bills.az_fuel_oil_total_usd,$,out.utility_bills.az_fuel_oil_bill..usd,out.bills.az_fuel_oil.usd,usd, 1,,,,,,,Annual total charges for fuel_oil if calculated using AZ utility rates.
Output,no,no,float,no,report_utility_bills.az_natural_gas_energy_usd,$,out.utility_bills.az_natural_gas_energy..usd,out.bills.az_energy_natural_gas.usd,usd, 1,,,,,,,Annual energy charges for natural_gas if calculated using AZ utility rates.
Output,no,no,float,no,report_utility_bills.az_natural_gas_fixed_usd,$,out.utility_bills.az_natural_gas_fixed..usd,out.bills.az_fixed_natural_gas.usd,usd, 1,,,,,,,Annual fixed charges for natural_gas if calculated using AZ utility rates.
Output,yes,yes,float,no,report_utility_bills.az_natural_gas_total_usd,$,out.utility_bills.az_natural_gas_bill..usd,out.bills.az_natural_gas.usd,usd, 1,,,,,,,Annual total charges for natural_gas if calculated using AZ utility rates.
Output,no,no,float,no,report_utility_bills.az_propane_energy_usd,$,out.utility_bills.az_propane_energy..usd,out.bills.az_energy_propane.usd,usd, 1,,,,,,,Annual energy charges for propane if calculated using AZ utility rates.
Output,no,no,float,no,report_utility_bills.az_propane_fixed_usd,$,out.utility_bills.az_propane_fixed..usd,out.bills.az_fixed_propane.usd,usd, 1,,,,,,,Annual fixed charges for propane if calculated using AZ utility rates.
Output,yes,yes,float,no,report_utility_bills.az_propane_total_usd,$,out.utility_bills.az_propane_bill..usd,out.bills.az_propane.usd,usd, 1,,,,,,,Annual total charges for propane if calculated using AZ utility rates.
Output,yes,yes,float,no,report_utility_bills.az_total_usd,$,out.utility_bills.az_total_bill..usd,out.bills.az_all_fuels.usd,usd, 1,,,,,,,Annual total charges for all fuels if calculated using AZ utility rates.
Output,no,no,float,no,report_utility_bills.az_wood_cord_energy_usd,$,out.utility_bills.az_wood_cord_energy..usd,out.bills.az_energy_wood_cord.usd,usd, 1,,,,,,,Annual energy charges for wood_cord if calculated using AZ utility rates.
Output,no,no,float,no,report_utility_bills.az_wood_cord_fixed_usd,$,out.utility_bills.az_wood_cord_fixed..usd,out.bills.az_fixed_wood_cord.usd,usd, 1,,,,,,,Annual fixed charges for wood_cord if calculated using AZ utility rates.
Output,no,no,float,no,report_utility_bills.az_wood_cord_total_usd,$,out.utility_bills.az_wood_cord_bill..usd,out.bills.az_wood_cord.usd,usd, 1,,,,,,,Annual total charges for wood_cord if calculated using AZ utility rates.
Output,no,no,float,no,report_utility_bills.az_wood_pellets_energy_usd,$,out.utility_bills.az_wood_pellets_energy..usd,out.bills.az_energy_wood_pellets.usd,usd, 1,,,,,,,Annual energy charges for wood_pellets if calculated using AZ utility rates.
Output,no,no,float,no,report_utility_bills.az_wood_pellets_fixed_usd,$,out.utility_bills.az_wood_pellets_fixed..usd,out.bills.az_fixed_wood_pellets.usd,usd, 1,,,,,,,Annual fixed charges for wood_pellets if calculated using AZ utility rates.
Output,no,no,float,no,report_utility_bills.az_wood_pellets_total_usd,$,out.utility_bills.az_wood_pellets_bill..usd,out.bills.az_wood_pellets.usd,usd, 1,,,,,,,Annual total charges for wood_pellets if calculated using AZ utility rates.
Output,no,no,float,no,report_utility_bills.ca_coal_energy_usd,$,out.utility_bills.ca_coal_energy..usd,out.bills.ca_energy_coal.usd,usd, 1,,,,,,,Annual energy charges for coal if calculated using CA utility rates.
Output,no,no,float,no,report_utility_bills.ca_coal_fixed_usd,$,out.utility_bills.ca_coal_fixed..usd,out.bills.ca_fixed_coal.usd,usd, 1,,,,,,,Annual fixed charges for coal if calculated using CA utility rates.
Output,no,no,float,no,report_utility_bills.ca_coal_total_usd,$,out.utility_bills.ca_coal_bill..usd,out.bills.ca_coal.usd,usd, 1,,,,,,,Annual total charges for coal if calculated using CA utility rates.
Output,no,no,float,no,report_utility_bills.ca_electricity_energy_usd,$,out.utility_bills.ca_electricity_energy..usd,out.bills.ca_energy_electricity.usd,usd, 1,,,,,,,Annual energy charges for electricity if calculated using CA utility rates.
Output,no,no,float,no,report_utility_bills.ca_electricity_fixed_usd,$,out.utility_bills.ca_electricity_fixed..usd,out.bills.ca_fixed_electricity.usd,usd, 1,,,,,,,Annual fixed charges for electricity if calculated using CA utility rates.
Output,no,no,float,no,report_utility_bills.ca_electricity_pv_credit_usd,$,out.utility_bills.ca_electricity_pv_credit..usd,out.bills.ca_pv_credit_electricity.usd,usd, 1,,,,,,,Annual PV generation credit for electricity if calculated using CA utility rates.
Output,yes,yes,float,no,report_utility_bills.ca_electricity_total_usd,$,out.utility_bills.ca_electricity_bill..usd,out.bills.ca_electricity.usd,usd, 1,,,,,,,Annual total charges for electricity if calculated using CA utility rates.
Output,no,no,float,no,report_utility_bills.ca_fuel_oil_energy_usd,$,out.utility_bills.ca_fuel_oil_energy..usd,out.bills.ca_energy_fuel_oil.usd,usd, 1,,,,,,,Annual energy charges for fuel_oil if calculated using CA utility rates.
Output,no,no,float,no,report_utility_bills.ca_fuel_oil_fixed_usd,$,out.utility_bills.ca_fuel_oil_fixed..usd,out.bills.ca_fixed_fuel_oil.usd,usd, 1,,,,,,,Annual fixed charges for fuel_oil if calculated using CA utility rates.
Output,yes,yes,float,no,report_utility_bills.ca_fuel_oil_total_usd,$,out.utility_bills.ca_fuel_oil_bill..usd,out.bills.ca_fuel_oil.usd,usd, 1,,,,,,,Annual total charges for fuel_oil if calculated using CA utility rates.
Output,no,no,float,no,report_utility_bills.ca_natural_gas_energy_usd,$,out.utility_bills.ca_natural_gas_energy..usd,out.bills.ca_energy_natural_gas.usd,usd, 1,,,,,,,Annual energy charges for natural_gas if calculated using CA utility rates.
Output,no,no,float,no,report_utility_bills.ca_natural_gas_fixed_usd,$,out.utility_bills.ca_natural_gas_fixed..usd,out.bills.ca_fixed_natural_gas.usd,usd, 1,,,,,,,Annual fixed charges for natural_gas if calculated using CA utility rates.
Output,yes,yes,float,no,report_utility_bills.ca_natural_gas_total_usd,$,out.utility_bills.ca_natural_gas_bill..usd,out.bills.ca_natural_gas.usd,usd, 1,,,,,,,Annual total charges for natural_gas if calculated using CA utility rates.
Output,no,no,float,no,report_utility_bills.ca_propane_energy_usd,$,out.utility_bills.ca_propane_energy..usd,out.bills.ca_energy_propane.usd,usd, 1,,,,,,,Annual energy charges for propane if calculated using CA utility rates.
Output,no,no,float,no,report_utility_bills.ca_propane_fixed_usd,$,out.utility_bills.ca_propane_fixed..usd,out.bills.ca_fixed_propane.usd,usd, 1,,,,,,,Annual fixed charges for propane if calculated using CA utility rates.
Output,yes,yes,float,no,report_utility_bills.ca_propane_total_usd,$,out.utility_bills.ca_propane_bill..usd,out.bills.ca_propane.usd,usd, 1,,,,,,,Annual total charges for propane if calculated using CA utility rates.
Output,yes,yes,float,no,report_utility_bills.ca_total_usd,$,out.utility_bills.ca_total_bill..usd,out.bills.ca_all_fuels.usd,usd, 1,,,,,,,Annual total charges for all fuels if calculated using CA utility rates.
Output,no,no,float,no,report_utility_bills.ca_wood_cord_energy_usd,$,out.utility_bills.ca_wood_cord_energy..usd,out.bills.ca_energy_wood_cord.usd,usd, 1,,,,,,,Annual energy charges for wood_cord if calculated using CA utility rates.
Output,no,no,float,no,report_utility_bills.ca_wood_cord_fixed_usd,$,out.utility_bills.ca_wood_cord_fixed..usd,out.bills.ca_fixed_wood_cord.usd,usd, 1,,,,,,,Annual fixed charges for wood_cord if calculated using CA utility rates.
Output,no,no,float,no,report_utility_bills.ca_wood_cord_total_usd,$,out.utility_bills.ca_wood_cord_bill..usd,out.bills.ca_wood_cord.usd,usd, 1,,,,,,,Annual total charges for wood_cord if calculated using CA utility rates.
Output,no,no,float,no,report_utility_bills.ca_wood_pellets_energy_usd,$,out.utility_bills.ca_wood_pellets_energy..usd,out.bills.ca_energy_wood_pellets.usd,usd, 1,,,,,,,Annual energy charges for wood_pellets if calculated using CA utility rates.
Output,no,no,float,no,report_utility_bills.ca_wood_pellets_fixed_usd,$,out.utility_bills.ca_wood_pellets_fixed..usd,out.bills.ca_fixed_wood_pellets.usd,usd, 1,,,,,,,Annual fixed charges for wood_pellets if calculated using CA utility rates.
Output,no,no,float,no,report_utility_bills.ca_wood_pellets_total_usd,$,out.utility_bills.ca_wood_pellets_bill..usd,out.bills.ca_wood_pellets.usd,usd, 1,,,,,,,Annual total charges for wood_pellets if calculated using CA utility rates.
Output,no,no,float,no,report_utility_bills.co_coal_energy_usd,$,out.utility_bills.co_coal_energy..usd,out.bills.co_energy_coal.usd,usd, 1,,,,,,,Annual energy charges for coal if calculated using CO utility rates.
Output,no,no,float,no,report_utility_bills.co_coal_fixed_usd,$,out.utility_bills.co_coal_fixed..usd,out.bills.co_fixed_coal.usd,usd, 1,,,,,,,Annual fixed charges for coal if calculated using CO utility rates.
Output,no,no,float,no,report_utility_bills.co_coal_total_usd,$,out.utility_bills.co_coal_bill..usd,out.bills.co_coal.usd,usd, 1,,,,,,,Annual total charges for coal if calculated using CO utility rates.
Output,no,no,float,no,report_utility_bills.co_electricity_energy_usd,$,out.utility_bills.co_electricity_energy..usd,out.bills.co_energy_electricity.usd,usd, 1,,,,,,,Annual energy charges for electricity if calculated using CO utility rates.
Output,no,no,float,no,report_utility_bills.co_electricity_fixed_usd,$,out.utility_bills.co_electricity_fixed..usd,out.bills.co_fixed_electricity.usd,usd, 1,,,,,,,Annual fixed charges for electricity if calculated using CO utility rates.
Output,no,no,float,no,report_utility_bills.co_electricity_pv_credit_usd,$,out.utility_bills.co_electricity_pv_credit..usd,out.bills.co_pv_credit_electricity.usd,usd, 1,,,,,,,Annual PV generation credit for electricity if calculated using CO utility rates.
Output,yes,yes,float,no,report_utility_bills.co_electricity_total_usd,$,out.utility_bills.co_electricity_bill..usd,out.bills.co_electricity.usd,usd, 1,,,,,,,Annual total charges for electricity if calculated using CO utility rates.
Output,no,no,float,no,report_utility_bills.co_fuel_oil_energy_usd,$,out.utility_bills.co_fuel_oil_energy..usd,out.bills.co_energy_fuel_oil.usd,usd, 1,,,,,,,Annual energy charges for fuel_oil if calculated using CO utility rates.
Output,no,no,float,no,report_utility_bills.co_fuel_oil_fixed_usd,$,out.utility_bills.co_fuel_oil_fixed..usd,out.bills.co_fixed_fuel_oil.usd,usd, 1,,,,,,,Annual fixed charges for fuel_oil if calculated using CO utility rates.
Output,yes,yes,float,no,report_utility_bills.co_fuel_oil_total_usd,$,out.utility_bills.co_fuel_oil_bill..usd,out.bills.co_fuel_oil.usd,usd, 1,,,,,,,Annual total charges for fuel_oil if calculated using CO utility rates.
Output,no,no,float,no,report_utility_bills.co_natural_gas_energy_usd,$,out.utility_bills.co_natural_gas_energy..usd,out.bills.co_energy_natural_gas.usd,usd, 1,,,,,,,Annual energy charges for natural_gas if calculated using CO utility rates.
Output,no,no,float,no,report_utility_bills.co_natural_gas_fixed_usd,$,out.utility_bills.co_natural_gas_fixed..usd,out.bills.co_fixed_natural_gas.usd,usd, 1,,,,,,,Annual fixed charges for natural_gas if calculated using CO utility rates.
Output,yes,yes,float,no,report_utility_bills.co_natural_gas_total_usd,$,out.utility_bills.co_natural_gas_bill..usd,out.bills.co_natural_gas.usd,usd, 1,,,,,,,Annual total charges for natural_gas if calculated using CO utility rates.
Output,no,no,float,no,report_utility_bills.co_propane_energy_usd,$,out.utility_bills.co_propane_energy..usd,out.bills.co_energy_propane.usd,usd, 1,,,,,,,Annual energy charges for propane if calculated using CO utility rates.
Output,no,no,float,no,report_utility_bills.co_propane_fixed_usd,$,out.utility_bills.co_propane_fixed..usd,out.bills.co_fixed_propane.usd,usd, 1,,,,,,,Annual fixed charges for propane if calculated using CO utility rates.
Output,yes,yes,float,no,report_utility_bills.co_propane_total_usd,$,out.utility_bills.co_propane_bill..usd,out.bills.co_propane.usd,usd, 1,,,,,,,Annual total charges for propane if calculated using CO utility rates.
Output,yes,yes,float,no,report_utility_bills.co_total_usd,$,out.utility_bills.co_total_bill..usd,out.bills.co_all_fuels.usd,usd, 1,,,,,,,Annual total charges for all fuels if calculated using CO utility rates.
Output,no,no,float,no,report_utility_bills.co_wood_cord_energy_usd,$,out.utility_bills.co_wood_cord_energy..usd,out.bills.co_energy_wood_cord.usd,usd, 1,,,,,,,Annual energy charges for wood_cord if calculated using CO utility rates.
Output,no,no,float,no,report_utility_bills.co_wood_cord_fixed_usd,$,out.utility_bills.co_wood_cord_fixed..usd,out.bills.co_fixed_wood_cord.usd,usd, 1,,,,,,,Annual fixed charges for wood_cord if calculated using CO utility rates.
Output,no,no,float,no,report_utility_bills.co_wood_cord_total_usd,$,out.utility_bills.co_wood_cord_bill..usd,out.bills.co_wood_cord.usd,usd, 1,,,,,,,Annual total charges for wood_cord if calculated using CO utility rates.
Output,no,no,float,no,report_utility_bills.co_wood_pellets_energy_usd,$,out.utility_bills.co_wood_pellets_energy..usd,out.bills.co_energy_wood_pellets.usd,usd, 1,,,,,,,Annual energy charges for wood_pellets if calculated using CO utility rates.
Output,no,no,float,no,report_utility_bills.co_wood_pellets_fixed_usd,$,out.utility_bills.co_wood_pellets_fixed..usd,out.bills.co_fixed_wood_pellets.usd,usd, 1,,,,,,,Annual fixed charges for wood_pellets if calculated using CO utility rates.
Output,no,no,float,no,report_utility_bills.co_wood_pellets_total_usd,$,out.utility_bills.co_wood_pellets_bill..usd,out.bills.co_wood_pellets.usd,usd, 1,,,,,,,Annual total charges for wood_pellets if calculated using CO utility rates.
Output,no,no,float,no,report_utility_bills.ct_coal_energy_usd,$,out.utility_bills.ct_coal_energy..usd,out.bills.ct_energy_coal.usd,usd, 1,,,,,,,Annual energy charges for coal if calculated using CT utility rates.
Output,no,no,float,no,report_utility_bills.ct_coal_fixed_usd,$,out.utility_bills.ct_coal_fixed..usd,out.bills.ct_fixed_coal.usd,usd, 1,,,,,,,Annual fixed charges for coal if calculated using CT utility rates.
Output,no,no,float,no,report_utility_bills.ct_coal_total_usd,$,out.utility_bills.ct_coal_bill..usd,out.bills.ct_coal.usd,usd, 1,,,,,,,Annual total charges for coal if calculated using CT utility rates.
Output,no,no,float,no,report_utility_bills.ct_electricity_energy_usd,$,out.utility_bills.ct_electricity_energy..usd,out.bills.ct_energy_electricity.usd,usd, 1,,,,,,,Annual energy charges for electricity if calculated using CT utility rates.
Output,no,no,float,no,report_utility_bills.ct_electricity_fixed_usd,$,out.utility_bills.ct_electricity_fixed..usd,out.bills.ct_fixed_electricity.usd,usd, 1,,,,,,,Annual fixed charges for electricity if calculated using CT utility rates.
Output,no,no,float,no,report_utility_bills.ct_electricity_pv_credit_usd,$,out.utility_bills.ct_electricity_pv_credit..usd,out.bills.ct_pv_credit_electricity.usd,usd, 1,,,,,,,Annual PV generation credit for electricity if calculated using CT utility rates.
Output,yes,yes,float,no,report_utility_bills.ct_electricity_total_usd,$,out.utility_bills.ct_electricity_bill..usd,out.bills.ct_electricity.usd,usd, 1,,,,,,,Annual total charges for electricity if calculated using CT utility rates.
Output,no,no,float,no,report_utility_bills.ct_fuel_oil_energy_usd,$,out.utility_bills.ct_fuel_oil_energy..usd,out.bills.ct_energy_fuel_oil.usd,usd, 1,,,,,,,Annual energy charges for fuel_oil if calculated using CT utility rates.
Output,no,no,float,no,report_utility_bills.ct_fuel_oil_fixed_usd,$,out.utility_bills.ct_fuel_oil_fixed..usd,out.bills.ct_fixed_fuel_oil.usd,usd, 1,,,,,,,Annual fixed charges for fuel_oil if calculated using CT utility rates.
Output,yes,yes,float,no,report_utility_bills.ct_fuel_oil_total_usd,$,out.utility_bills.ct_fuel_oil_bill..usd,out.bills.ct_fuel_oil.usd,usd, 1,,,,,,,Annual total charges for fuel_oil if calculated using CT utility rates.
Output,no,no,float,no,report_utility_bills.ct_natural_gas_energy_usd,$,out.utility_bills.ct_natural_gas_energy..usd,out.bills.ct_energy_natural_gas.usd,usd, 1,,,,,,,Annual energy charges for natural_gas if calculated using CT utility rates.
Output,no,no,float,no,report_utility_bills.ct_natural_gas_fixed_usd,$,out.utility_bills.ct_natural_gas_fixed..usd,out.bills.ct_fixed_natural_gas.usd,usd, 1,,,,,,,Annual fixed charges for natural_gas if calculated using CT utility rates.
Output,yes,yes,float,no,report_utility_bills.ct_natural_gas_total_usd,$,out.utility_bills.ct_natural_gas_bill..usd,out.bills.ct_natural_gas.usd,usd, 1,,,,,,,Annual total charges for natural_gas if calculated using CT utility rates.
Output,no,no,float,no,report_utility_bills.ct_propane_energy_usd,$,out.utility_bills.ct_propane_energy..usd,out.bills.ct_energy_propane.usd,usd, 1,,,,,,,Annual energy charges for propane if calculated using CT utility rates.
Output,no,no,float,no,report_utility_bills.ct_propane_fixed_usd,$,out.utility_bills.ct_propane_fixed..usd,out.bills.ct_fixed_propane.usd,usd, 1,,,,,,,Annual fixed charges for propane if calculated using CT utility rates.
Output,yes,yes,float,no,report_utility_bills.ct_propane_total_usd,$,out.utility_bills.ct_propane_bill..usd,out.bills.ct_propane.usd,usd, 1,,,,,,,Annual total charges for propane if calculated using CT utility rates.
Output,yes,yes,float,no,report_utility_bills.ct_total_usd,$,out.utility_bills.ct_total_bill..usd,out.bills.ct_all_fuels.usd,usd, 1,,,,,,,Annual total charges for all fuels if calculated using CT utility rates.
Output,no,no,float,no,report_utility_bills.ct_wood_cord_energy_usd,$,out.utility_bills.ct_wood_cord_energy..usd,out.bills.ct_energy_wood_cord.usd,usd, 1,,,,,,,Annual energy charges for wood_cord if calculated using CT utility rates.
Output,no,no,float,no,report_utility_bills.ct_wood_cord_fixed_usd,$,out.utility_bills.ct_wood_cord_fixed..usd,out.bills.ct_fixed_wood_cord.usd,usd, 1,,,,,,,Annual fixed charges for wood_cord if calculated using CT utility rates.
Output,no,no,float,no,report_utility_bills.ct_wood_cord_total_usd,$,out.utility_bills.ct_wood_cord_bill..usd,out.bills.ct_wood_cord.usd,usd, 1,,,,,,,Annual total charges for wood_cord if calculated using CT utility rates.
Output,no,no,float,no,report_utility_bills.ct_wood_pellets_energy_usd,$,out.utility_bills.ct_wood_pellets_energy..usd,out.bills.ct_energy_wood_pellets.usd,usd, 1,,,,,,,Annual energy charges for wood_pellets if calculated using CT utility rates.
Output,no,no,float,no,report_utility_bills.ct_wood_pellets_fixed_usd,$,out.utility_bills.ct_wood_pellets_fixed..usd,out.bills.ct_fixed_wood_pellets.usd,usd, 1,,,,,,,Annual fixed charges for wood_pellets if calculated using CT utility rates.
Output,no,no,float,no,report_utility_bills.ct_wood_pellets_total_usd,$,out.utility_bills.ct_wood_pellets_bill..usd,out.bills.ct_wood_pellets.usd,usd, 1,,,,,,,Annual total charges for wood_pellets if calculated using CT utility rates.
Output,no,no,float,no,report_utility_bills.dc_coal_energy_usd,$,out.utility_bills.dc_coal_energy..usd,out.bills.dc_energy_coal.usd,usd, 1,,,,,,,Annual energy charges for coal if calculated using DC utility rates.
Output,no,no,float,no,report_utility_bills.dc_coal_fixed_usd,$,out.utility_bills.dc_coal_fixed..usd,out.bills.dc_fixed_coal.usd,usd, 1,,,,,,,Annual fixed charges for coal if calculated using DC utility rates.
Output,no,no,float,no,report_utility_bills.dc_coal_total_usd,$,out.utility_bills.dc_coal_bill..usd,out.bills.dc_coal.usd,usd, 1,,,,,,,Annual total charges for coal if calculated using DC utility rates.
Output,no,no,float,no,report_utility_bills.dc_electricity_energy_usd,$,out.utility_bills.dc_electricity_energy..usd,out.bills.dc_energy_electricity.usd,usd, 1,,,,,,,Annual energy charges for electricity if calculated using DC utility rates.
Output,no,no,float,no,report_utility_bills.dc_electricity_fixed_usd,$,out.utility_bills.dc_electricity_fixed..usd,out.bills.dc_fixed_electricity.usd,usd, 1,,,,,,,Annual fixed charges for electricity if calculated using DC utility rates.
Output,no,no,float,no,report_utility_bills.dc_electricity_pv_credit_usd,$,out.utility_bills.dc_electricity_pv_credit..usd,out.bills.dc_pv_credit_electricity.usd,usd, 1,,,,,,,Annual PV generation credit for electricity if calculated using DC utility rates.
Output,yes,yes,float,no,report_utility_bills.dc_electricity_total_usd,$,out.utility_bills.dc_electricity_bill..usd,out.bills.dc_electricity.usd,usd, 1,,,,,,,Annual total charges for electricity if calculated using DC utility rates.
Output,no,no,float,no,report_utility_bills.dc_fuel_oil_energy_usd,$,out.utility_bills.dc_fuel_oil_energy..usd,out.bills.dc_energy_fuel_oil.usd,usd, 1,,,,,,,Annual energy charges for fuel_oil if calculated using DC utility rates.
Output,no,no,float,no,report_utility_bills.dc_fuel_oil_fixed_usd,$,out.utility_bills.dc_fuel_oil_fixed..usd,out.bills.dc_fixed_fuel_oil.usd,usd, 1,,,,,,,Annual fixed charges for fuel_oil if calculated using DC utility rates.
Output,yes,yes,float,no,report_utility_bills.dc_fuel_oil_total_usd,$,out.utility_bills.dc_fuel_oil_bill..usd,out.bills.dc_fuel_oil.usd,usd, 1,,,,,,,Annual total charges for fuel_oil if calculated using DC utility rates.
Output,no,no,float,no,report_utility_bills.dc_natural_gas_energy_usd,$,out.utility_bills.dc_natural_gas_energy..usd,out.bills.dc_energy_natural_gas.usd,usd, 1,,,,,,,Annual energy charges for natural_gas if calculated using DC utility rates.
Output,no,no,float,no,report_utility_bills.dc_natural_gas_fixed_usd,$,out.utility_bills.dc_natural_gas_fixed..usd,out.bills.dc_fixed_natural_gas.usd,usd, 1,,,,,,,Annual fixed charges for natural_gas if calculated using DC utility rates.
Output,yes,yes,float,no,report_utility_bills.dc_natural_gas_total_usd,$,out.utility_bills.dc_natural_gas_bill..usd,out.bills.dc_natural_gas.usd,usd, 1,,,,,,,Annual total charges for natural_gas if calculated using DC utility rates.
Output,no,no,float,no,report_utility_bills.dc_propane_energy_usd,$,out.utility_bills.dc_propane_energy..usd,out.bills.dc_energy_propane.usd,usd, 1,,,,,,,Annual energy charges for propane if calculated using DC utility rates.
Output,no,no,float,no,report_utility_bills.dc_propane_fixed_usd,$,out.utility_bills.dc_propane_fixed..usd,out.bills.dc_fixed_propane.usd,usd, 1,,,,,,,Annual fixed charges for propane if calculated using DC utility rates.
Output,yes,yes,float,no,report_utility_bills.dc_propane_total_usd,$,out.utility_bills.dc_propane_bill..usd,out.bills.dc_propane.usd,usd, 1,,,,,,,Annual total charges for propane if calculated using DC utility rates.
Output,yes,yes,float,no,report_utility_bills.dc_total_usd,$,out.utility_bills.dc_total_bill..usd,out.bills.dc_all_fuels.usd,usd, 1,,,,,,,Annual total charges for all fuels if calculated using DC utility rates.
Output,no,no,float,no,report_utility_bills.dc_wood_cord_energy_usd,$,out.utility_bills.dc_wood_cord_energy..usd,out.bills.dc_energy_wood_cord.usd,usd, 1,,,,,,,Annual energy charges for wood_cord if calculated using DC utility rates.
Output,no,no,float,no,report_utility_bills.dc_wood_cord_fixed_usd,$,out.utility_bills.dc_wood_cord_fixed..usd,out.bills.dc_fixed_wood_cord.usd,usd, 1,,,,,,,Annual fixed charges for wood_cord if calculated using DC utility rates.
Output,no,no,float,no,report_utility_bills.dc_wood_cord_total_usd,$,out.utility_bills.dc_wood_cord_bill..usd,out.bills.dc_wood_cord.usd,usd, 1,,,,,,,Annual total charges for wood_cord if calculated using DC utility rates.
Output,no,no,float,no,report_utility_bills.dc_wood_pellets_energy_usd,$,out.utility_bills.dc_wood_pellets_energy..usd,out.bills.dc_energy_wood_pellets.usd,usd, 1,,,,,,,Annual energy charges for wood_pellets if calculated using DC utility rates.
Output,no,no,float,no,report_utility_bills.dc_wood_pellets_fixed_usd,$,out.utility_bills.dc_wood_pellets_fixed..usd,out.bills.dc_fixed_wood_pellets.usd,usd, 1,,,,,,,Annual fixed charges for wood_pellets if calculated using DC utility rates.
Output,no,no,float,no,report_utility_bills.dc_wood_pellets_total_usd,$,out.utility_bills.dc_wood_pellets_bill..usd,out.bills.dc_wood_pellets.usd,usd, 1,,,,,,,Annual total charges for wood_pellets if calculated using DC utility rates.
Output,no,no,float,no,report_utility_bills.de_coal_energy_usd,$,out.utility_bills.de_coal_energy..usd,out.bills.de_energy_coal.usd,usd, 1,,,,,,,Annual energy charges for coal if calculated using DE utility rates.
Output,no,no,float,no,report_utility_bills.de_coal_fixed_usd,$,out.utility_bills.de_coal_fixed..usd,out.bills.de_fixed_coal.usd,usd, 1,,,,,,,Annual fixed charges for coal if calculated using DE utility rates.
Output,no,no,float,no,report_utility_bills.de_coal_total_usd,$,out.utility_bills.de_coal_bill..usd,out.bills.de_coal.usd,usd, 1,,,,,,,Annual total charges for coal if calculated using DE utility rates.
Output,no,no,float,no,report_utility_bills.de_electricity_energy_usd,$,out.utility_bills.de_electricity_energy..usd,out.bills.de_energy_electricity.usd,usd, 1,,,,,,,Annual energy charges for electricity if calculated using DE utility rates.
Output,no,no,float,no,report_utility_bills.de_electricity_fixed_usd,$,out.utility_bills.de_electricity_fixed..usd,out.bills.de_fixed_electricity.usd,usd, 1,,,,,,,Annual fixed charges for electricity if calculated using DE utility rates.
Output,no,no,float,no,report_utility_bills.de_electricity_pv_credit_usd,$,out.utility_bills.de_electricity_pv_credit..usd,out.bills.de_pv_credit_electricity.usd,usd, 1,,,,,,,Annual PV generation credit for electricity if calculated using DE utility rates.
Output,yes,yes,float,no,report_utility_bills.de_electricity_total_usd,$,out.utility_bills.de_electricity_bill..usd,out.bills.de_electricity.usd,usd, 1,,,,,,,Annual total charges for electricity if calculated using DE utility rates.
Output,no,no,float,no,report_utility_bills.de_fuel_oil_energy_usd,$,out.utility_bills.de_fuel_oil_energy..usd,out.bills.de_energy_fuel_oil.usd,usd, 1,,,,,,,Annual energy charges for fuel_oil if calculated using DE utility rates.
Output,no,no,float,no,report_utility_bills.de_fuel_oil_fixed_usd,$,out.utility_bills.de_fuel_oil_fixed..usd,out.bills.de_fixed_fuel_oil.usd,usd, 1,,,,,,,Annual fixed charges for fuel_oil if calculated using DE utility rates.
Output,yes,yes,float,no,report_utility_bills.de_fuel_oil_total_usd,$,out.utility_bills.de_fuel_oil_bill..usd,out.bills.de_fuel_oil.usd,usd, 1,,,,,,,Annual total charges for fuel_oil if calculated using DE utility rates.
Output,no,no,float,no,report_utility_bills.de_natural_gas_energy_usd,$,out.utility_bills.de_natural_gas_energy..usd,out.bills.de_energy_natural_gas.usd,usd, 1,,,,,,,Annual energy charges for natural_gas if calculated using DE utility rates.
Output,no,no,float,no,report_utility_bills.de_natural_gas_fixed_usd,$,out.utility_bills.de_natural_gas_fixed..usd,out.bills.de_fixed_natural_gas.usd,usd, 1,,,,,,,Annual fixed charges for natural_gas if calculated using DE utility rates.
Output,yes,yes,float,no,report_utility_bills.de_natural_gas_total_usd,$,out.utility_bills.de_natural_gas_bill..usd,out.bills.de_natural_gas.usd,usd, 1,,,,,,,Annual total charges for natural_gas if calculated using DE utility rates.
Output,no,no,float,no,report_utility_bills.de_propane_energy_usd,$,out.utility_bills.de_propane_energy..usd,out.bills.de_energy_propane.usd,usd, 1,,,,,,,Annual energy charges for propane if calculated using DE utility rates.
Output,no,no,float,no,report_utility_bills.de_propane_fixed_usd,$,out.utility_bills.de_propane_fixed..usd,out.bills.de_fixed_propane.usd,usd, 1,,,,,,,Annual fixed charges for propane if calculated using DE utility rates.
Output,yes,yes,float,no,report_utility_bills.de_propane_total_usd,$,out.utility_bills.de_propane_bill..usd,out.bills.de_propane.usd,usd, 1,,,,,,,Annual total charges for propane if calculated using DE utility rates.
Output,yes,yes,float,no,report_utility_bills.de_total_usd,$,out.utility_bills.de_total_bill..usd,out.bills.de_all_fuels.usd,usd, 1,,,,,,,Annual total charges for all fuels if calculated using DE utility rates.
Output,no,no,float,no,report_utility_bills.de_wood_cord_energy_usd,$,out.utility_bills.de_wood_cord_energy..usd,out.bills.de_energy_wood_cord.usd,usd, 1,,,,,,,Annual energy charges for wood_cord if calculated using DE utility rates.
Output,no,no,float,no,report_utility_bills.de_wood_cord_fixed_usd,$,out.utility_bills.de_wood_cord_fixed..usd,out.bills.de_fixed_wood_cord.usd,usd, 1,,,,,,,Annual fixed charges for wood_cord if calculated using DE utility rates.
Output,no,no,float,no,report_utility_bills.de_wood_cord_total_usd,$,out.utility_bills.de_wood_cord_bill..usd,out.bills.de_wood_cord.usd,usd, 1,,,,,,,Annual total charges for wood_cord if calculated using DE utility rates.
Output,no,no,float,no,report_utility_bills.de_wood_pellets_energy_usd,$,out.utility_bills.de_wood_pellets_energy..usd,out.bills.de_energy_wood_pellets.usd,usd, 1,,,,,,,Annual energy charges for wood_pellets if calculated using DE utility rates.
Output,no,no,float,no,report_utility_bills.de_wood_pellets_fixed_usd,$,out.utility_bills.de_wood_pellets_fixed..usd,out.bills.de_fixed_wood_pellets.usd,usd, 1,,,,,,,Annual fixed charges for wood_pellets if calculated using DE utility rates.
Output,no,no,float,no,report_utility_bills.de_wood_pellets_total_usd,$,out.utility_bills.de_wood_pellets_bill..usd,out.bills.de_wood_pellets.usd,usd, 1,,,,,,,Annual total charges for wood_pellets if calculated using DE utility rates.
Output,no,no,float,no,report_utility_bills.fl_coal_energy_usd,$,out.utility_bills.fl_coal_energy..usd,out.bills.fl_energy_coal.usd,usd, 1,,,,,,,Annual energy charges for coal if calculated using FL utility rates.
Output,no,no,float,no,report_utility_bills.fl_coal_fixed_usd,$,out.utility_bills.fl_coal_fixed..usd,out.bills.fl_fixed_coal.usd,usd, 1,,,,,,,Annual fixed charges for coal if calculated using FL utility rates.
Output,no,no,float,no,report_utility_bills.fl_coal_total_usd,$,out.utility_bills.fl_coal_bill..usd,out.bills.fl_coal.usd,usd, 1,,,,,,,Annual total charges for coal if calculated using FL utility rates.
Output,no,no,float,no,report_utility_bills.fl_electricity_energy_usd,$,out.utility_bills.fl_electricity_energy..usd,out.bills.fl_energy_electricity.usd,usd, 1,,,,,,,Annual energy charges for electricity if calculated using FL utility rates.
Output,no,no,float,no,report_utility_bills.fl_electricity_fixed_usd,$,out.utility_bills.fl_electricity_fixed..usd,out.bills.fl_fixed_electricity.usd,usd, 1,,,,,,,Annual fixed charges for electricity if calculated using FL utility rates.
Output,no,no,float,no,report_utility_bills.fl_electricity_pv_credit_usd,$,out.utility_bills.fl_electricity_pv_credit..usd,out.bills.fl_pv_credit_electricity.usd,usd, 1,,,,,,,Annual PV generation credit for electricity if calculated using FL utility rates.
Output,yes,yes,float,no,report_utility_bills.fl_electricity_total_usd,$,out.utility_bills.fl_electricity_bill..usd,out.bills.fl_electricity.usd,usd, 1,,,,,,,Annual total charges for electricity if calculated using FL utility rates.
Output,no,no,float,no,report_utility_bills.fl_fuel_oil_energy_usd,$,out.utility_bills.fl_fuel_oil_energy..usd,out.bills.fl_energy_fuel_oil.usd,usd, 1,,,,,,,Annual energy charges for fuel_oil if calculated using FL utility rates.
Output,no,no,float,no,report_utility_bills.fl_fuel_oil_fixed_usd,$,out.utility_bills.fl_fuel_oil_fixed..usd,out.bills.fl_fixed_fuel_oil.usd,usd, 1,,,,,,,Annual fixed charges for fuel_oil if calculated using FL utility rates.
Output,yes,yes,float,no,report_utility_bills.fl_fuel_oil_total_usd,$,out.utility_bills.fl_fuel_oil_bill..usd,out.bills.fl_fuel_oil.usd,usd, 1,,,,,,,Annual total charges for fuel_oil if calculated using FL utility rates.
Output,no,no,float,no,report_utility_bills.fl_natural_gas_energy_usd,$,out.utility_bills.fl_natural_gas_energy..usd,out.bills.fl_energy_natural_gas.usd,usd, 1,,,,,,,Annual energy charges for natural_gas if calculated using FL utility rates.
Output,no,no,float,no,report_utility_bills.fl_natural_gas_fixed_usd,$,out.utility_bills.fl_natural_gas_fixed..usd,out.bills.fl_fixed_natural_gas.usd,usd, 1,,,,,,,Annual fixed charges for natural_gas if calculated using FL utility rates.
Output,yes,yes,float,no,report_utility_bills.fl_natural_gas_total_usd,$,out.utility_bills.fl_natural_gas_bill..usd,out.bills.fl_natural_gas.usd,usd, 1,,,,,,,Annual total charges for natural_gas if calculated using FL utility rates.
Output,no,no,float,no,report_utility_bills.fl_propane_energy_usd,$,out.utility_bills.fl_propane_energy..usd,out.bills.fl_energy_propane.usd,usd, 1,,,,,,,Annual energy charges for propane if calculated using FL utility rates.
Output,no,no,float,no,report_utility_bills.fl_propane_fixed_usd,$,out.utility_bills.fl_propane_fixed..usd,out.bills.fl_fixed_propane.usd,usd, 1,,,,,,,Annual fixed charges for propane if calculated using FL utility rates.
Output,yes,yes,float,no,report_utility_bills.fl_propane_total_usd,$,out.utility_bills.fl_propane_bill..usd,out.bills.fl_propane.usd,usd, 1,,,,,,,Annual total charges for propane if calculated using FL utility rates.
Output,yes,yes,float,no,report_utility_bills.fl_total_usd,$,out.utility_bills.fl_total_bill..usd,out.bills.fl_all_fuels.usd,usd, 1,,,,,,,Annual total charges for all fuels if calculated using FL utility rates.
Output,no,no,float,no,report_utility_bills.fl_wood_cord_energy_usd,$,out.utility_bills.fl_wood_cord_energy..usd,out.bills.fl_energy_wood_cord.usd,usd, 1,,,,,,,Annual energy charges for wood_cord if calculated using FL utility rates.
Output,no,no,float,no,report_utility_bills.fl_wood_cord_fixed_usd,$,out.utility_bills.fl_wood_cord_fixed..usd,out.bills.fl_fixed_wood_cord.usd,usd, 1,,,,,,,Annual fixed charges for wood_cord if calculated using FL utility rates.
Output,no,no,float,no,report_utility_bills.fl_wood_cord_total_usd,$,out.utility_bills.fl_wood_cord_bill..usd,out.bills.fl_wood_cord.usd,usd, 1,,,,,,,Annual total charges for wood_cord if calculated using FL utility rates.
Output,no,no,float,no,report_utility_bills.fl_wood_pellets_energy_usd,$,out.utility_bills.fl_wood_pellets_energy..usd,out.bills.fl_energy_wood_pellets.usd,usd, 1,,,,,,,Annual energy charges for wood_pellets if calculated using FL utility rates.
Output,no,no,float,no,report_utility_bills.fl_wood_pellets_fixed_usd,$,out.utility_bills.fl_wood_pellets_fixed..usd,out.bills.fl_fixed_wood_pellets.usd,usd, 1,,,,,,,Annual fixed charges for wood_pellets if calculated using FL utility rates.
Output,no,no,float,no,report_utility_bills.fl_wood_pellets_total_usd,$,out.utility_bills.fl_wood_pellets_bill..usd,out.bills.fl_wood_pellets.usd,usd, 1,,,,,,,Annual total charges for wood_pellets if calculated using FL utility rates.
Output,no,no,float,no,report_utility_bills.ga_coal_energy_usd,$,out.utility_bills.ga_coal_energy..usd,out.bills.ga_energy_coal.usd,usd, 1,,,,,,,Annual energy charges for coal if calculated using GA utility rates.
Output,no,no,float,no,report_utility_bills.ga_coal_fixed_usd,$,out.utility_bills.ga_coal_fixed..usd,out.bills.ga_fixed_coal.usd,usd, 1,,,,,,,Annual fixed charges for coal if calculated using GA utility rates.
Output,no,no,float,no,report_utility_bills.ga_coal_total_usd,$,out.utility_bills.ga_coal_bill..usd,out.bills.ga_coal.usd,usd, 1,,,,,,,Annual total charges for coal if calculated using GA utility rates.
Output,no,no,float,no,report_utility_bills.ga_electricity_energy_usd,$,out.utility_bills.ga_electricity_energy..usd,out.bills.ga_energy_electricity.usd,usd, 1,,,,,,,Annual energy charges for electricity if calculated using GA utility rates.
Output,no,no,float,no,report_utility_bills.ga_electricity_fixed_usd,$,out.utility_bills.ga_electricity_fixed..usd,out.bills.ga_fixed_electricity.usd,usd, 1,,,,,,,Annual fixed charges for electricity if calculated using GA utility rates.
Output,no,no,float,no,report_utility_bills.ga_electricity_pv_credit_usd,$,out.utility_bills.ga_electricity_pv_credit..usd,out.bills.ga_pv_credit_electricity.usd,usd, 1,,,,,,,Annual PV generation credit for electricity if calculated using GA utility rates.
Output,yes,yes,float,no,report_utility_bills.ga_electricity_total_usd,$,out.utility_bills.ga_electricity_bill..usd,out.bills.ga_electricity.usd,usd, 1,,,,,,,Annual total charges for electricity if calculated using GA utility rates.
Output,no,no,float,no,report_utility_bills.ga_fuel_oil_energy_usd,$,out.utility_bills.ga_fuel_oil_energy..usd,out.bills.ga_energy_fuel_oil.usd,usd, 1,,,,,,,Annual energy charges for fuel_oil if calculated using GA utility rates.
Output,no,no,float,no,report_utility_bills.ga_fuel_oil_fixed_usd,$,out.utility_bills.ga_fuel_oil_fixed..usd,out.bills.ga_fixed_fuel_oil.usd,usd, 1,,,,,,,Annual fixed charges for fuel_oil if calculated using GA utility rates.
Output,yes,yes,float,no,report_utility_bills.ga_fuel_oil_total_usd,$,out.utility_bills.ga_fuel_oil_bill..usd,out.bills.ga_fuel_oil.usd,usd, 1,,,,,,,Annual total charges for fuel_oil if calculated using GA utility rates.
Output,no,no,float,no,report_utility_bills.ga_natural_gas_energy_usd,$,out.utility_bills.ga_natural_gas_energy..usd,out.bills.ga_energy_natural_gas.usd,usd, 1,,,,,,,Annual energy charges for natural_gas if calculated using GA utility rates.
Output,no,no,float,no,report_utility_bills.ga_natural_gas_fixed_usd,$,out.utility_bills.ga_natural_gas_fixed..usd,out.bills.ga_fixed_natural_gas.usd,usd, 1,,,,,,,Annual fixed charges for natural_gas if calculated using GA utility rates.
Output,yes,yes,float,no,report_utility_bills.ga_natural_gas_total_usd,$,out.utility_bills.ga_natural_gas_bill..usd,out.bills.ga_natural_gas.usd,usd, 1,,,,,,,Annual total charges for natural_gas if calculated using GA utility rates.
Output,no,no,float,no,report_utility_bills.ga_propane_energy_usd,$,out.utility_bills.ga_propane_energy..usd,out.bills.ga_energy_propane.usd,usd, 1,,,,,,,Annual energy charges for propane if calculated using GA utility rates.
Output,no,no,float,no,report_utility_bills.ga_propane_fixed_usd,$,out.utility_bills.ga_propane_fixed..usd,out.bills.ga_fixed_propane.usd,usd, 1,,,,,,,Annual fixed charges for propane if calculated using GA utility rates.
Output,yes,yes,float,no,report_utility_bills.ga_propane_total_usd,$,out.utility_bills.ga_propane_bill..usd,out.bills.ga_propane.usd,usd, 1,,,,,,,Annual total charges for propane if calculated using GA utility rates.
Output,yes,yes,float,no,report_utility_bills.ga_total_usd,$,out.utility_bills.ga_total_bill..usd,out.bills.ga_all_fuels.usd,usd, 1,,,,,,,Annual total charges for all fuels if calculated using GA utility rates.
Output,no,no,float,no,report_utility_bills.ga_wood_cord_energy_usd,$,out.utility_bills.ga_wood_cord_energy..usd,out.bills.ga_energy_wood_cord.usd,usd, 1,,,,,,,Annual energy charges for wood_cord if calculated using GA utility rates.
Output,no,no,float,no,report_utility_bills.ga_wood_cord_fixed_usd,$,out.utility_bills.ga_wood_cord_fixed..usd,out.bills.ga_fixed_wood_cord.usd,usd, 1,,,,,,,Annual fixed charges for wood_cord if calculated using GA utility rates.
Output,no,no,float,no,report_utility_bills.ga_wood_cord_total_usd,$,out.utility_bills.ga_wood_cord_bill..usd,out.bills.ga_wood_cord.usd,usd, 1,,,,,,,Annual total charges for wood_cord if calculated using GA utility rates.
Output,no,no,float,no,report_utility_bills.ga_wood_pellets_energy_usd,$,out.utility_bills.ga_wood_pellets_energy..usd,out.bills.ga_energy_wood_pellets.usd,usd, 1,,,,,,,Annual energy charges for wood_pellets if calculated using GA utility rates.
Output,no,no,float,no,report_utility_bills.ga_wood_pellets_fixed_usd,$,out.utility_bills.ga_wood_pellets_fixed..usd,out.bills.ga_fixed_wood_pellets.usd,usd, 1,,,,,,,Annual fixed charges for wood_pellets if calculated using GA utility rates.
Output,no,no,float,no,report_utility_bills.ga_wood_pellets_total_usd,$,out.utility_bills.ga_wood_pellets_bill..usd,out.bills.ga_wood_pellets.usd,usd, 1,,,,,,,Annual total charges for wood_pellets if calculated using GA utility rates.
Output,no,no,float,no,report_utility_bills.hi_coal_energy_usd,$,out.utility_bills.hi_coal_energy..usd,out.bills.hi_energy_coal.usd,usd, 1,,,,,,,Annual energy charges for coal if calculated using HI utility rates.
Output,no,no,float,no,report_utility_bills.hi_coal_fixed_usd,$,out.utility_bills.hi_coal_fixed..usd,out.bills.hi_fixed_coal.usd,usd, 1,,,,,,,Annual fixed charges for coal if calculated using HI utility rates.
Output,no,no,float,no,report_utility_bills.hi_coal_total_usd,$,out.utility_bills.hi_coal_bill..usd,out.bills.hi_coal.usd,usd, 1,,,,,,,Annual total charges for coal if calculated using HI utility rates.
Output,no,no,float,no,report_utility_bills.hi_electricity_energy_usd,$,out.utility_bills.hi_electricity_energy..usd,out.bills.hi_energy_electricity.usd,usd, 1,,,,,,,Annual energy charges for electricity if calculated using HI utility rates.
Output,no,no,float,no,report_utility_bills.hi_electricity_fixed_usd,$,out.utility_bills.hi_electricity_fixed..usd,out.bills.hi_fixed_electricity.usd,usd, 1,,,,,,,Annual fixed charges for electricity if calculated using HI utility rates.
Output,no,no,float,no,report_utility_bills.hi_electricity_pv_credit_usd,$,out.utility_bills.hi_electricity_pv_credit..usd,out.bills.hi_pv_credit_electricity.usd,usd, 1,,,,,,,Annual PV generation credit for electricity if calculated using HI utility rates.
Output,yes,yes,float,no,report_utility_bills.hi_electricity_total_usd,$,out.utility_bills.hi_electricity_bill..usd,out.bills.hi_electricity.usd,usd, 1,,,,,,,Annual total charges for electricity if calculated using HI utility rates.
Output,no,no,float,no,report_utility_bills.hi_fuel_oil_energy_usd,$,out.utility_bills.hi_fuel_oil_energy..usd,out.bills.hi_energy_fuel_oil.usd,usd, 1,,,,,,,Annual energy charges for fuel_oil if calculated using HI utility rates.
Output,no,no,float,no,report_utility_bills.hi_fuel_oil_fixed_usd,$,out.utility_bills.hi_fuel_oil_fixed..usd,out.bills.hi_fixed_fuel_oil.usd,usd, 1,,,,,,,Annual fixed charges for fuel_oil if calculated using HI utility rates.
Output,yes,yes,float,no,report_utility_bills.hi_fuel_oil_total_usd,$,out.utility_bills.hi_fuel_oil_bill..usd,out.bills.hi_fuel_oil.usd,usd, 1,,,,,,,Annual total charges for fuel_oil if calculated using HI utility rates.
Output,no,no,float,no,report_utility_bills.hi_natural_gas_energy_usd,$,out.utility_bills.hi_natural_gas_energy..usd,out.bills.hi_energy_natural_gas.usd,usd, 1,,,,,,,Annual energy charges for natural_gas if calculated using HI utility rates.
Output,no,no,float,no,report_utility_bills.hi_natural_gas_fixed_usd,$,out.utility_bills.hi_natural_gas_fixed..usd,out.bills.hi_fixed_natural_gas.usd,usd, 1,,,,,,,Annual fixed charges for natural_gas if calculated using HI utility rates.
Output,yes,yes,float,no,report_utility_bills.hi_natural_gas_total_usd,$,out.utility_bills.hi_natural_gas_bill..usd,out.bills.hi_natural_gas.usd,usd, 1,,,,,,,Annual total charges for natural_gas if calculated using HI utility rates.
Output,no,no,float,no,report_utility_bills.hi_propane_energy_usd,$,out.utility_bills.hi_propane_energy..usd,out.bills.hi_energy_propane.usd,usd, 1,,,,,,,Annual energy charges for propane if calculated using HI utility rates.
Output,no,no,float,no,report_utility_bills.hi_propane_fixed_usd,$,out.utility_bills.hi_propane_fixed..usd,out.bills.hi_fixed_propane.usd,usd, 1,,,,,,,Annual fixed charges for propane if calculated using HI utility rates.
Output,yes,yes,float,no,report_utility_bills.hi_propane_total_usd,$,out.utility_bills.hi_propane_bill..usd,out.bills.hi_propane.usd,usd, 1,,,,,,,Annual total charges for propane if calculated using HI utility rates.
Output,yes,yes,float,no,report_utility_bills.hi_total_usd,$,out.utility_bills.hi_total_bill..usd,out.bills.hi_all_fuels.usd,usd, 1,,,,,,,Annual total charges for all fuels if calculated using HI utility rates.
Output,no,no,float,no,report_utility_bills.hi_wood_cord_energy_usd,$,out.utility_bills.hi_wood_cord_energy..usd,out.bills.hi_energy_wood_cord.usd,usd, 1,,,,,,,Annual energy charges for wood_cord if calculated using HI utility rates.
Output,no,no,float,no,report_utility_bills.hi_wood_cord_fixed_usd,$,out.utility_bills.hi_wood_cord_fixed..usd,out.bills.hi_fixed_wood_cord.usd,usd, 1,,,,,,,Annual fixed charges for wood_cord if calculated using HI utility rates.
Output,no,no,float,no,report_utility_bills.hi_wood_cord_total_usd,$,out.utility_bills.hi_wood_cord_bill..usd,out.bills.hi_wood_cord.usd,usd, 1,,,,,,,Annual total charges for wood_cord if calculated using HI utility rates.
Output,no,no,float,no,report_utility_bills.hi_wood_pellets_energy_usd,$,out.utility_bills.hi_wood_pellets_energy..usd,out.bills.hi_energy_wood_pellets.usd,usd, 1,,,,,,,Annual energy charges for wood_pellets if calculated using HI utility rates.
Output,no,no,float,no,report_utility_bills.hi_wood_pellets_fixed_usd,$,out.utility_bills.hi_wood_pellets_fixed..usd,out.bills.hi_fixed_wood_pellets.usd,usd, 1,,,,,,,Annual fixed charges for wood_pellets if calculated using HI utility rates.
Output,no,no,float,no,report_utility_bills.hi_wood_pellets_total_usd,$,out.utility_bills.hi_wood_pellets_bill..usd,out.bills.hi_wood_pellets.usd,usd, 1,,,,,,,Annual total charges for wood_pellets if calculated using HI utility rates.
Output,no,no,float,no,report_utility_bills.ia_coal_energy_usd,$,out.utility_bills.ia_coal_energy..usd,out.bills.ia_energy_coal.usd,usd, 1,,,,,,,Annual energy charges for coal if calculated using IA utility rates.
Output,no,no,float,no,report_utility_bills.ia_coal_fixed_usd,$,out.utility_bills.ia_coal_fixed..usd,out.bills.ia_fixed_coal.usd,usd, 1,,,,,,,Annual fixed charges for coal if calculated using IA utility rates.
Output,no,no,float,no,report_utility_bills.ia_coal_total_usd,$,out.utility_bills.ia_coal_bill..usd,out.bills.ia_coal.usd,usd, 1,,,,,,,Annual total charges for coal if calculated using IA utility rates.
Output,no,no,float,no,report_utility_bills.ia_electricity_energy_usd,$,out.utility_bills.ia_electricity_energy..usd,out.bills.ia_energy_electricity.usd,usd, 1,,,,,,,Annual energy charges for electricity if calculated using IA utility rates.
Output,no,no,float,no,report_utility_bills.ia_electricity_fixed_usd,$,out.utility_bills.ia_electricity_fixed..usd,out.bills.ia_fixed_electricity.usd,usd, 1,,,,,,,Annual fixed charges for electricity if calculated using IA utility rates.
Output,no,no,float,no,report_utility_bills.ia_electricity_pv_credit_usd,$,out.utility_bills.ia_electricity_pv_credit..usd,out.bills.ia_pv_credit_electricity.usd,usd, 1,,,,,,,Annual PV generation credit for electricity if calculated using IA utility rates.
Output,yes,yes,float,no,report_utility_bills.ia_electricity_total_usd,$,out.utility_bills.ia_electricity_bill..usd,out.bills.ia_electricity.usd,usd, 1,,,,,,,Annual total charges for electricity if calculated using IA utility rates.
Output,no,no,float,no,report_utility_bills.ia_fuel_oil_energy_usd,$,out.utility_bills.ia_fuel_oil_energy..usd,out.bills.ia_energy_fuel_oil.usd,usd, 1,,,,,,,Annual energy charges for fuel_oil if calculated using IA utility rates.
Output,no,no,float,no,report_utility_bills.ia_fuel_oil_fixed_usd,$,out.utility_bills.ia_fuel_oil_fixed..usd,out.bills.ia_fixed_fuel_oil.usd,usd, 1,,,,,,,Annual fixed charges for fuel_oil if calculated using IA utility rates.
Output,yes,yes,float,no,report_utility_bills.ia_fuel_oil_total_usd,$,out.utility_bills.ia_fuel_oil_bill..usd,out.bills.ia_fuel_oil.usd,usd, 1,,,,,,,Annual total charges for fuel_oil if calculated using IA utility rates.
Output,no,no,float,no,report_utility_bills.ia_natural_gas_energy_usd,$,out.utility_bills.ia_natural_gas_energy..usd,out.bills.ia_energy_natural_gas.usd,usd, 1,,,,,,,Annual energy charges for natural_gas if calculated using IA utility rates.
Output,no,no,float,no,report_utility_bills.ia_natural_gas_fixed_usd,$,out.utility_bills.ia_natural_gas_fixed..usd,out.bills.ia_fixed_natural_gas.usd,usd, 1,,,,,,,Annual fixed charges for natural_gas if calculated using IA utility rates.
Output,yes,yes,float,no,report_utility_bills.ia_natural_gas_total_usd,$,out.utility_bills.ia_natural_gas_bill..usd,out.bills.ia_natural_gas.usd,usd, 1,,,,,,,Annual total charges for natural_gas if calculated using IA utility rates.
Output,no,no,float,no,report_utility_bills.ia_propane_energy_usd,$,out.utility_bills.ia_propane_energy..usd,out.bills.ia_energy_propane.usd,usd, 1,,,,,,,Annual energy charges for propane if calculated using IA utility rates.
Output,no,no,float,no,report_utility_bills.ia_propane_fixed_usd,$,out.utility_bills.ia_propane_fixed..usd,out.bills.ia_fixed_propane.usd,usd, 1,,,,,,,Annual fixed charges for propane if calculated using IA utility rates.
Output,yes,yes,float,no,report_utility_bills.ia_propane_total_usd,$,out.utility_bills.ia_propane_bill..usd,out.bills.ia_propane.usd,usd, 1,,,,,,,Annual total charges for propane if calculated using IA utility rates.
Output,yes,yes,float,no,report_utility_bills.ia_total_usd,$,out.utility_bills.ia_total_bill..usd,out.bills.ia_all_fuels.usd,usd, 1,,,,,,,Annual total charges for all fuels if calculated using IA utility rates.
Output,no,no,float,no,report_utility_bills.ia_wood_cord_energy_usd,$,out.utility_bills.ia_wood_cord_energy..usd,out.bills.ia_energy_wood_cord.usd,usd, 1,,,,,,,Annual energy charges for wood_cord if calculated using IA utility rates.
Output,no,no,float,no,report_utility_bills.ia_wood_cord_fixed_usd,$,out.utility_bills.ia_wood_cord_fixed..usd,out.bills.ia_fixed_wood_cord.usd,usd, 1,,,,,,,Annual fixed charges for wood_cord if calculated using IA utility rates.
Output,no,no,float,no,report_utility_bills.ia_wood_cord_total_usd,$,out.utility_bills.ia_wood_cord_bill..usd,out.bills.ia_wood_cord.usd,usd, 1,,,,,,,Annual total charges for wood_cord if calculated using IA utility rates.
Output,no,no,float,no,report_utility_bills.ia_wood_pellets_energy_usd,$,out.utility_bills.ia_wood_pellets_energy..usd,out.bills.ia_energy_wood_pellets.usd,usd, 1,,,,,,,Annual energy charges for wood_pellets if calculated using IA utility rates.
Output,no,no,float,no,report_utility_bills.ia_wood_pellets_fixed_usd,$,out.utility_bills.ia_wood_pellets_fixed..usd,out.bills.ia_fixed_wood_pellets.usd,usd, 1,,,,,,,Annual fixed charges for wood_pellets if calculated using IA utility rates.
Output,no,no,float,no,report_utility_bills.ia_wood_pellets_total_usd,$,out.utility_bills.ia_wood_pellets_bill..usd,out.bills.ia_wood_pellets.usd,usd, 1,,,,,,,Annual total charges for wood_pellets if calculated using IA utility rates.
Output,no,no,float,no,report_utility_bills.id_coal_energy_usd,$,out.utility_bills.id_coal_energy..usd,out.bills.id_energy_coal.usd,usd, 1,,,,,,,Annual energy charges for coal if calculated using ID utility rates.
Output,no,no,float,no,report_utility_bills.id_coal_fixed_usd,$,out.utility_bills.id_coal_fixed..usd,out.bills.id_fixed_coal.usd,usd, 1,,,,,,,Annual fixed charges for coal if calculated using ID utility rates.
Output,no,no,float,no,report_utility_bills.id_coal_total_usd,$,out.utility_bills.id_coal_bill..usd,out.bills.id_coal.usd,usd, 1,,,,,,,Annual total charges for coal if calculated using ID utility rates.
Output,no,no,float,no,report_utility_bills.id_electricity_energy_usd,$,out.utility_bills.id_electricity_energy..usd,out.bills.id_energy_electricity.usd,usd, 1,,,,,,,Annual energy charges for electricity if calculated using ID utility rates.
Output,no,no,float,no,report_utility_bills.id_electricity_fixed_usd,$,out.utility_bills.id_electricity_fixed..usd,out.bills.id_fixed_electricity.usd,usd, 1,,,,,,,Annual fixed charges for electricity if calculated using ID utility rates.
Output,no,no,float,no,report_utility_bills.id_electricity_pv_credit_usd,$,out.utility_bills.id_electricity_pv_credit..usd,out.bills.id_pv_credit_electricity.usd,usd, 1,,,,,,,Annual PV generation credit for electricity if calculated using ID utility rates.
Output,yes,yes,float,no,report_utility_bills.id_electricity_total_usd,$,out.utility_bills.id_electricity_bill..usd,out.bills.id_electricity.usd,usd, 1,,,,,,,Annual total charges for electricity if calculated using ID utility rates.
Output,no,no,float,no,report_utility_bills.id_fuel_oil_energy_usd,$,out.utility_bills.id_fuel_oil_energy..usd,out.bills.id_energy_fuel_oil.usd,usd, 1,,,,,,,Annual energy charges for fuel_oil if calculated using ID utility rates.
Output,no,no,float,no,report_utility_bills.id_fuel_oil_fixed_usd,$,out.utility_bills.id_fuel_oil_fixed..usd,out.bills.id_fixed_fuel_oil.usd,usd, 1,,,,,,,Annual fixed charges for fuel_oil if calculated using ID utility rates.
Output,yes,yes,float,no,report_utility_bills.id_fuel_oil_total_usd,$,out.utility_bills.id_fuel_oil_bill..usd,out.bills.id_fuel_oil.usd,usd, 1,,,,,,,Annual total charges for fuel_oil if calculated using ID utility rates.
Output,no,no,float,no,report_utility_bills.id_natural_gas_energy_usd,$,out.utility_bills.id_natural_gas_energy..usd,out.bills.id_energy_natural_gas.usd,usd, 1,,,,,,,Annual energy charges for natural_gas if calculated using ID utility rates.
Output,no,no,float,no,report_utility_bills.id_natural_gas_fixed_usd,$,out.utility_bills.id_natural_gas_fixed..usd,out.bills.id_fixed_natural_gas.usd,usd, 1,,,,,,,Annual fixed charges for natural_gas if calculated using ID utility rates.
Output,yes,yes,float,no,report_utility_bills.id_natural_gas_total_usd,$,out.utility_bills.id_natural_gas_bill..usd,out.bills.id_natural_gas.usd,usd, 1,,,,,,,Annual total charges for natural_gas if calculated using ID utility rates.
Output,no,no,float,no,report_utility_bills.id_propane_energy_usd,$,out.utility_bills.id_propane_energy..usd,out.bills.id_energy_propane.usd,usd, 1,,,,,,,Annual energy charges for propane if calculated using ID utility rates.
Output,no,no,float,no,report_utility_bills.id_propane_fixed_usd,$,out.utility_bills.id_propane_fixed..usd,out.bills.id_fixed_propane.usd,usd, 1,,,,,,,Annual fixed charges for propane if calculated using ID utility rates.
Output,yes,yes,float,no,report_utility_bills.id_propane_total_usd,$,out.utility_bills.id_propane_bill..usd,out.bills.id_propane.usd,usd, 1,,,,,,,Annual total charges for propane if calculated using ID utility rates.
Output,yes,yes,float,no,report_utility_bills.id_total_usd,$,out.utility_bills.id_total_bill..usd,out.bills.id_all_fuels.usd,usd, 1,,,,,,,Annual total charges for all fuels if calculated using ID utility rates.
Output,no,no,float,no,report_utility_bills.id_wood_cord_energy_usd,$,out.utility_bills.id_wood_cord_energy..usd,out.bills.id_energy_wood_cord.usd,usd, 1,,,,,,,Annual energy charges for wood_cord if calculated using ID utility rates.
Output,no,no,float,no,report_utility_bills.id_wood_cord_fixed_usd,$,out.utility_bills.id_wood_cord_fixed..usd,out.bills.id_fixed_wood_cord.usd,usd, 1,,,,,,,Annual fixed charges for wood_cord if calculated using ID utility rates.
Output,no,no,float,no,report_utility_bills.id_wood_cord_total_usd,$,out.utility_bills.id_wood_cord_bill..usd,out.bills.id_wood_cord.usd,usd, 1,,,,,,,Annual total charges for wood_cord if calculated using ID utility rates.
Output,no,no,float,no,report_utility_bills.id_wood_pellets_energy_usd,$,out.utility_bills.id_wood_pellets_energy..usd,out.bills.id_energy_wood_pellets.usd,usd, 1,,,,,,,Annual energy charges for wood_pellets if calculated using ID utility rates.
Output,no,no,float,no,report_utility_bills.id_wood_pellets_fixed_usd,$,out.utility_bills.id_wood_pellets_fixed..usd,out.bills.id_fixed_wood_pellets.usd,usd, 1,,,,,,,Annual fixed charges for wood_pellets if calculated using ID utility rates.
Output,no,no,float,no,report_utility_bills.id_wood_pellets_total_usd,$,out.utility_bills.id_wood_pellets_bill..usd,out.bills.id_wood_pellets.usd,usd, 1,,,,,,,Annual total charges for wood_pellets if calculated using ID utility rates.
Output,no,no,float,no,report_utility_bills.il_coal_energy_usd,$,out.utility_bills.il_coal_energy..usd,out.bills.il_energy_coal.usd,usd, 1,,,,,,,Annual energy charges for coal if calculated using IL utility rates.
Output,no,no,float,no,report_utility_bills.il_coal_fixed_usd,$,out.utility_bills.il_coal_fixed..usd,out.bills.il_fixed_coal.usd,usd, 1,,,,,,,Annual fixed charges for coal if calculated using IL utility rates.
Output,no,no,float,no,report_utility_bills.il_coal_total_usd,$,out.utility_bills.il_coal_bill..usd,out.bills.il_coal.usd,usd, 1,,,,,,,Annual total charges for coal if calculated using IL utility rates.
Output,no,no,float,no,report_utility_bills.il_electricity_energy_usd,$,out.utility_bills.il_electricity_energy..usd,out.bills.il_energy_electricity.usd,usd, 1,,,,,,,Annual energy charges for electricity if calculated using IL utility rates.
Output,no,no,float,no,report_utility_bills.il_electricity_fixed_usd,$,out.utility_bills.il_electricity_fixed..usd,out.bills.il_fixed_electricity.usd,usd, 1,,,,,,,Annual fixed charges for electricity if calculated using IL utility rates.
Output,no,no,float,no,report_utility_bills.il_electricity_pv_credit_usd,$,out.utility_bills.il_electricity_pv_credit..usd,out.bills.il_pv_credit_electricity.usd,usd, 1,,,,,,,Annual PV generation credit for electricity if calculated using IL utility rates.
Output,yes,yes,float,no,report_utility_bills.il_electricity_total_usd,$,out.utility_bills.il_electricity_bill..usd,out.bills.il_electricity.usd,usd, 1,,,,,,,Annual total charges for electricity if calculated using IL utility rates.
Output,no,no,float,no,report_utility_bills.il_fuel_oil_energy_usd,$,out.utility_bills.il_fuel_oil_energy..usd,out.bills.il_energy_fuel_oil.usd,usd, 1,,,,,,,Annual energy charges for fuel_oil if calculated using IL utility rates.
Output,no,no,float,no,report_utility_bills.il_fuel_oil_fixed_usd,$,out.utility_bills.il_fuel_oil_fixed..usd,out.bills.il_fixed_fuel_oil.usd,usd, 1,,,,,,,Annual fixed charges for fuel_oil if calculated using IL utility rates.
Output,yes,yes,float,no,report_utility_bills.il_fuel_oil_total_usd,$,out.utility_bills.il_fuel_oil_bill..usd,out.bills.il_fuel_oil.usd,usd, 1,,,,,,,Annual total charges for fuel_oil if calculated using IL utility rates.
Output,no,no,float,no,report_utility_bills.il_natural_gas_energy_usd,$,out.utility_bills.il_natural_gas_energy..usd,out.bills.il_energy_natural_gas.usd,usd, 1,,,,,,,Annual energy charges for natural_gas if calculated using IL utility rates.
Output,no,no,float,no,report_utility_bills.il_natural_gas_fixed_usd,$,out.utility_bills.il_natural_gas_fixed..usd,out.bills.il_fixed_natural_gas.usd,usd, 1,,,,,,,Annual fixed charges for natural_gas if calculated using IL utility rates.
Output,yes,yes,float,no,report_utility_bills.il_natural_gas_total_usd,$,out.utility_bills.il_natural_gas_bill..usd,out.bills.il_natural_gas.usd,usd, 1,,,,,,,Annual total charges for natural_gas if calculated using IL utility rates.
Output,no,no,float,no,report_utility_bills.il_propane_energy_usd,$,out.utility_bills.il_propane_energy..usd,out.bills.il_energy_propane.usd,usd, 1,,,,,,,Annual energy charges for propane if calculated using IL utility rates.
Output,no,no,float,no,report_utility_bills.il_propane_fixed_usd,$,out.utility_bills.il_propane_fixed..usd,out.bills.il_fixed_propane.usd,usd, 1,,,,,,,Annual fixed charges for propane if calculated using IL utility rates.
Output,yes,yes,float,no,report_utility_bills.il_propane_total_usd,$,out.utility_bills.il_propane_bill..usd,out.bills.il_propane.usd,usd, 1,,,,,,,Annual total charges for propane if calculated using IL utility rates.
Output,yes,yes,float,no,report_utility_bills.il_total_usd,$,out.utility_bills.il_total_bill..usd,out.bills.il_all_fuels.usd,usd, 1,,,,,,,Annual total charges for all fuels if calculated using IL utility rates.
Output,no,no,float,no,report_utility_bills.il_wood_cord_energy_usd,$,out.utility_bills.il_wood_cord_energy..usd,out.bills.il_energy_wood_cord.usd,usd, 1,,,,,,,Annual energy charges for wood_cord if calculated using IL utility rates.
Output,no,no,float,no,report_utility_bills.il_wood_cord_fixed_usd,$,out.utility_bills.il_wood_cord_fixed..usd,out.bills.il_fixed_wood_cord.usd,usd, 1,,,,,,,Annual fixed charges for wood_cord if calculated using IL utility rates.
Output,no,no,float,no,report_utility_bills.il_wood_cord_total_usd,$,out.utility_bills.il_wood_cord_bill..usd,out.bills.il_wood_cord.usd,usd, 1,,,,,,,Annual total charges for wood_cord if calculated using IL utility rates.
Output,no,no,float,no,report_utility_bills.il_wood_pellets_energy_usd,$,out.utility_bills.il_wood_pellets_energy..usd,out.bills.il_energy_wood_pellets.usd,usd, 1,,,,,,,Annual energy charges for wood_pellets if calculated using IL utility rates.
Output,no,no,float,no,report_utility_bills.il_wood_pellets_fixed_usd,$,out.utility_bills.il_wood_pellets_fixed..usd,out.bills.il_fixed_wood_pellets.usd,usd, 1,,,,,,,Annual fixed charges for wood_pellets if calculated using IL utility rates.
Output,no,no,float,no,report_utility_bills.il_wood_pellets_total_usd,$,out.utility_bills.il_wood_pellets_bill..usd,out.bills.il_wood_pellets.usd,usd, 1,,,,,,,Annual total charges for wood_pellets if calculated using IL utility rates.
Output,no,no,float,no,report_utility_bills.in_coal_energy_usd,$,out.utility_bills.in_coal_energy..usd,out.bills.in_energy_coal.usd,usd, 1,,,,,,,Annual energy charges for coal if calculated using IN utility rates.
Output,no,no,float,no,report_utility_bills.in_coal_fixed_usd,$,out.utility_bills.in_coal_fixed..usd,out.bills.in_fixed_coal.usd,usd, 1,,,,,,,Annual fixed charges for coal if calculated using IN utility rates.
Output,no,no,float,no,report_utility_bills.in_coal_total_usd,$,out.utility_bills.in_coal_bill..usd,out.bills.in_coal.usd,usd, 1,,,,,,,Annual total charges for coal if calculated using IN utility rates.
Output,no,no,float,no,report_utility_bills.in_electricity_energy_usd,$,out.utility_bills.in_electricity_energy..usd,out.bills.in_energy_electricity.usd,usd, 1,,,,,,,Annual energy charges for electricity if calculated using IN utility rates.
Output,no,no,float,no,report_utility_bills.in_electricity_fixed_usd,$,out.utility_bills.in_electricity_fixed..usd,out.bills.in_fixed_electricity.usd,usd, 1,,,,,,,Annual fixed charges for electricity if calculated using IN utility rates.
Output,no,no,float,no,report_utility_bills.in_electricity_pv_credit_usd,$,out.utility_bills.in_electricity_pv_credit..usd,out.bills.in_pv_credit_electricity.usd,usd, 1,,,,,,,Annual PV generation credit for electricity if calculated using IN utility rates.
Output,yes,yes,float,no,report_utility_bills.in_electricity_total_usd,$,out.utility_bills.in_electricity_bill..usd,out.bills.in_electricity.usd,usd, 1,,,,,,,Annual total charges for electricity if calculated using IN utility rates.
Output,no,no,float,no,report_utility_bills.in_fuel_oil_energy_usd,$,out.utility_bills.in_fuel_oil_energy..usd,out.bills.in_energy_fuel_oil.usd,usd, 1,,,,,,,Annual energy charges for fuel_oil if calculated using IN utility rates.
Output,no,no,float,no,report_utility_bills.in_fuel_oil_fixed_usd,$,out.utility_bills.in_fuel_oil_fixed..usd,out.bills.in_fixed_fuel_oil.usd,usd, 1,,,,,,,Annual fixed charges for fuel_oil if calculated using IN utility rates.
Output,yes,yes,float,no,report_utility_bills.in_fuel_oil_total_usd,$,out.utility_bills.in_fuel_oil_bill..usd,out.bills.in_fuel_oil.usd,usd, 1,,,,,,,Annual total charges for fuel_oil if calculated using IN utility rates.
Output,no,no,float,no,report_utility_bills.in_natural_gas_energy_usd,$,out.utility_bills.in_natural_gas_energy..usd,out.bills.in_energy_natural_gas.usd,usd, 1,,,,,,,Annual energy charges for natural_gas if calculated using IN utility rates.
Output,no,no,float,no,report_utility_bills.in_natural_gas_fixed_usd,$,out.utility_bills.in_natural_gas_fixed..usd,out.bills.in_fixed_natural_gas.usd,usd, 1,,,,,,,Annual fixed charges for natural_gas if calculated using IN utility rates.
Output,yes,yes,float,no,report_utility_bills.in_natural_gas_total_usd,$,out.utility_bills.in_natural_gas_bill..usd,out.bills.in_natural_gas.usd,usd, 1,,,,,,,Annual total charges for natural_gas if calculated using IN utility rates.
Output,no,no,float,no,report_utility_bills.in_propane_energy_usd,$,out.utility_bills.in_propane_energy..usd,out.bills.in_energy_propane.usd,usd, 1,,,,,,,Annual energy charges for propane if calculated using IN utility rates.
Output,no,no,float,no,report_utility_bills.in_propane_fixed_usd,$,out.utility_bills.in_propane_fixed..usd,out.bills.in_fixed_propane.usd,usd, 1,,,,,,,Annual fixed charges for propane if calculated using IN utility rates.
Output,yes,yes,float,no,report_utility_bills.in_propane_total_usd,$,out.utility_bills.in_propane_bill..usd,out.bills.in_propane.usd,usd, 1,,,,,,,Annual total charges for propane if calculated using IN utility rates.
Output,yes,yes,float,no,report_utility_bills.in_total_usd,$,out.utility_bills.in_total_bill..usd,out.bills.in_all_fuels.usd,usd, 1,,,,,,,Annual total charges for all fuels if calculated using IN utility rates.
Output,no,no,float,no,report_utility_bills.in_wood_cord_energy_usd,$,out.utility_bills.in_wood_cord_energy..usd,out.bills.in_energy_wood_cord.usd,usd, 1,,,,,,,Annual energy charges for wood_cord if calculated using IN utility rates.
Output,no,no,float,no,report_utility_bills.in_wood_cord_fixed_usd,$,out.utility_bills.in_wood_cord_fixed..usd,out.bills.in_fixed_wood_cord.usd,usd, 1,,,,,,,Annual fixed charges for wood_cord if calculated using IN utility rates.
Output,no,no,float,no,report_utility_bills.in_wood_cord_total_usd,$,out.utility_bills.in_wood_cord_bill..usd,out.bills.in_wood_cord.usd,usd, 1,,,,,,,Annual total charges for wood_cord if calculated using IN utility rates.
Output,no,no,float,no,report_utility_bills.in_wood_pellets_energy_usd,$,out.utility_bills.in_wood_pellets_energy..usd,out.bills.in_energy_wood_pellets.usd,usd, 1,,,,,,,Annual energy charges for wood_pellets if calculated using IN utility rates.
Output,no,no,float,no,report_utility_bills.in_wood_pellets_fixed_usd,$,out.utility_bills.in_wood_pellets_fixed..usd,out.bills.in_fixed_wood_pellets.usd,usd, 1,,,,,,,Annual fixed charges for wood_pellets if calculated using IN utility rates.
Output,no,no,float,no,report_utility_bills.in_wood_pellets_total_usd,$,out.utility_bills.in_wood_pellets_bill..usd,out.bills.in_wood_pellets.usd,usd, 1,,,,,,,Annual total charges for wood_pellets if calculated using IN utility rates.
Output,no,no,float,no,report_utility_bills.ks_coal_energy_usd,$,out.utility_bills.ks_coal_energy..usd,out.bills.ks_energy_coal.usd,usd, 1,,,,,,,Annual energy charges for coal if calculated using KS utility rates.
Output,no,no,float,no,report_utility_bills.ks_coal_fixed_usd,$,out.utility_bills.ks_coal_fixed..usd,out.bills.ks_fixed_coal.usd,usd, 1,,,,,,,Annual fixed charges for coal if calculated using KS utility rates.
Output,no,no,float,no,report_utility_bills.ks_coal_total_usd,$,out.utility_bills.ks_coal_bill..usd,out.bills.ks_coal.usd,usd, 1,,,,,,,Annual total charges for coal if calculated using KS utility rates.
Output,no,no,float,no,report_utility_bills.ks_electricity_energy_usd,$,out.utility_bills.ks_electricity_energy..usd,out.bills.ks_energy_electricity.usd,usd, 1,,,,,,,Annual energy charges for electricity if calculated using KS utility rates.
Output,no,no,float,no,report_utility_bills.ks_electricity_fixed_usd,$,out.utility_bills.ks_electricity_fixed..usd,out.bills.ks_fixed_electricity.usd,usd, 1,,,,,,,Annual fixed charges for electricity if calculated using KS utility rates.
Output,no,no,float,no,report_utility_bills.ks_electricity_pv_credit_usd,$,out.utility_bills.ks_electricity_pv_credit..usd,out.bills.ks_pv_credit_electricity.usd,usd, 1,,,,,,,Annual PV generation credit for electricity if calculated using KS utility rates.
Output,yes,yes,float,no,report_utility_bills.ks_electricity_total_usd,$,out.utility_bills.ks_electricity_bill..usd,out.bills.ks_electricity.usd,usd, 1,,,,,,,Annual total charges for electricity if calculated using KS utility rates.
Output,no,no,float,no,report_utility_bills.ks_fuel_oil_energy_usd,$,out.utility_bills.ks_fuel_oil_energy..usd,out.bills.ks_energy_fuel_oil.usd,usd, 1,,,,,,,Annual energy charges for fuel_oil if calculated using KS utility rates.
Output,no,no,float,no,report_utility_bills.ks_fuel_oil_fixed_usd,$,out.utility_bills.ks_fuel_oil_fixed..usd,out.bills.ks_fixed_fuel_oil.usd,usd, 1,,,,,,,Annual fixed charges for fuel_oil if calculated using KS utility rates.
Output,yes,yes,float,no,report_utility_bills.ks_fuel_oil_total_usd,$,out.utility_bills.ks_fuel_oil_bill..usd,out.bills.ks_fuel_oil.usd,usd, 1,,,,,,,Annual total charges for fuel_oil if calculated using KS utility rates.
Output,no,no,float,no,report_utility_bills.ks_natural_gas_energy_usd,$,out.utility_bills.ks_natural_gas_energy..usd,out.bills.ks_energy_natural_gas.usd,usd, 1,,,,,,,Annual energy charges for natural_gas if calculated using KS utility rates.
Output,no,no,float,no,report_utility_bills.ks_natural_gas_fixed_usd,$,out.utility_bills.ks_natural_gas_fixed..usd,out.bills.ks_fixed_natural_gas.usd,usd, 1,,,,,,,Annual fixed charges for natural_gas if calculated using KS utility rates.
Output,yes,yes,float,no,report_utility_bills.ks_natural_gas_total_usd,$,out.utility_bills.ks_natural_gas_bill..usd,out.bills.ks_natural_gas.usd,usd, 1,,,,,,,Annual total charges for natural_gas if calculated using KS utility rates.
Output,no,no,float,no,report_utility_bills.ks_propane_energy_usd,$,out.utility_bills.ks_propane_energy..usd,out.bills.ks_energy_propane.usd,usd, 1,,,,,,,Annual energy charges for propane if calculated using KS utility rates.
Output,no,no,float,no,report_utility_bills.ks_propane_fixed_usd,$,out.utility_bills.ks_propane_fixed..usd,out.bills.ks_fixed_propane.usd,usd, 1,,,,,,,Annual fixed charges for propane if calculated using KS utility rates.
Output,yes,yes,float,no,report_utility_bills.ks_propane_total_usd,$,out.utility_bills.ks_propane_bill..usd,out.bills.ks_propane.usd,usd, 1,,,,,,,Annual total charges for propane if calculated using KS utility rates.
Output,yes,yes,float,no,report_utility_bills.ks_total_usd,$,out.utility_bills.ks_total_bill..usd,out.bills.ks_all_fuels.usd,usd, 1,,,,,,,Annual total charges for all fuels if calculated using KS utility rates.
Output,no,no,float,no,report_utility_bills.ks_wood_cord_energy_usd,$,out.utility_bills.ks_wood_cord_energy..usd,out.bills.ks_energy_wood_cord.usd,usd, 1,,,,,,,Annual energy charges for wood_cord if calculated using KS utility rates.
Output,no,no,float,no,report_utility_bills.ks_wood_cord_fixed_usd,$,out.utility_bills.ks_wood_cord_fixed..usd,out.bills.ks_fixed_wood_cord.usd,usd, 1,,,,,,,Annual fixed charges for wood_cord if calculated using KS utility rates.
Output,no,no,float,no,report_utility_bills.ks_wood_cord_total_usd,$,out.utility_bills.ks_wood_cord_bill..usd,out.bills.ks_wood_cord.usd,usd, 1,,,,,,,Annual total charges for wood_cord if calculated using KS utility rates.
Output,no,no,float,no,report_utility_bills.ks_wood_pellets_energy_usd,$,out.utility_bills.ks_wood_pellets_energy..usd,out.bills.ks_energy_wood_pellets.usd,usd, 1,,,,,,,Annual energy charges for wood_pellets if calculated using KS utility rates.
Output,no,no,float,no,report_utility_bills.ks_wood_pellets_fixed_usd,$,out.utility_bills.ks_wood_pellets_fixed..usd,out.bills.ks_fixed_wood_pellets.usd,usd, 1,,,,,,,Annual fixed charges for wood_pellets if calculated using KS utility rates.
Output,no,no,float,no,report_utility_bills.ks_wood_pellets_total_usd,$,out.utility_bills.ks_wood_pellets_bill..usd,out.bills.ks_wood_pellets.usd,usd, 1,,,,,,,Annual total charges for wood_pellets if calculated using KS utility rates.
Output,no,no,float,no,report_utility_bills.ky_coal_energy_usd,$,out.utility_bills.ky_coal_energy..usd,out.bills.ky_energy_coal.usd,usd, 1,,,,,,,Annual energy charges for coal if calculated using KY utility rates.
Output,no,no,float,no,report_utility_bills.ky_coal_fixed_usd,$,out.utility_bills.ky_coal_fixed..usd,out.bills.ky_fixed_coal.usd,usd, 1,,,,,,,Annual fixed charges for coal if calculated using KY utility rates.
Output,no,no,float,no,report_utility_bills.ky_coal_total_usd,$,out.utility_bills.ky_coal_bill..usd,out.bills.ky_coal.usd,usd, 1,,,,,,,Annual total charges for coal if calculated using KY utility rates.
Output,no,no,float,no,report_utility_bills.ky_electricity_energy_usd,$,out.utility_bills.ky_electricity_energy..usd,out.bills.ky_energy_electricity.usd,usd, 1,,,,,,,Annual energy charges for electricity if calculated using KY utility rates.
Output,no,no,float,no,report_utility_bills.ky_electricity_fixed_usd,$,out.utility_bills.ky_electricity_fixed..usd,out.bills.ky_fixed_electricity.usd,usd, 1,,,,,,,Annual fixed charges for electricity if calculated using KY utility rates.
Output,no,no,float,no,report_utility_bills.ky_electricity_pv_credit_usd,$,out.utility_bills.ky_electricity_pv_credit..usd,out.bills.ky_pv_credit_electricity.usd,usd, 1,,,,,,,Annual PV generation credit for electricity if calculated using KY utility rates.
Output,yes,yes,float,no,report_utility_bills.ky_electricity_total_usd,$,out.utility_bills.ky_electricity_bill..usd,out.bills.ky_electricity.usd,usd, 1,,,,,,,Annual total charges for electricity if calculated using KY utility rates.
Output,no,no,float,no,report_utility_bills.ky_fuel_oil_energy_usd,$,out.utility_bills.ky_fuel_oil_energy..usd,out.bills.ky_energy_fuel_oil.usd,usd, 1,,,,,,,Annual energy charges for fuel_oil if calculated using KY utility rates.
Output,no,no,float,no,report_utility_bills.ky_fuel_oil_fixed_usd,$,out.utility_bills.ky_fuel_oil_fixed..usd,out.bills.ky_fixed_fuel_oil.usd,usd, 1,,,,,,,Annual fixed charges for fuel_oil if calculated using KY utility rates.
Output,yes,yes,float,no,report_utility_bills.ky_fuel_oil_total_usd,$,out.utility_bills.ky_fuel_oil_bill..usd,out.bills.ky_fuel_oil.usd,usd, 1,,,,,,,Annual total charges for fuel_oil if calculated using KY utility rates.
Output,no,no,float,no,report_utility_bills.ky_natural_gas_energy_usd,$,out.utility_bills.ky_natural_gas_energy..usd,out.bills.ky_energy_natural_gas.usd,usd, 1,,,,,,,Annual energy charges for natural_gas if calculated using KY utility rates.
Output,no,no,float,no,report_utility_bills.ky_natural_gas_fixed_usd,$,out.utility_bills.ky_natural_gas_fixed..usd,out.bills.ky_fixed_natural_gas.usd,usd, 1,,,,,,,Annual fixed charges for natural_gas if calculated using KY utility rates.
Output,yes,yes,float,no,report_utility_bills.ky_natural_gas_total_usd,$,out.utility_bills.ky_natural_gas_bill..usd,out.bills.ky_natural_gas.usd,usd, 1,,,,,,,Annual total charges for natural_gas if calculated using KY utility rates.
Output,no,no,float,no,report_utility_bills.ky_propane_energy_usd,$,out.utility_bills.ky_propane_energy..usd,out.bills.ky_energy_propane.usd,usd, 1,,,,,,,Annual energy charges for propane if calculated using KY utility rates.
Output,no,no,float,no,report_utility_bills.ky_propane_fixed_usd,$,out.utility_bills.ky_propane_fixed..usd,out.bills.ky_fixed_propane.usd,usd, 1,,,,,,,Annual fixed charges for propane if calculated using KY utility rates.
Output,yes,yes,float,no,report_utility_bills.ky_propane_total_usd,$,out.utility_bills.ky_propane_bill..usd,out.bills.ky_propane.usd,usd, 1,,,,,,,Annual total charges for propane if calculated using KY utility rates.
Output,yes,yes,float,no,report_utility_bills.ky_total_usd,$,out.utility_bills.ky_total_bill..usd,out.bills.ky_all_fuels.usd,usd, 1,,,,,,,Annual total charges for all fuels if calculated using KY utility rates.
Output,no,no,float,no,report_utility_bills.ky_wood_cord_energy_usd,$,out.utility_bills.ky_wood_cord_energy..usd,out.bills.ky_energy_wood_cord.usd,usd, 1,,,,,,,Annual energy charges for wood_cord if calculated using KY utility rates.
Output,no,no,float,no,report_utility_bills.ky_wood_cord_fixed_usd,$,out.utility_bills.ky_wood_cord_fixed..usd,out.bills.ky_fixed_wood_cord.usd,usd, 1,,,,,,,Annual fixed charges for wood_cord if calculated using KY utility rates.
Output,no,no,float,no,report_utility_bills.ky_wood_cord_total_usd,$,out.utility_bills.ky_wood_cord_bill..usd,out.bills.ky_wood_cord.usd,usd, 1,,,,,,,Annual total charges for wood_cord if calculated using KY utility rates.
Output,no,no,float,no,report_utility_bills.ky_wood_pellets_energy_usd,$,out.utility_bills.ky_wood_pellets_energy..usd,out.bills.ky_energy_wood_pellets.usd,usd, 1,,,,,,,Annual energy charges for wood_pellets if calculated using KY utility rates.
Output,no,no,float,no,report_utility_bills.ky_wood_pellets_fixed_usd,$,out.utility_bills.ky_wood_pellets_fixed..usd,out.bills.ky_fixed_wood_pellets.usd,usd, 1,,,,,,,Annual fixed charges for wood_pellets if calculated using KY utility rates.
Output,no,no,float,no,report_utility_bills.ky_wood_pellets_total_usd,$,out.utility_bills.ky_wood_pellets_bill..usd,out.bills.ky_wood_pellets.usd,usd, 1,,,,,,,Annual total charges for wood_pellets if calculated using KY utility rates.
Output,no,no,float,no,report_utility_bills.la_coal_energy_usd,$,out.utility_bills.la_coal_energy..usd,out.bills.la_energy_coal.usd,usd, 1,,,,,,,Annual energy charges for coal if calculated using LA utility rates.
Output,no,no,float,no,report_utility_bills.la_coal_fixed_usd,$,out.utility_bills.la_coal_fixed..usd,out.bills.la_fixed_coal.usd,usd, 1,,,,,,,Annual fixed charges for coal if calculated using LA utility rates.
Output,no,no,float,no,report_utility_bills.la_coal_total_usd,$,out.utility_bills.la_coal_bill..usd,out.bills.la_coal.usd,usd, 1,,,,,,,Annual total charges for coal if calculated using LA utility rates.
Output,no,no,float,no,report_utility_bills.la_electricity_energy_usd,$,out.utility_bills.la_electricity_energy..usd,out.bills.la_energy_electricity.usd,usd, 1,,,,,,,Annual energy charges for electricity if calculated using LA utility rates.
Output,no,no,float,no,report_utility_bills.la_electricity_fixed_usd,$,out.utility_bills.la_electricity_fixed..usd,out.bills.la_fixed_electricity.usd,usd, 1,,,,,,,Annual fixed charges for electricity if calculated using LA utility rates.
Output,no,no,float,no,report_utility_bills.la_electricity_pv_credit_usd,$,out.utility_bills.la_electricity_pv_credit..usd,out.bills.la_pv_credit_electricity.usd,usd, 1,,,,,,,Annual PV generation credit for electricity if calculated using LA utility rates.
Output,yes,yes,float,no,report_utility_bills.la_electricity_total_usd,$,out.utility_bills.la_electricity_bill..usd,out.bills.la_electricity.usd,usd, 1,,,,,,,Annual total charges for electricity if calculated using LA utility rates.
Output,no,no,float,no,report_utility_bills.la_fuel_oil_energy_usd,$,out.utility_bills.la_fuel_oil_energy..usd,out.bills.la_energy_fuel_oil.usd,usd, 1,,,,,,,Annual energy charges for fuel_oil if calculated using LA utility rates.
Output,no,no,float,no,report_utility_bills.la_fuel_oil_fixed_usd,$,out.utility_bills.la_fuel_oil_fixed..usd,out.bills.la_fixed_fuel_oil.usd,usd, 1,,,,,,,Annual fixed charges for fuel_oil if calculated using LA utility rates.
Output,yes,yes,float,no,report_utility_bills.la_fuel_oil_total_usd,$,out.utility_bills.la_fuel_oil_bill..usd,out.bills.la_fuel_oil.usd,usd, 1,,,,,,,Annual total charges for fuel_oil if calculated using LA utility rates.
Output,no,no,float,no,report_utility_bills.la_natural_gas_energy_usd,$,out.utility_bills.la_natural_gas_energy..usd,out.bills.la_energy_natural_gas.usd,usd, 1,,,,,,,Annual energy charges for natural_gas if calculated using LA utility rates.
Output,no,no,float,no,report_utility_bills.la_natural_gas_fixed_usd,$,out.utility_bills.la_natural_gas_fixed..usd,out.bills.la_fixed_natural_gas.usd,usd, 1,,,,,,,Annual fixed charges for natural_gas if calculated using LA utility rates.
Output,yes,yes,float,no,report_utility_bills.la_natural_gas_total_usd,$,out.utility_bills.la_natural_gas_bill..usd,out.bills.la_natural_gas.usd,usd, 1,,,,,,,Annual total charges for natural_gas if calculated using LA utility rates.
Output,no,no,float,no,report_utility_bills.la_propane_energy_usd,$,out.utility_bills.la_propane_energy..usd,out.bills.la_energy_propane.usd,usd, 1,,,,,,,Annual energy charges for propane if calculated using LA utility rates.
Output,no,no,float,no,report_utility_bills.la_propane_fixed_usd,$,out.utility_bills.la_propane_fixed..usd,out.bills.la_fixed_propane.usd,usd, 1,,,,,,,Annual fixed charges for propane if calculated using LA utility rates.
Output,yes,yes,float,no,report_utility_bills.la_propane_total_usd,$,out.utility_bills.la_propane_bill..usd,out.bills.la_propane.usd,usd, 1,,,,,,,Annual total charges for propane if calculated using LA utility rates.
Output,yes,yes,float,no,report_utility_bills.la_total_usd,$,out.utility_bills.la_total_bill..usd,out.bills.la_all_fuels.usd,usd, 1,,,,,,,Annual total charges for all fuels if calculated using LA utility rates.
Output,no,no,float,no,report_utility_bills.la_wood_cord_energy_usd,$,out.utility_bills.la_wood_cord_energy..usd,out.bills.la_energy_wood_cord.usd,usd, 1,,,,,,,Annual energy charges for wood_cord if calculated using LA utility rates.
Output,no,no,float,no,report_utility_bills.la_wood_cord_fixed_usd,$,out.utility_bills.la_wood_cord_fixed..usd,out.bills.la_fixed_wood_cord.usd,usd, 1,,,,,,,Annual fixed charges for wood_cord if calculated using LA utility rates.
Output,no,no,float,no,report_utility_bills.la_wood_cord_total_usd,$,out.utility_bills.la_wood_cord_bill..usd,out.bills.la_wood_cord.usd,usd, 1,,,,,,,Annual total charges for wood_cord if calculated using LA utility rates.
Output,no,no,float,no,report_utility_bills.la_wood_pellets_energy_usd,$,out.utility_bills.la_wood_pellets_energy..usd,out.bills.la_energy_wood_pellets.usd,usd, 1,,,,,,,Annual energy charges for wood_pellets if calculated using LA utility rates.
Output,no,no,float,no,report_utility_bills.la_wood_pellets_fixed_usd,$,out.utility_bills.la_wood_pellets_fixed..usd,out.bills.la_fixed_wood_pellets.usd,usd, 1,,,,,,,Annual fixed charges for wood_pellets if calculated using LA utility rates.
Output,no,no,float,no,report_utility_bills.la_wood_pellets_total_usd,$,out.utility_bills.la_wood_pellets_bill..usd,out.bills.la_wood_pellets.usd,usd, 1,,,,,,,Annual total charges for wood_pellets if calculated using LA utility rates.
Output,no,no,float,no,report_utility_bills.ma_coal_energy_usd,$,out.utility_bills.ma_coal_energy..usd,out.bills.ma_energy_coal.usd,usd, 1,,,,,,,Annual energy charges for coal if calculated using MA utility rates.
Output,no,no,float,no,report_utility_bills.ma_coal_fixed_usd,$,out.utility_bills.ma_coal_fixed..usd,out.bills.ma_fixed_coal.usd,usd, 1,,,,,,,Annual fixed charges for coal if calculated using MA utility rates.
Output,no,no,float,no,report_utility_bills.ma_coal_total_usd,$,out.utility_bills.ma_coal_bill..usd,out.bills.ma_coal.usd,usd, 1,,,,,,,Annual total charges for coal if calculated using MA utility rates.
Output,no,no,float,no,report_utility_bills.ma_electricity_energy_usd,$,out.utility_bills.ma_electricity_energy..usd,out.bills.ma_energy_electricity.usd,usd, 1,,,,,,,Annual energy charges for electricity if calculated using MA utility rates.
Output,no,no,float,no,report_utility_bills.ma_electricity_fixed_usd,$,out.utility_bills.ma_electricity_fixed..usd,out.bills.ma_fixed_electricity.usd,usd, 1,,,,,,,Annual fixed charges for electricity if calculated using MA utility rates.
Output,no,no,float,no,report_utility_bills.ma_electricity_pv_credit_usd,$,out.utility_bills.ma_electricity_pv_credit..usd,out.bills.ma_pv_credit_electricity.usd,usd, 1,,,,,,,Annual PV generation credit for electricity if calculated using MA utility rates.
Output,yes,yes,float,no,report_utility_bills.ma_electricity_total_usd,$,out.utility_bills.ma_electricity_bill..usd,out.bills.ma_electricity.usd,usd, 1,,,,,,,Annual total charges for electricity if calculated using MA utility rates.
Output,no,no,float,no,report_utility_bills.ma_fuel_oil_energy_usd,$,out.utility_bills.ma_fuel_oil_energy..usd,out.bills.ma_energy_fuel_oil.usd,usd, 1,,,,,,,Annual energy charges for fuel_oil if calculated using MA utility rates.
Output,no,no,float,no,report_utility_bills.ma_fuel_oil_fixed_usd,$,out.utility_bills.ma_fuel_oil_fixed..usd,out.bills.ma_fixed_fuel_oil.usd,usd, 1,,,,,,,Annual fixed charges for fuel_oil if calculated using MA utility rates.
Output,yes,yes,float,no,report_utility_bills.ma_fuel_oil_total_usd,$,out.utility_bills.ma_fuel_oil_bill..usd,out.bills.ma_fuel_oil.usd,usd, 1,,,,,,,Annual total charges for fuel_oil if calculated using MA utility rates.
Output,no,no,float,no,report_utility_bills.ma_natural_gas_energy_usd,$,out.utility_bills.ma_natural_gas_energy..usd,out.bills.ma_energy_natural_gas.usd,usd, 1,,,,,,,Annual energy charges for natural_gas if calculated using MA utility rates.
Output,no,no,float,no,report_utility_bills.ma_natural_gas_fixed_usd,$,out.utility_bills.ma_natural_gas_fixed..usd,out.bills.ma_fixed_natural_gas.usd,usd, 1,,,,,,,Annual fixed charges for natural_gas if calculated using MA utility rates.
Output,yes,yes,float,no,report_utility_bills.ma_natural_gas_total_usd,$,out.utility_bills.ma_natural_gas_bill..usd,out.bills.ma_natural_gas.usd,usd, 1,,,,,,,Annual total charges for natural_gas if calculated using MA utility rates.
Output,no,no,float,no,report_utility_bills.ma_propane_energy_usd,$,out.utility_bills.ma_propane_energy..usd,out.bills.ma_energy_propane.usd,usd, 1,,,,,,,Annual energy charges for propane if calculated using MA utility rates.
Output,no,no,float,no,report_utility_bills.ma_propane_fixed_usd,$,out.utility_bills.ma_propane_fixed..usd,out.bills.ma_fixed_propane.usd,usd, 1,,,,,,,Annual fixed charges for propane if calculated using MA utility rates.
Output,yes,yes,float,no,report_utility_bills.ma_propane_total_usd,$,out.utility_bills.ma_propane_bill..usd,out.bills.ma_propane.usd,usd, 1,,,,,,,Annual total charges for propane if calculated using MA utility rates.
Output,yes,yes,float,no,report_utility_bills.ma_total_usd,$,out.utility_bills.ma_total_bill..usd,out.bills.ma_all_fuels.usd,usd, 1,,,,,,,Annual total charges for all fuels if calculated using MA utility rates.
Output,no,no,float,no,report_utility_bills.ma_wood_cord_energy_usd,$,out.utility_bills.ma_wood_cord_energy..usd,out.bills.ma_energy_wood_cord.usd,usd, 1,,,,,,,Annual energy charges for wood_cord if calculated using MA utility rates.
Output,no,no,float,no,report_utility_bills.ma_wood_cord_fixed_usd,$,out.utility_bills.ma_wood_cord_fixed..usd,out.bills.ma_fixed_wood_cord.usd,usd, 1,,,,,,,Annual fixed charges for wood_cord if calculated using MA utility rates.
Output,no,no,float,no,report_utility_bills.ma_wood_cord_total_usd,$,out.utility_bills.ma_wood_cord_bill..usd,out.bills.ma_wood_cord.usd,usd, 1,,,,,,,Annual total charges for wood_cord if calculated using MA utility rates.
Output,no,no,float,no,report_utility_bills.ma_wood_pellets_energy_usd,$,out.utility_bills.ma_wood_pellets_energy..usd,out.bills.ma_energy_wood_pellets.usd,usd, 1,,,,,,,Annual energy charges for wood_pellets if calculated using MA utility rates.
Output,no,no,float,no,report_utility_bills.ma_wood_pellets_fixed_usd,$,out.utility_bills.ma_wood_pellets_fixed..usd,out.bills.ma_fixed_wood_pellets.usd,usd, 1,,,,,,,Annual fixed charges for wood_pellets if calculated using MA utility rates.
Output,no,no,float,no,report_utility_bills.ma_wood_pellets_total_usd,$,out.utility_bills.ma_wood_pellets_bill..usd,out.bills.ma_wood_pellets.usd,usd, 1,,,,,,,Annual total charges for wood_pellets if calculated using MA utility rates.
Output,no,no,float,no,report_utility_bills.md_coal_energy_usd,$,out.utility_bills.md_coal_energy..usd,out.bills.md_energy_coal.usd,usd, 1,,,,,,,Annual energy charges for coal if calculated using MD utility rates.
Output,no,no,float,no,report_utility_bills.md_coal_fixed_usd,$,out.utility_bills.md_coal_fixed..usd,out.bills.md_fixed_coal.usd,usd, 1,,,,,,,Annual fixed charges for coal if calculated using MD utility rates.
Output,no,no,float,no,report_utility_bills.md_coal_total_usd,$,out.utility_bills.md_coal_bill..usd,out.bills.md_coal.usd,usd, 1,,,,,,,Annual total charges for coal if calculated using MD utility rates.
Output,no,no,float,no,report_utility_bills.md_electricity_energy_usd,$,out.utility_bills.md_electricity_energy..usd,out.bills.md_energy_electricity.usd,usd, 1,,,,,,,Annual energy charges for electricity if calculated using MD utility rates.
Output,no,no,float,no,report_utility_bills.md_electricity_fixed_usd,$,out.utility_bills.md_electricity_fixed..usd,out.bills.md_fixed_electricity.usd,usd, 1,,,,,,,Annual fixed charges for electricity if calculated using MD utility rates.
Output,no,no,float,no,report_utility_bills.md_electricity_pv_credit_usd,$,out.utility_bills.md_electricity_pv_credit..usd,out.bills.md_pv_credit_electricity.usd,usd, 1,,,,,,,Annual PV generation credit for electricity if calculated using MD utility rates.
Output,yes,yes,float,no,report_utility_bills.md_electricity_total_usd,$,out.utility_bills.md_electricity_bill..usd,out.bills.md_electricity.usd,usd, 1,,,,,,,Annual total charges for electricity if calculated using MD utility rates.
Output,no,no,float,no,report_utility_bills.md_fuel_oil_energy_usd,$,out.utility_bills.md_fuel_oil_energy..usd,out.bills.md_energy_fuel_oil.usd,usd, 1,,,,,,,Annual energy charges for fuel_oil if calculated using MD utility rates.
Output,no,no,float,no,report_utility_bills.md_fuel_oil_fixed_usd,$,out.utility_bills.md_fuel_oil_fixed..usd,out.bills.md_fixed_fuel_oil.usd,usd, 1,,,,,,,Annual fixed charges for fuel_oil if calculated using MD utility rates.
Output,yes,yes,float,no,report_utility_bills.md_fuel_oil_total_usd,$,out.utility_bills.md_fuel_oil_bill..usd,out.bills.md_fuel_oil.usd,usd, 1,,,,,,,Annual total charges for fuel_oil if calculated using MD utility rates.
Output,no,no,float,no,report_utility_bills.md_natural_gas_energy_usd,$,out.utility_bills.md_natural_gas_energy..usd,out.bills.md_energy_natural_gas.usd,usd, 1,,,,,,,Annual energy charges for natural_gas if calculated using MD utility rates.
Output,no,no,float,no,report_utility_bills.md_natural_gas_fixed_usd,$,out.utility_bills.md_natural_gas_fixed..usd,out.bills.md_fixed_natural_gas.usd,usd, 1,,,,,,,Annual fixed charges for natural_gas if calculated using MD utility rates.
Output,yes,yes,float,no,report_utility_bills.md_natural_gas_total_usd,$,out.utility_bills.md_natural_gas_bill..usd,out.bills.md_natural_gas.usd,usd, 1,,,,,,,Annual total charges for natural_gas if calculated using MD utility rates.
Output,no,no,float,no,report_utility_bills.md_propane_energy_usd,$,out.utility_bills.md_propane_energy..usd,out.bills.md_energy_propane.usd,usd, 1,,,,,,,Annual energy charges for propane if calculated using MD utility rates.
Output,no,no,float,no,report_utility_bills.md_propane_fixed_usd,$,out.utility_bills.md_propane_fixed..usd,out.bills.md_fixed_propane.usd,usd, 1,,,,,,,Annual fixed charges for propane if calculated using MD utility rates.
Output,yes,yes,float,no,report_utility_bills.md_propane_total_usd,$,out.utility_bills.md_propane_bill..usd,out.bills.md_propane.usd,usd, 1,,,,,,,Annual total charges for propane if calculated using MD utility rates.
Output,yes,yes,float,no,report_utility_bills.md_total_usd,$,out.utility_bills.md_total_bill..usd,out.bills.md_all_fuels.usd,usd, 1,,,,,,,Annual total charges for all fuels if calculated using MD utility rates.
Output,no,no,float,no,report_utility_bills.md_wood_cord_energy_usd,$,out.utility_bills.md_wood_cord_energy..usd,out.bills.md_energy_wood_cord.usd,usd, 1,,,,,,,Annual energy charges for wood_cord if calculated using MD utility rates.
Output,no,no,float,no,report_utility_bills.md_wood_cord_fixed_usd,$,out.utility_bills.md_wood_cord_fixed..usd,out.bills.md_fixed_wood_cord.usd,usd, 1,,,,,,,Annual fixed charges for wood_cord if calculated using MD utility rates.
Output,no,no,float,no,report_utility_bills.md_wood_cord_total_usd,$,out.utility_bills.md_wood_cord_bill..usd,out.bills.md_wood_cord.usd,usd, 1,,,,,,,Annual total charges for wood_cord if calculated using MD utility rates.
Output,no,no,float,no,report_utility_bills.md_wood_pellets_energy_usd,$,out.utility_bills.md_wood_pellets_energy..usd,out.bills.md_energy_wood_pellets.usd,usd, 1,,,,,,,Annual energy charges for wood_pellets if calculated using MD utility rates.
Output,no,no,float,no,report_utility_bills.md_wood_pellets_fixed_usd,$,out.utility_bills.md_wood_pellets_fixed..usd,out.bills.md_fixed_wood_pellets.usd,usd, 1,,,,,,,Annual fixed charges for wood_pellets if calculated using MD utility rates.
Output,no,no,float,no,report_utility_bills.md_wood_pellets_total_usd,$,out.utility_bills.md_wood_pellets_bill..usd,out.bills.md_wood_pellets.usd,usd, 1,,,,,,,Annual total charges for wood_pellets if calculated using MD utility rates.
Output,no,no,float,no,report_utility_bills.me_coal_energy_usd,$,out.utility_bills.me_coal_energy..usd,out.bills.me_energy_coal.usd,usd, 1,,,,,,,Annual energy charges for coal if calculated using ME utility rates.
Output,no,no,float,no,report_utility_bills.me_coal_fixed_usd,$,out.utility_bills.me_coal_fixed..usd,out.bills.me_fixed_coal.usd,usd, 1,,,,,,,Annual fixed charges for coal if calculated using ME utility rates.
Output,no,no,float,no,report_utility_bills.me_coal_total_usd,$,out.utility_bills.me_coal_bill..usd,out.bills.me_coal.usd,usd, 1,,,,,,,Annual total charges for coal if calculated using ME utility rates.
Output,no,no,float,no,report_utility_bills.me_electricity_energy_usd,$,out.utility_bills.me_electricity_energy..usd,out.bills.me_energy_electricity.usd,usd, 1,,,,,,,Annual energy charges for electricity if calculated using ME utility rates.
Output,no,no,float,no,report_utility_bills.me_electricity_fixed_usd,$,out.utility_bills.me_electricity_fixed..usd,out.bills.me_fixed_electricity.usd,usd, 1,,,,,,,Annual fixed charges for electricity if calculated using ME utility rates.
Output,no,no,float,no,report_utility_bills.me_electricity_pv_credit_usd,$,out.utility_bills.me_electricity_pv_credit..usd,out.bills.me_pv_credit_electricity.usd,usd, 1,,,,,,,Annual PV generation credit for electricity if calculated using ME utility rates.
Output,yes,yes,float,no,report_utility_bills.me_electricity_total_usd,$,out.utility_bills.me_electricity_bill..usd,out.bills.me_electricity.usd,usd, 1,,,,,,,Annual total charges for electricity if calculated using ME utility rates.
Output,no,no,float,no,report_utility_bills.me_fuel_oil_energy_usd,$,out.utility_bills.me_fuel_oil_energy..usd,out.bills.me_energy_fuel_oil.usd,usd, 1,,,,,,,Annual energy charges for fuel_oil if calculated using ME utility rates.
Output,no,no,float,no,report_utility_bills.me_fuel_oil_fixed_usd,$,out.utility_bills.me_fuel_oil_fixed..usd,out.bills.me_fixed_fuel_oil.usd,usd, 1,,,,,,,Annual fixed charges for fuel_oil if calculated using ME utility rates.
Output,yes,yes,float,no,report_utility_bills.me_fuel_oil_total_usd,$,out.utility_bills.me_fuel_oil_bill..usd,out.bills.me_fuel_oil.usd,usd, 1,,,,,,,Annual total charges for fuel_oil if calculated using ME utility rates.
Output,no,no,float,no,report_utility_bills.me_natural_gas_energy_usd,$,out.utility_bills.me_natural_gas_energy..usd,out.bills.me_energy_natural_gas.usd,usd, 1,,,,,,,Annual energy charges for natural_gas if calculated using ME utility rates.
Output,no,no,float,no,report_utility_bills.me_natural_gas_fixed_usd,$,out.utility_bills.me_natural_gas_fixed..usd,out.bills.me_fixed_natural_gas.usd,usd, 1,,,,,,,Annual fixed charges for natural_gas if calculated using ME utility rates.
Output,yes,yes,float,no,report_utility_bills.me_natural_gas_total_usd,$,out.utility_bills.me_natural_gas_bill..usd,out.bills.me_natural_gas.usd,usd, 1,,,,,,,Annual total charges for natural_gas if calculated using ME utility rates.
Output,no,no,float,no,report_utility_bills.me_propane_energy_usd,$,out.utility_bills.me_propane_energy..usd,out.bills.me_energy_propane.usd,usd, 1,,,,,,,Annual energy charges for propane if calculated using ME utility rates.
Output,no,no,float,no,report_utility_bills.me_propane_fixed_usd,$,out.utility_bills.me_propane_fixed..usd,out.bills.me_fixed_propane.usd,usd, 1,,,,,,,Annual fixed charges for propane if calculated using ME utility rates.
Output,yes,yes,float,no,report_utility_bills.me_propane_total_usd,$,out.utility_bills.me_propane_bill..usd,out.bills.me_propane.usd,usd, 1,,,,,,,Annual total charges for propane if calculated using ME utility rates.
Output,yes,yes,float,no,report_utility_bills.me_total_usd,$,out.utility_bills.me_total_bill..usd,out.bills.me_all_fuels.usd,usd, 1,,,,,,,Annual total charges for all fuels if calculated using ME utility rates.
Output,no,no,float,no,report_utility_bills.me_wood_cord_energy_usd,$,out.utility_bills.me_wood_cord_energy..usd,out.bills.me_energy_wood_cord.usd,usd, 1,,,,,,,Annual energy charges for wood_cord if calculated using ME utility rates.
Output,no,no,float,no,report_utility_bills.me_wood_cord_fixed_usd,$,out.utility_bills.me_wood_cord_fixed..usd,out.bills.me_fixed_wood_cord.usd,usd, 1,,,,,,,Annual fixed charges for wood_cord if calculated using ME utility rates.
Output,no,no,float,no,report_utility_bills.me_wood_cord_total_usd,$,out.utility_bills.me_wood_cord_bill..usd,out.bills.me_wood_cord.usd,usd, 1,,,,,,,Annual total charges for wood_cord if calculated using ME utility rates.
Output,no,no,float,no,report_utility_bills.me_wood_pellets_energy_usd,$,out.utility_bills.me_wood_pellets_energy..usd,out.bills.me_energy_wood_pellets.usd,usd, 1,,,,,,,Annual energy charges for wood_pellets if calculated using ME utility rates.
Output,no,no,float,no,report_utility_bills.me_wood_pellets_fixed_usd,$,out.utility_bills.me_wood_pellets_fixed..usd,out.bills.me_fixed_wood_pellets.usd,usd, 1,,,,,,,Annual fixed charges for wood_pellets if calculated using ME utility rates.
Output,no,no,float,no,report_utility_bills.me_wood_pellets_total_usd,$,out.utility_bills.me_wood_pellets_bill..usd,out.bills.me_wood_pellets.usd,usd, 1,,,,,,,Annual total charges for wood_pellets if calculated using ME utility rates.
Output,no,no,float,no,report_utility_bills.mi_coal_energy_usd,$,out.utility_bills.mi_coal_energy..usd,out.bills.mi_energy_coal.usd,usd, 1,,,,,,,Annual energy charges for coal if calculated using MI utility rates.
Output,no,no,float,no,report_utility_bills.mi_coal_fixed_usd,$,out.utility_bills.mi_coal_fixed..usd,out.bills.mi_fixed_coal.usd,usd, 1,,,,,,,Annual fixed charges for coal if calculated using MI utility rates.
Output,no,no,float,no,report_utility_bills.mi_coal_total_usd,$,out.utility_bills.mi_coal_bill..usd,out.bills.mi_coal.usd,usd, 1,,,,,,,Annual total charges for coal if calculated using MI utility rates.
Output,no,no,float,no,report_utility_bills.mi_electricity_energy_usd,$,out.utility_bills.mi_electricity_energy..usd,out.bills.mi_energy_electricity.usd,usd, 1,,,,,,,Annual energy charges for electricity if calculated using MI utility rates.
Output,no,no,float,no,report_utility_bills.mi_electricity_fixed_usd,$,out.utility_bills.mi_electricity_fixed..usd,out.bills.mi_fixed_electricity.usd,usd, 1,,,,,,,Annual fixed charges for electricity if calculated using MI utility rates.
Output,no,no,float,no,report_utility_bills.mi_electricity_pv_credit_usd,$,out.utility_bills.mi_electricity_pv_credit..usd,out.bills.mi_pv_credit_electricity.usd,usd, 1,,,,,,,Annual PV generation credit for electricity if calculated using MI utility rates.
Output,yes,yes,float,no,report_utility_bills.mi_electricity_total_usd,$,out.utility_bills.mi_electricity_bill..usd,out.bills.mi_electricity.usd,usd, 1,,,,,,,Annual total charges for electricity if calculated using MI utility rates.
Output,no,no,float,no,report_utility_bills.mi_fuel_oil_energy_usd,$,out.utility_bills.mi_fuel_oil_energy..usd,out.bills.mi_energy_fuel_oil.usd,usd, 1,,,,,,,Annual energy charges for fuel_oil if calculated using MI utility rates.
Output,no,no,float,no,report_utility_bills.mi_fuel_oil_fixed_usd,$,out.utility_bills.mi_fuel_oil_fixed..usd,out.bills.mi_fixed_fuel_oil.usd,usd, 1,,,,,,,Annual fixed charges for fuel_oil if calculated using MI utility rates.
Output,yes,yes,float,no,report_utility_bills.mi_fuel_oil_total_usd,$,out.utility_bills.mi_fuel_oil_bill..usd,out.bills.mi_fuel_oil.usd,usd, 1,,,,,,,Annual total charges for fuel_oil if calculated using MI utility rates.
Output,no,no,float,no,report_utility_bills.mi_natural_gas_energy_usd,$,out.utility_bills.mi_natural_gas_energy..usd,out.bills.mi_energy_natural_gas.usd,usd, 1,,,,,,,Annual energy charges for natural_gas if calculated using MI utility rates.
Output,no,no,float,no,report_utility_bills.mi_natural_gas_fixed_usd,$,out.utility_bills.mi_natural_gas_fixed..usd,out.bills.mi_fixed_natural_gas.usd,usd, 1,,,,,,,Annual fixed charges for natural_gas if calculated using MI utility rates.
Output,yes,yes,float,no,report_utility_bills.mi_natural_gas_total_usd,$,out.utility_bills.mi_natural_gas_bill..usd,out.bills.mi_natural_gas.usd,usd, 1,,,,,,,Annual total charges for natural_gas if calculated using MI utility rates.
Output,no,no,float,no,report_utility_bills.mi_propane_energy_usd,$,out.utility_bills.mi_propane_energy..usd,out.bills.mi_energy_propane.usd,usd, 1,,,,,,,Annual energy charges for propane if calculated using MI utility rates.
Output,no,no,float,no,report_utility_bills.mi_propane_fixed_usd,$,out.utility_bills.mi_propane_fixed..usd,out.bills.mi_fixed_propane.usd,usd, 1,,,,,,,Annual fixed charges for propane if calculated using MI utility rates.
Output,yes,yes,float,no,report_utility_bills.mi_propane_total_usd,$,out.utility_bills.mi_propane_bill..usd,out.bills.mi_propane.usd,usd, 1,,,,,,,Annual total charges for propane if calculated using MI utility rates.
Output,yes,yes,float,no,report_utility_bills.mi_total_usd,$,out.utility_bills.mi_total_bill..usd,out.bills.mi_all_fuels.usd,usd, 1,,,,,,,Annual total charges for all fuels if calculated using MI utility rates.
Output,no,no,float,no,report_utility_bills.mi_wood_cord_energy_usd,$,out.utility_bills.mi_wood_cord_energy..usd,out.bills.mi_energy_wood_cord.usd,usd, 1,,,,,,,Annual energy charges for wood_cord if calculated using MI utility rates.
Output,no,no,float,no,report_utility_bills.mi_wood_cord_fixed_usd,$,out.utility_bills.mi_wood_cord_fixed..usd,out.bills.mi_fixed_wood_cord.usd,usd, 1,,,,,,,Annual fixed charges for wood_cord if calculated using MI utility rates.
Output,no,no,float,no,report_utility_bills.mi_wood_cord_total_usd,$,out.utility_bills.mi_wood_cord_bill..usd,out.bills.mi_wood_cord.usd,usd, 1,,,,,,,Annual total charges for wood_cord if calculated using MI utility rates.
Output,no,no,float,no,report_utility_bills.mi_wood_pellets_energy_usd,$,out.utility_bills.mi_wood_pellets_energy..usd,out.bills.mi_energy_wood_pellets.usd,usd, 1,,,,,,,Annual energy charges for wood_pellets if calculated using MI utility rates.
Output,no,no,float,no,report_utility_bills.mi_wood_pellets_fixed_usd,$,out.utility_bills.mi_wood_pellets_fixed..usd,out.bills.mi_fixed_wood_pellets.usd,usd, 1,,,,,,,Annual fixed charges for wood_pellets if calculated using MI utility rates.
Output,no,no,float,no,report_utility_bills.mi_wood_pellets_total_usd,$,out.utility_bills.mi_wood_pellets_bill..usd,out.bills.mi_wood_pellets.usd,usd, 1,,,,,,,Annual total charges for wood_pellets if calculated using MI utility rates.
Output,no,no,float,no,report_utility_bills.mn_coal_energy_usd,$,out.utility_bills.mn_coal_energy..usd,out.bills.mn_energy_coal.usd,usd, 1,,,,,,,Annual energy charges for coal if calculated using MN utility rates.
Output,no,no,float,no,report_utility_bills.mn_coal_fixed_usd,$,out.utility_bills.mn_coal_fixed..usd,out.bills.mn_fixed_coal.usd,usd, 1,,,,,,,Annual fixed charges for coal if calculated using MN utility rates.
Output,no,no,float,no,report_utility_bills.mn_coal_total_usd,$,out.utility_bills.mn_coal_bill..usd,out.bills.mn_coal.usd,usd, 1,,,,,,,Annual total charges for coal if calculated using MN utility rates.
Output,no,no,float,no,report_utility_bills.mn_electricity_energy_usd,$,out.utility_bills.mn_electricity_energy..usd,out.bills.mn_energy_electricity.usd,usd, 1,,,,,,,Annual energy charges for electricity if calculated using MN utility rates.
Output,no,no,float,no,report_utility_bills.mn_electricity_fixed_usd,$,out.utility_bills.mn_electricity_fixed..usd,out.bills.mn_fixed_electricity.usd,usd, 1,,,,,,,Annual fixed charges for electricity if calculated using MN utility rates.
Output,no,no,float,no,report_utility_bills.mn_electricity_pv_credit_usd,$,out.utility_bills.mn_electricity_pv_credit..usd,out.bills.mn_pv_credit_electricity.usd,usd, 1,,,,,,,Annual PV generation credit for electricity if calculated using MN utility rates.
Output,yes,yes,float,no,report_utility_bills.mn_electricity_total_usd,$,out.utility_bills.mn_electricity_bill..usd,out.bills.mn_electricity.usd,usd, 1,,,,,,,Annual total charges for electricity if calculated using MN utility rates.
Output,no,no,float,no,report_utility_bills.mn_fuel_oil_energy_usd,$,out.utility_bills.mn_fuel_oil_energy..usd,out.bills.mn_energy_fuel_oil.usd,usd, 1,,,,,,,Annual energy charges for fuel_oil if calculated using MN utility rates.
Output,no,no,float,no,report_utility_bills.mn_fuel_oil_fixed_usd,$,out.utility_bills.mn_fuel_oil_fixed..usd,out.bills.mn_fixed_fuel_oil.usd,usd, 1,,,,,,,Annual fixed charges for fuel_oil if calculated using MN utility rates.
Output,yes,yes,float,no,report_utility_bills.mn_fuel_oil_total_usd,$,out.utility_bills.mn_fuel_oil_bill..usd,out.bills.mn_fuel_oil.usd,usd, 1,,,,,,,Annual total charges for fuel_oil if calculated using MN utility rates.
Output,no,no,float,no,report_utility_bills.mn_natural_gas_energy_usd,$,out.utility_bills.mn_natural_gas_energy..usd,out.bills.mn_energy_natural_gas.usd,usd, 1,,,,,,,Annual energy charges for natural_gas if calculated using MN utility rates.
Output,no,no,float,no,report_utility_bills.mn_natural_gas_fixed_usd,$,out.utility_bills.mn_natural_gas_fixed..usd,out.bills.mn_fixed_natural_gas.usd,usd, 1,,,,,,,Annual fixed charges for natural_gas if calculated using MN utility rates.
Output,yes,yes,float,no,report_utility_bills.mn_natural_gas_total_usd,$,out.utility_bills.mn_natural_gas_bill..usd,out.bills.mn_natural_gas.usd,usd, 1,,,,,,,Annual total charges for natural_gas if calculated using MN utility rates.
Output,no,no,float,no,report_utility_bills.mn_propane_energy_usd,$,out.utility_bills.mn_propane_energy..usd,out.bills.mn_energy_propane.usd,usd, 1,,,,,,,Annual energy charges for propane if calculated using MN utility rates.
Output,no,no,float,no,report_utility_bills.mn_propane_fixed_usd,$,out.utility_bills.mn_propane_fixed..usd,out.bills.mn_fixed_propane.usd,usd, 1,,,,,,,Annual fixed charges for propane if calculated using MN utility rates.
Output,yes,yes,float,no,report_utility_bills.mn_propane_total_usd,$,out.utility_bills.mn_propane_bill..usd,out.bills.mn_propane.usd,usd, 1,,,,,,,Annual total charges for propane if calculated using MN utility rates.
Output,yes,yes,float,no,report_utility_bills.mn_total_usd,$,out.utility_bills.mn_total_bill..usd,out.bills.mn_all_fuels.usd,usd, 1,,,,,,,Annual total charges for all fuels if calculated using MN utility rates.
Output,no,no,float,no,report_utility_bills.mn_wood_cord_energy_usd,$,out.utility_bills.mn_wood_cord_energy..usd,out.bills.mn_energy_wood_cord.usd,usd, 1,,,,,,,Annual energy charges for wood_cord if calculated using MN utility rates.
Output,no,no,float,no,report_utility_bills.mn_wood_cord_fixed_usd,$,out.utility_bills.mn_wood_cord_fixed..usd,out.bills.mn_fixed_wood_cord.usd,usd, 1,,,,,,,Annual fixed charges for wood_cord if calculated using MN utility rates.
Output,no,no,float,no,report_utility_bills.mn_wood_cord_total_usd,$,out.utility_bills.mn_wood_cord_bill..usd,out.bills.mn_wood_cord.usd,usd, 1,,,,,,,Annual total charges for wood_cord if calculated using MN utility rates.
Output,no,no,float,no,report_utility_bills.mn_wood_pellets_energy_usd,$,out.utility_bills.mn_wood_pellets_energy..usd,out.bills.mn_energy_wood_pellets.usd,usd, 1,,,,,,,Annual energy charges for wood_pellets if calculated using MN utility rates.
Output,no,no,float,no,report_utility_bills.mn_wood_pellets_fixed_usd,$,out.utility_bills.mn_wood_pellets_fixed..usd,out.bills.mn_fixed_wood_pellets.usd,usd, 1,,,,,,,Annual fixed charges for wood_pellets if calculated using MN utility rates.
Output,no,no,float,no,report_utility_bills.mn_wood_pellets_total_usd,$,out.utility_bills.mn_wood_pellets_bill..usd,out.bills.mn_wood_pellets.usd,usd, 1,,,,,,,Annual total charges for wood_pellets if calculated using MN utility rates.
Output,no,no,float,no,report_utility_bills.mo_coal_energy_usd,$,out.utility_bills.mo_coal_energy..usd,out.bills.mo_energy_coal.usd,usd, 1,,,,,,,Annual energy charges for coal if calculated using MO utility rates.
Output,no,no,float,no,report_utility_bills.mo_coal_fixed_usd,$,out.utility_bills.mo_coal_fixed..usd,out.bills.mo_fixed_coal.usd,usd, 1,,,,,,,Annual fixed charges for coal if calculated using MO utility rates.
Output,no,no,float,no,report_utility_bills.mo_coal_total_usd,$,out.utility_bills.mo_coal_bill..usd,out.bills.mo_coal.usd,usd, 1,,,,,,,Annual total charges for coal if calculated using MO utility rates.
Output,no,no,float,no,report_utility_bills.mo_electricity_energy_usd,$,out.utility_bills.mo_electricity_energy..usd,out.bills.mo_energy_electricity.usd,usd, 1,,,,,,,Annual energy charges for electricity if calculated using MO utility rates.
Output,no,no,float,no,report_utility_bills.mo_electricity_fixed_usd,$,out.utility_bills.mo_electricity_fixed..usd,out.bills.mo_fixed_electricity.usd,usd, 1,,,,,,,Annual fixed charges for electricity if calculated using MO utility rates.
Output,no,no,float,no,report_utility_bills.mo_electricity_pv_credit_usd,$,out.utility_bills.mo_electricity_pv_credit..usd,out.bills.mo_pv_credit_electricity.usd,usd, 1,,,,,,,Annual PV generation credit for electricity if calculated using MO utility rates.
Output,yes,yes,float,no,report_utility_bills.mo_electricity_total_usd,$,out.utility_bills.mo_electricity_bill..usd,out.bills.mo_electricity.usd,usd, 1,,,,,,,Annual total charges for electricity if calculated using MO utility rates.
Output,no,no,float,no,report_utility_bills.mo_fuel_oil_energy_usd,$,out.utility_bills.mo_fuel_oil_energy..usd,out.bills.mo_energy_fuel_oil.usd,usd, 1,,,,,,,Annual energy charges for fuel_oil if calculated using MO utility rates.
Output,no,no,float,no,report_utility_bills.mo_fuel_oil_fixed_usd,$,out.utility_bills.mo_fuel_oil_fixed..usd,out.bills.mo_fixed_fuel_oil.usd,usd, 1,,,,,,,Annual fixed charges for fuel_oil if calculated using MO utility rates.
Output,yes,yes,float,no,report_utility_bills.mo_fuel_oil_total_usd,$,out.utility_bills.mo_fuel_oil_bill..usd,out.bills.mo_fuel_oil.usd,usd, 1,,,,,,,Annual total charges for fuel_oil if calculated using MO utility rates.
Output,no,no,float,no,report_utility_bills.mo_natural_gas_energy_usd,$,out.utility_bills.mo_natural_gas_energy..usd,out.bills.mo_energy_natural_gas.usd,usd, 1,,,,,,,Annual energy charges for natural_gas if calculated using MO utility rates.
Output,no,no,float,no,report_utility_bills.mo_natural_gas_fixed_usd,$,out.utility_bills.mo_natural_gas_fixed..usd,out.bills.mo_fixed_natural_gas.usd,usd, 1,,,,,,,Annual fixed charges for natural_gas if calculated using MO utility rates.
Output,yes,yes,float,no,report_utility_bills.mo_natural_gas_total_usd,$,out.utility_bills.mo_natural_gas_bill..usd,out.bills.mo_natural_gas.usd,usd, 1,,,,,,,Annual total charges for natural_gas if calculated using MO utility rates.
Output,no,no,float,no,report_utility_bills.mo_propane_energy_usd,$,out.utility_bills.mo_propane_energy..usd,out.bills.mo_energy_propane.usd,usd, 1,,,,,,,Annual energy charges for propane if calculated using MO utility rates.
Output,no,no,float,no,report_utility_bills.mo_propane_fixed_usd,$,out.utility_bills.mo_propane_fixed..usd,out.bills.mo_fixed_propane.usd,usd, 1,,,,,,,Annual fixed charges for propane if calculated using MO utility rates.
Output,yes,yes,float,no,report_utility_bills.mo_propane_total_usd,$,out.utility_bills.mo_propane_bill..usd,out.bills.mo_propane.usd,usd, 1,,,,,,,Annual total charges for propane if calculated using MO utility rates.
Output,yes,yes,float,no,report_utility_bills.mo_total_usd,$,out.utility_bills.mo_total_bill..usd,out.bills.mo_all_fuels.usd,usd, 1,,,,,,,Annual total charges for all fuels if calculated using MO utility rates.
Output,no,no,float,no,report_utility_bills.mo_wood_cord_energy_usd,$,out.utility_bills.mo_wood_cord_energy..usd,out.bills.mo_energy_wood_cord.usd,usd, 1,,,,,,,Annual energy charges for wood_cord if calculated using MO utility rates.
Output,no,no,float,no,report_utility_bills.mo_wood_cord_fixed_usd,$,out.utility_bills.mo_wood_cord_fixed..usd,out.bills.mo_fixed_wood_cord.usd,usd, 1,,,,,,,Annual fixed charges for wood_cord if calculated using MO utility rates.
Output,no,no,float,no,report_utility_bills.mo_wood_cord_total_usd,$,out.utility_bills.mo_wood_cord_bill..usd,out.bills.mo_wood_cord.usd,usd, 1,,,,,,,Annual total charges for wood_cord if calculated using MO utility rates.
Output,no,no,float,no,report_utility_bills.mo_wood_pellets_energy_usd,$,out.utility_bills.mo_wood_pellets_energy..usd,out.bills.mo_energy_wood_pellets.usd,usd, 1,,,,,,,Annual energy charges for wood_pellets if calculated using MO utility rates.
Output,no,no,float,no,report_utility_bills.mo_wood_pellets_fixed_usd,$,out.utility_bills.mo_wood_pellets_fixed..usd,out.bills.mo_fixed_wood_pellets.usd,usd, 1,,,,,,,Annual fixed charges for wood_pellets if calculated using MO utility rates.
Output,no,no,float,no,report_utility_bills.mo_wood_pellets_total_usd,$,out.utility_bills.mo_wood_pellets_bill..usd,out.bills.mo_wood_pellets.usd,usd, 1,,,,,,,Annual total charges for wood_pellets if calculated using MO utility rates.
Output,no,no,float,no,report_utility_bills.ms_coal_energy_usd,$,out.utility_bills.ms_coal_energy..usd,out.bills.ms_energy_coal.usd,usd, 1,,,,,,,Annual energy charges for coal if calculated using MS utility rates.
Output,no,no,float,no,report_utility_bills.ms_coal_fixed_usd,$,out.utility_bills.ms_coal_fixed..usd,out.bills.ms_fixed_coal.usd,usd, 1,,,,,,,Annual fixed charges for coal if calculated using MS utility rates.
Output,no,no,float,no,report_utility_bills.ms_coal_total_usd,$,out.utility_bills.ms_coal_bill..usd,out.bills.ms_coal.usd,usd, 1,,,,,,,Annual total charges for coal if calculated using MS utility rates.
Output,no,no,float,no,report_utility_bills.ms_electricity_energy_usd,$,out.utility_bills.ms_electricity_energy..usd,out.bills.ms_energy_electricity.usd,usd, 1,,,,,,,Annual energy charges for electricity if calculated using MS utility rates.
Output,no,no,float,no,report_utility_bills.ms_electricity_fixed_usd,$,out.utility_bills.ms_electricity_fixed..usd,out.bills.ms_fixed_electricity.usd,usd, 1,,,,,,,Annual fixed charges for electricity if calculated using MS utility rates.
Output,no,no,float,no,report_utility_bills.ms_electricity_pv_credit_usd,$,out.utility_bills.ms_electricity_pv_credit..usd,out.bills.ms_pv_credit_electricity.usd,usd, 1,,,,,,,Annual PV generation credit for electricity if calculated using MS utility rates.
Output,yes,yes,float,no,report_utility_bills.ms_electricity_total_usd,$,out.utility_bills.ms_electricity_bill..usd,out.bills.ms_electricity.usd,usd, 1,,,,,,,Annual total charges for electricity if calculated using MS utility rates.
Output,no,no,float,no,report_utility_bills.ms_fuel_oil_energy_usd,$,out.utility_bills.ms_fuel_oil_energy..usd,out.bills.ms_energy_fuel_oil.usd,usd, 1,,,,,,,Annual energy charges for fuel_oil if calculated using MS utility rates.
Output,no,no,float,no,report_utility_bills.ms_fuel_oil_fixed_usd,$,out.utility_bills.ms_fuel_oil_fixed..usd,out.bills.ms_fixed_fuel_oil.usd,usd, 1,,,,,,,Annual fixed charges for fuel_oil if calculated using MS utility rates.
Output,yes,yes,float,no,report_utility_bills.ms_fuel_oil_total_usd,$,out.utility_bills.ms_fuel_oil_bill..usd,out.bills.ms_fuel_oil.usd,usd, 1,,,,,,,Annual total charges for fuel_oil if calculated using MS utility rates.
Output,no,no,float,no,report_utility_bills.ms_natural_gas_energy_usd,$,out.utility_bills.ms_natural_gas_energy..usd,out.bills.ms_energy_natural_gas.usd,usd, 1,,,,,,,Annual energy charges for natural_gas if calculated using MS utility rates.
Output,no,no,float,no,report_utility_bills.ms_natural_gas_fixed_usd,$,out.utility_bills.ms_natural_gas_fixed..usd,out.bills.ms_fixed_natural_gas.usd,usd, 1,,,,,,,Annual fixed charges for natural_gas if calculated using MS utility rates.
Output,yes,yes,float,no,report_utility_bills.ms_natural_gas_total_usd,$,out.utility_bills.ms_natural_gas_bill..usd,out.bills.ms_natural_gas.usd,usd, 1,,,,,,,Annual total charges for natural_gas if calculated using MS utility rates.
Output,no,no,float,no,report_utility_bills.ms_propane_energy_usd,$,out.utility_bills.ms_propane_energy..usd,out.bills.ms_energy_propane.usd,usd, 1,,,,,,,Annual energy charges for propane if calculated using MS utility rates.
Output,no,no,float,no,report_utility_bills.ms_propane_fixed_usd,$,out.utility_bills.ms_propane_fixed..usd,out.bills.ms_fixed_propane.usd,usd, 1,,,,,,,Annual fixed charges for propane if calculated using MS utility rates.
Output,yes,yes,float,no,report_utility_bills.ms_propane_total_usd,$,out.utility_bills.ms_propane_bill..usd,out.bills.ms_propane.usd,usd, 1,,,,,,,Annual total charges for propane if calculated using MS utility rates.
Output,yes,yes,float,no,report_utility_bills.ms_total_usd,$,out.utility_bills.ms_total_bill..usd,out.bills.ms_all_fuels.usd,usd, 1,,,,,,,Annual total charges for all fuels if calculated using MS utility rates.
Output,no,no,float,no,report_utility_bills.ms_wood_cord_energy_usd,$,out.utility_bills.ms_wood_cord_energy..usd,out.bills.ms_energy_wood_cord.usd,usd, 1,,,,,,,Annual energy charges for wood_cord if calculated using MS utility rates.
Output,no,no,float,no,report_utility_bills.ms_wood_cord_fixed_usd,$,out.utility_bills.ms_wood_cord_fixed..usd,out.bills.ms_fixed_wood_cord.usd,usd, 1,,,,,,,Annual fixed charges for wood_cord if calculated using MS utility rates.
Output,no,no,float,no,report_utility_bills.ms_wood_cord_total_usd,$,out.utility_bills.ms_wood_cord_bill..usd,out.bills.ms_wood_cord.usd,usd, 1,,,,,,,Annual total charges for wood_cord if calculated using MS utility rates.
Output,no,no,float,no,report_utility_bills.ms_wood_pellets_energy_usd,$,out.utility_bills.ms_wood_pellets_energy..usd,out.bills.ms_energy_wood_pellets.usd,usd, 1,,,,,,,Annual energy charges for wood_pellets if calculated using MS utility rates.
Output,no,no,float,no,report_utility_bills.ms_wood_pellets_fixed_usd,$,out.utility_bills.ms_wood_pellets_fixed..usd,out.bills.ms_fixed_wood_pellets.usd,usd, 1,,,,,,,Annual fixed charges for wood_pellets if calculated using MS utility rates.
Output,no,no,float,no,report_utility_bills.ms_wood_pellets_total_usd,$,out.utility_bills.ms_wood_pellets_bill..usd,out.bills.ms_wood_pellets.usd,usd, 1,,,,,,,Annual total charges for wood_pellets if calculated using MS utility rates.
Output,no,no,float,no,report_utility_bills.mt_coal_energy_usd,$,out.utility_bills.mt_coal_energy..usd,out.bills.mt_energy_coal.usd,usd, 1,,,,,,,Annual energy charges for coal if calculated using MT utility rates.
Output,no,no,float,no,report_utility_bills.mt_coal_fixed_usd,$,out.utility_bills.mt_coal_fixed..usd,out.bills.mt_fixed_coal.usd,usd, 1,,,,,,,Annual fixed charges for coal if calculated using MT utility rates.
Output,no,no,float,no,report_utility_bills.mt_coal_total_usd,$,out.utility_bills.mt_coal_bill..usd,out.bills.mt_coal.usd,usd, 1,,,,,,,Annual total charges for coal if calculated using MT utility rates.
Output,no,no,float,no,report_utility_bills.mt_electricity_energy_usd,$,out.utility_bills.mt_electricity_energy..usd,out.bills.mt_energy_electricity.usd,usd, 1,,,,,,,Annual energy charges for electricity if calculated using MT utility rates.
Output,no,no,float,no,report_utility_bills.mt_electricity_fixed_usd,$,out.utility_bills.mt_electricity_fixed..usd,out.bills.mt_fixed_electricity.usd,usd, 1,,,,,,,Annual fixed charges for electricity if calculated using MT utility rates.
Output,no,no,float,no,report_utility_bills.mt_electricity_pv_credit_usd,$,out.utility_bills.mt_electricity_pv_credit..usd,out.bills.mt_pv_credit_electricity.usd,usd, 1,,,,,,,Annual PV generation credit for electricity if calculated using MT utility rates.
Output,yes,yes,float,no,report_utility_bills.mt_electricity_total_usd,$,out.utility_bills.mt_electricity_bill..usd,out.bills.mt_electricity.usd,usd, 1,,,,,,,Annual total charges for electricity if calculated using MT utility rates.
Output,no,no,float,no,report_utility_bills.mt_fuel_oil_energy_usd,$,out.utility_bills.mt_fuel_oil_energy..usd,out.bills.mt_energy_fuel_oil.usd,usd, 1,,,,,,,Annual energy charges for fuel_oil if calculated using MT utility rates.
Output,no,no,float,no,report_utility_bills.mt_fuel_oil_fixed_usd,$,out.utility_bills.mt_fuel_oil_fixed..usd,out.bills.mt_fixed_fuel_oil.usd,usd, 1,,,,,,,Annual fixed charges for fuel_oil if calculated using MT utility rates.
Output,yes,yes,float,no,report_utility_bills.mt_fuel_oil_total_usd,$,out.utility_bills.mt_fuel_oil_bill..usd,out.bills.mt_fuel_oil.usd,usd, 1,,,,,,,Annual total charges for fuel_oil if calculated using MT utility rates.
Output,no,no,float,no,report_utility_bills.mt_natural_gas_energy_usd,$,out.utility_bills.mt_natural_gas_energy..usd,out.bills.mt_energy_natural_gas.usd,usd, 1,,,,,,,Annual energy charges for natural_gas if calculated using MT utility rates.
Output,no,no,float,no,report_utility_bills.mt_natural_gas_fixed_usd,$,out.utility_bills.mt_natural_gas_fixed..usd,out.bills.mt_fixed_natural_gas.usd,usd, 1,,,,,,,Annual fixed charges for natural_gas if calculated using MT utility rates.
Output,yes,yes,float,no,report_utility_bills.mt_natural_gas_total_usd,$,out.utility_bills.mt_natural_gas_bill..usd,out.bills.mt_natural_gas.usd,usd, 1,,,,,,,Annual total charges for natural_gas if calculated using MT utility rates.
Output,no,no,float,no,report_utility_bills.mt_propane_energy_usd,$,out.utility_bills.mt_propane_energy..usd,out.bills.mt_energy_propane.usd,usd, 1,,,,,,,Annual energy charges for propane if calculated using MT utility rates.
Output,no,no,float,no,report_utility_bills.mt_propane_fixed_usd,$,out.utility_bills.mt_propane_fixed..usd,out.bills.mt_fixed_propane.usd,usd, 1,,,,,,,Annual fixed charges for propane if calculated using MT utility rates.
Output,yes,yes,float,no,report_utility_bills.mt_propane_total_usd,$,out.utility_bills.mt_propane_bill..usd,out.bills.mt_propane.usd,usd, 1,,,,,,,Annual total charges for propane if calculated using MT utility rates.
Output,yes,yes,float,no,report_utility_bills.mt_total_usd,$,out.utility_bills.mt_total_bill..usd,out.bills.mt_all_fuels.usd,usd, 1,,,,,,,Annual total charges for all fuels if calculated using MT utility rates.
Output,no,no,float,no,report_utility_bills.mt_wood_cord_energy_usd,$,out.utility_bills.mt_wood_cord_energy..usd,out.bills.mt_energy_wood_cord.usd,usd, 1,,,,,,,Annual energy charges for wood_cord if calculated using MT utility rates.
Output,no,no,float,no,report_utility_bills.mt_wood_cord_fixed_usd,$,out.utility_bills.mt_wood_cord_fixed..usd,out.bills.mt_fixed_wood_cord.usd,usd, 1,,,,,,,Annual fixed charges for wood_cord if calculated using MT utility rates.
Output,no,no,float,no,report_utility_bills.mt_wood_cord_total_usd,$,out.utility_bills.mt_wood_cord_bill..usd,out.bills.mt_wood_cord.usd,usd, 1,,,,,,,Annual total charges for wood_cord if calculated using MT utility rates.
Output,no,no,float,no,report_utility_bills.mt_wood_pellets_energy_usd,$,out.utility_bills.mt_wood_pellets_energy..usd,out.bills.mt_energy_wood_pellets.usd,usd, 1,,,,,,,Annual energy charges for wood_pellets if calculated using MT utility rates.
Output,no,no,float,no,report_utility_bills.mt_wood_pellets_fixed_usd,$,out.utility_bills.mt_wood_pellets_fixed..usd,out.bills.mt_fixed_wood_pellets.usd,usd, 1,,,,,,,Annual fixed charges for wood_pellets if calculated using MT utility rates.
Output,no,no,float,no,report_utility_bills.mt_wood_pellets_total_usd,$,out.utility_bills.mt_wood_pellets_bill..usd,out.bills.mt_wood_pellets.usd,usd, 1,,,,,,,Annual total charges for wood_pellets if calculated using MT utility rates.
Output,no,no,float,no,report_utility_bills.nc_coal_energy_usd,$,out.utility_bills.nc_coal_energy..usd,out.bills.nc_energy_coal.usd,usd, 1,,,,,,,Annual energy charges for coal if calculated using NC utility rates.
Output,no,no,float,no,report_utility_bills.nc_coal_fixed_usd,$,out.utility_bills.nc_coal_fixed..usd,out.bills.nc_fixed_coal.usd,usd, 1,,,,,,,Annual fixed charges for coal if calculated using NC utility rates.
Output,no,no,float,no,report_utility_bills.nc_coal_total_usd,$,out.utility_bills.nc_coal_bill..usd,out.bills.nc_coal.usd,usd, 1,,,,,,,Annual total charges for coal if calculated using NC utility rates.
Output,no,no,float,no,report_utility_bills.nc_electricity_energy_usd,$,out.utility_bills.nc_electricity_energy..usd,out.bills.nc_energy_electricity.usd,usd, 1,,,,,,,Annual energy charges for electricity if calculated using NC utility rates.
Output,no,no,float,no,report_utility_bills.nc_electricity_fixed_usd,$,out.utility_bills.nc_electricity_fixed..usd,out.bills.nc_fixed_electricity.usd,usd, 1,,,,,,,Annual fixed charges for electricity if calculated using NC utility rates.
Output,no,no,float,no,report_utility_bills.nc_electricity_pv_credit_usd,$,out.utility_bills.nc_electricity_pv_credit..usd,out.bills.nc_pv_credit_electricity.usd,usd, 1,,,,,,,Annual PV generation credit for electricity if calculated using NC utility rates.
Output,yes,yes,float,no,report_utility_bills.nc_electricity_total_usd,$,out.utility_bills.nc_electricity_bill..usd,out.bills.nc_electricity.usd,usd, 1,,,,,,,Annual total charges for electricity if calculated using NC utility rates.
Output,no,no,float,no,report_utility_bills.nc_fuel_oil_energy_usd,$,out.utility_bills.nc_fuel_oil_energy..usd,out.bills.nc_energy_fuel_oil.usd,usd, 1,,,,,,,Annual energy charges for fuel_oil if calculated using NC utility rates.
Output,no,no,float,no,report_utility_bills.nc_fuel_oil_fixed_usd,$,out.utility_bills.nc_fuel_oil_fixed..usd,out.bills.nc_fixed_fuel_oil.usd,usd, 1,,,,,,,Annual fixed charges for fuel_oil if calculated using NC utility rates.
Output,yes,yes,float,no,report_utility_bills.nc_fuel_oil_total_usd,$,out.utility_bills.nc_fuel_oil_bill..usd,out.bills.nc_fuel_oil.usd,usd, 1,,,,,,,Annual total charges for fuel_oil if calculated using NC utility rates.
Output,no,no,float,no,report_utility_bills.nc_natural_gas_energy_usd,$,out.utility_bills.nc_natural_gas_energy..usd,out.bills.nc_energy_natural_gas.usd,usd, 1,,,,,,,Annual energy charges for natural_gas if calculated using NC utility rates.
Output,no,no,float,no,report_utility_bills.nc_natural_gas_fixed_usd,$,out.utility_bills.nc_natural_gas_fixed..usd,out.bills.nc_fixed_natural_gas.usd,usd, 1,,,,,,,Annual fixed charges for natural_gas if calculated using NC utility rates.
Output,yes,yes,float,no,report_utility_bills.nc_natural_gas_total_usd,$,out.utility_bills.nc_natural_gas_bill..usd,out.bills.nc_natural_gas.usd,usd, 1,,,,,,,Annual total charges for natural_gas if calculated using NC utility rates.
Output,no,no,float,no,report_utility_bills.nc_propane_energy_usd,$,out.utility_bills.nc_propane_energy..usd,out.bills.nc_energy_propane.usd,usd, 1,,,,,,,Annual energy charges for propane if calculated using NC utility rates.
Output,no,no,float,no,report_utility_bills.nc_propane_fixed_usd,$,out.utility_bills.nc_propane_fixed..usd,out.bills.nc_fixed_propane.usd,usd, 1,,,,,,,Annual fixed charges for propane if calculated using NC utility rates.
Output,yes,yes,float,no,report_utility_bills.nc_propane_total_usd,$,out.utility_bills.nc_propane_bill..usd,out.bills.nc_propane.usd,usd, 1,,,,,,,Annual total charges for propane if calculated using NC utility rates.
Output,yes,yes,float,no,report_utility_bills.nc_total_usd,$,out.utility_bills.nc_total_bill..usd,out.bills.nc_all_fuels.usd,usd, 1,,,,,,,Annual total charges for all fuels if calculated using NC utility rates.
Output,no,no,float,no,report_utility_bills.nc_wood_cord_energy_usd,$,out.utility_bills.nc_wood_cord_energy..usd,out.bills.nc_energy_wood_cord.usd,usd, 1,,,,,,,Annual energy charges for wood_cord if calculated using NC utility rates.
Output,no,no,float,no,report_utility_bills.nc_wood_cord_fixed_usd,$,out.utility_bills.nc_wood_cord_fixed..usd,out.bills.nc_fixed_wood_cord.usd,usd, 1,,,,,,,Annual fixed charges for wood_cord if calculated using NC utility rates.
Output,no,no,float,no,report_utility_bills.nc_wood_cord_total_usd,$,out.utility_bills.nc_wood_cord_bill..usd,out.bills.nc_wood_cord.usd,usd, 1,,,,,,,Annual total charges for wood_cord if calculated using NC utility rates.
Output,no,no,float,no,report_utility_bills.nc_wood_pellets_energy_usd,$,out.utility_bills.nc_wood_pellets_energy..usd,out.bills.nc_energy_wood_pellets.usd,usd, 1,,,,,,,Annual energy charges for wood_pellets if calculated using NC utility rates.
Output,no,no,float,no,report_utility_bills.nc_wood_pellets_fixed_usd,$,out.utility_bills.nc_wood_pellets_fixed..usd,out.bills.nc_fixed_wood_pellets.usd,usd, 1,,,,,,,Annual fixed charges for wood_pellets if calculated using NC utility rates.
Output,no,no,float,no,report_utility_bills.nc_wood_pellets_total_usd,$,out.utility_bills.nc_wood_pellets_bill..usd,out.bills.nc_wood_pellets.usd,usd, 1,,,,,,,Annual total charges for wood_pellets if calculated using NC utility rates.
Output,no,no,float,no,report_utility_bills.nd_coal_energy_usd,$,out.utility_bills.nd_coal_energy..usd,out.bills.nd_energy_coal.usd,usd, 1,,,,,,,Annual energy charges for coal if calculated using ND utility rates.
Output,no,no,float,no,report_utility_bills.nd_coal_fixed_usd,$,out.utility_bills.nd_coal_fixed..usd,out.bills.nd_fixed_coal.usd,usd, 1,,,,,,,Annual fixed charges for coal if calculated using ND utility rates.
Output,no,no,float,no,report_utility_bills.nd_coal_total_usd,$,out.utility_bills.nd_coal_bill..usd,out.bills.nd_coal.usd,usd, 1,,,,,,,Annual total charges for coal if calculated using ND utility rates.
Output,no,no,float,no,report_utility_bills.nd_electricity_energy_usd,$,out.utility_bills.nd_electricity_energy..usd,out.bills.nd_energy_electricity.usd,usd, 1,,,,,,,Annual energy charges for electricity if calculated using ND utility rates.
Output,no,no,float,no,report_utility_bills.nd_electricity_fixed_usd,$,out.utility_bills.nd_electricity_fixed..usd,out.bills.nd_fixed_electricity.usd,usd, 1,,,,,,,Annual fixed charges for electricity if calculated using ND utility rates.
Output,no,no,float,no,report_utility_bills.nd_electricity_pv_credit_usd,$,out.utility_bills.nd_electricity_pv_credit..usd,out.bills.nd_pv_credit_electricity.usd,usd, 1,,,,,,,Annual PV generation credit for electricity if calculated using ND utility rates.
Output,yes,yes,float,no,report_utility_bills.nd_electricity_total_usd,$,out.utility_bills.nd_electricity_bill..usd,out.bills.nd_electricity.usd,usd, 1,,,,,,,Annual total charges for electricity if calculated using ND utility rates.
Output,no,no,float,no,report_utility_bills.nd_fuel_oil_energy_usd,$,out.utility_bills.nd_fuel_oil_energy..usd,out.bills.nd_energy_fuel_oil.usd,usd, 1,,,,,,,Annual energy charges for fuel_oil if calculated using ND utility rates.
Output,no,no,float,no,report_utility_bills.nd_fuel_oil_fixed_usd,$,out.utility_bills.nd_fuel_oil_fixed..usd,out.bills.nd_fixed_fuel_oil.usd,usd, 1,,,,,,,Annual fixed charges for fuel_oil if calculated using ND utility rates.
Output,yes,yes,float,no,report_utility_bills.nd_fuel_oil_total_usd,$,out.utility_bills.nd_fuel_oil_bill..usd,out.bills.nd_fuel_oil.usd,usd, 1,,,,,,,Annual total charges for fuel_oil if calculated using ND utility rates.
Output,no,no,float,no,report_utility_bills.nd_natural_gas_energy_usd,$,out.utility_bills.nd_natural_gas_energy..usd,out.bills.nd_energy_natural_gas.usd,usd, 1,,,,,,,Annual energy charges for natural_gas if calculated using ND utility rates.
Output,no,no,float,no,report_utility_bills.nd_natural_gas_fixed_usd,$,out.utility_bills.nd_natural_gas_fixed..usd,out.bills.nd_fixed_natural_gas.usd,usd, 1,,,,,,,Annual fixed charges for natural_gas if calculated using ND utility rates.
Output,yes,yes,float,no,report_utility_bills.nd_natural_gas_total_usd,$,out.utility_bills.nd_natural_gas_bill..usd,out.bills.nd_natural_gas.usd,usd, 1,,,,,,,Annual total charges for natural_gas if calculated using ND utility rates.
Output,no,no,float,no,report_utility_bills.nd_propane_energy_usd,$,out.utility_bills.nd_propane_energy..usd,out.bills.nd_energy_propane.usd,usd, 1,,,,,,,Annual energy charges for propane if calculated using ND utility rates.
Output,no,no,float,no,report_utility_bills.nd_propane_fixed_usd,$,out.utility_bills.nd_propane_fixed..usd,out.bills.nd_fixed_propane.usd,usd, 1,,,,,,,Annual fixed charges for propane if calculated using ND utility rates.
Output,yes,yes,float,no,report_utility_bills.nd_propane_total_usd,$,out.utility_bills.nd_propane_bill..usd,out.bills.nd_propane.usd,usd, 1,,,,,,,Annual total charges for propane if calculated using ND utility rates.
Output,yes,yes,float,no,report_utility_bills.nd_total_usd,$,out.utility_bills.nd_total_bill..usd,out.bills.nd_all_fuels.usd,usd, 1,,,,,,,Annual total charges for all fuels if calculated using ND utility rates.
Output,no,no,float,no,report_utility_bills.nd_wood_cord_energy_usd,$,out.utility_bills.nd_wood_cord_energy..usd,out.bills.nd_energy_wood_cord.usd,usd, 1,,,,,,,Annual energy charges for wood_cord if calculated using ND utility rates.
Output,no,no,float,no,report_utility_bills.nd_wood_cord_fixed_usd,$,out.utility_bills.nd_wood_cord_fixed..usd,out.bills.nd_fixed_wood_cord.usd,usd, 1,,,,,,,Annual fixed charges for wood_cord if calculated using ND utility rates.
Output,no,no,float,no,report_utility_bills.nd_wood_cord_total_usd,$,out.utility_bills.nd_wood_cord_bill..usd,out.bills.nd_wood_cord.usd,usd, 1,,,,,,,Annual total charges for wood_cord if calculated using ND utility rates.
Output,no,no,float,no,report_utility_bills.nd_wood_pellets_energy_usd,$,out.utility_bills.nd_wood_pellets_energy..usd,out.bills.nd_energy_wood_pellets.usd,usd, 1,,,,,,,Annual energy charges for wood_pellets if calculated using ND utility rates.
Output,no,no,float,no,report_utility_bills.nd_wood_pellets_fixed_usd,$,out.utility_bills.nd_wood_pellets_fixed..usd,out.bills.nd_fixed_wood_pellets.usd,usd, 1,,,,,,,Annual fixed charges for wood_pellets if calculated using ND utility rates.
Output,no,no,float,no,report_utility_bills.nd_wood_pellets_total_usd,$,out.utility_bills.nd_wood_pellets_bill..usd,out.bills.nd_wood_pellets.usd,usd, 1,,,,,,,Annual total charges for wood_pellets if calculated using ND utility rates.
Output,no,no,float,no,report_utility_bills.ne_coal_energy_usd,$,out.utility_bills.ne_coal_energy..usd,out.bills.ne_energy_coal.usd,usd, 1,,,,,,,Annual energy charges for coal if calculated using NE utility rates.
Output,no,no,float,no,report_utility_bills.ne_coal_fixed_usd,$,out.utility_bills.ne_coal_fixed..usd,out.bills.ne_fixed_coal.usd,usd, 1,,,,,,,Annual fixed charges for coal if calculated using NE utility rates.
Output,no,no,float,no,report_utility_bills.ne_coal_total_usd,$,out.utility_bills.ne_coal_bill..usd,out.bills.ne_coal.usd,usd, 1,,,,,,,Annual total charges for coal if calculated using NE utility rates.
Output,no,no,float,no,report_utility_bills.ne_electricity_energy_usd,$,out.utility_bills.ne_electricity_energy..usd,out.bills.ne_energy_electricity.usd,usd, 1,,,,,,,Annual energy charges for electricity if calculated using NE utility rates.
Output,no,no,float,no,report_utility_bills.ne_electricity_fixed_usd,$,out.utility_bills.ne_electricity_fixed..usd,out.bills.ne_fixed_electricity.usd,usd, 1,,,,,,,Annual fixed charges for electricity if calculated using NE utility rates.
Output,no,no,float,no,report_utility_bills.ne_electricity_pv_credit_usd,$,out.utility_bills.ne_electricity_pv_credit..usd,out.bills.ne_pv_credit_electricity.usd,usd, 1,,,,,,,Annual PV generation credit for electricity if calculated using NE utility rates.
Output,yes,yes,float,no,report_utility_bills.ne_electricity_total_usd,$,out.utility_bills.ne_electricity_bill..usd,out.bills.ne_electricity.usd,usd, 1,,,,,,,Annual total charges for electricity if calculated using NE utility rates.
Output,no,no,float,no,report_utility_bills.ne_fuel_oil_energy_usd,$,out.utility_bills.ne_fuel_oil_energy..usd,out.bills.ne_energy_fuel_oil.usd,usd, 1,,,,,,,Annual energy charges for fuel_oil if calculated using NE utility rates.
Output,no,no,float,no,report_utility_bills.ne_fuel_oil_fixed_usd,$,out.utility_bills.ne_fuel_oil_fixed..usd,out.bills.ne_fixed_fuel_oil.usd,usd, 1,,,,,,,Annual fixed charges for fuel_oil if calculated using NE utility rates.
Output,yes,yes,float,no,report_utility_bills.ne_fuel_oil_total_usd,$,out.utility_bills.ne_fuel_oil_bill..usd,out.bills.ne_fuel_oil.usd,usd, 1,,,,,,,Annual total charges for fuel_oil if calculated using NE utility rates.
Output,no,no,float,no,report_utility_bills.ne_natural_gas_energy_usd,$,out.utility_bills.ne_natural_gas_energy..usd,out.bills.ne_energy_natural_gas.usd,usd, 1,,,,,,,Annual energy charges for natural_gas if calculated using NE utility rates.
Output,no,no,float,no,report_utility_bills.ne_natural_gas_fixed_usd,$,out.utility_bills.ne_natural_gas_fixed..usd,out.bills.ne_fixed_natural_gas.usd,usd, 1,,,,,,,Annual fixed charges for natural_gas if calculated using NE utility rates.
Output,yes,yes,float,no,report_utility_bills.ne_natural_gas_total_usd,$,out.utility_bills.ne_natural_gas_bill..usd,out.bills.ne_natural_gas.usd,usd, 1,,,,,,,Annual total charges for natural_gas if calculated using NE utility rates.
Output,no,no,float,no,report_utility_bills.ne_propane_energy_usd,$,out.utility_bills.ne_propane_energy..usd,out.bills.ne_energy_propane.usd,usd, 1,,,,,,,Annual energy charges for propane if calculated using NE utility rates.
Output,no,no,float,no,report_utility_bills.ne_propane_fixed_usd,$,out.utility_bills.ne_propane_fixed..usd,out.bills.ne_fixed_propane.usd,usd, 1,,,,,,,Annual fixed charges for propane if calculated using NE utility rates.
Output,yes,yes,float,no,report_utility_bills.ne_propane_total_usd,$,out.utility_bills.ne_propane_bill..usd,out.bills.ne_propane.usd,usd, 1,,,,,,,Annual total charges for propane if calculated using NE utility rates.
Output,yes,yes,float,no,report_utility_bills.ne_total_usd,$,out.utility_bills.ne_total_bill..usd,out.bills.ne_all_fuels.usd,usd, 1,,,,,,,Annual total charges for all fuels if calculated using NE utility rates.
Output,no,no,float,no,report_utility_bills.ne_wood_cord_energy_usd,$,out.utility_bills.ne_wood_cord_energy..usd,out.bills.ne_energy_wood_cord.usd,usd, 1,,,,,,,Annual energy charges for wood_cord if calculated using NE utility rates.
Output,no,no,float,no,report_utility_bills.ne_wood_cord_fixed_usd,$,out.utility_bills.ne_wood_cord_fixed..usd,out.bills.ne_fixed_wood_cord.usd,usd, 1,,,,,,,Annual fixed charges for wood_cord if calculated using NE utility rates.
Output,no,no,float,no,report_utility_bills.ne_wood_cord_total_usd,$,out.utility_bills.ne_wood_cord_bill..usd,out.bills.ne_wood_cord.usd,usd, 1,,,,,,,Annual total charges for wood_cord if calculated using NE utility rates.
Output,no,no,float,no,report_utility_bills.ne_wood_pellets_energy_usd,$,out.utility_bills.ne_wood_pellets_energy..usd,out.bills.ne_energy_wood_pellets.usd,usd, 1,,,,,,,Annual energy charges for wood_pellets if calculated using NE utility rates.
Output,no,no,float,no,report_utility_bills.ne_wood_pellets_fixed_usd,$,out.utility_bills.ne_wood_pellets_fixed..usd,out.bills.ne_fixed_wood_pellets.usd,usd, 1,,,,,,,Annual fixed charges for wood_pellets if calculated using NE utility rates.
Output,no,no,float,no,report_utility_bills.ne_wood_pellets_total_usd,$,out.utility_bills.ne_wood_pellets_bill..usd,out.bills.ne_wood_pellets.usd,usd, 1,,,,,,,Annual total charges for wood_pellets if calculated using NE utility rates.
Output,no,no,float,no,report_utility_bills.nh_coal_energy_usd,$,out.utility_bills.nh_coal_energy..usd,out.bills.nh_energy_coal.usd,usd, 1,,,,,,,Annual energy charges for coal if calculated using NH utility rates.
Output,no,no,float,no,report_utility_bills.nh_coal_fixed_usd,$,out.utility_bills.nh_coal_fixed..usd,out.bills.nh_fixed_coal.usd,usd, 1,,,,,,,Annual fixed charges for coal if calculated using NH utility rates.
Output,no,no,float,no,report_utility_bills.nh_coal_total_usd,$,out.utility_bills.nh_coal_bill..usd,out.bills.nh_coal.usd,usd, 1,,,,,,,Annual total charges for coal if calculated using NH utility rates.
Output,no,no,float,no,report_utility_bills.nh_electricity_energy_usd,$,out.utility_bills.nh_electricity_energy..usd,out.bills.nh_energy_electricity.usd,usd, 1,,,,,,,Annual energy charges for electricity if calculated using NH utility rates.
Output,no,no,float,no,report_utility_bills.nh_electricity_fixed_usd,$,out.utility_bills.nh_electricity_fixed..usd,out.bills.nh_fixed_electricity.usd,usd, 1,,,,,,,Annual fixed charges for electricity if calculated using NH utility rates.
Output,no,no,float,no,report_utility_bills.nh_electricity_pv_credit_usd,$,out.utility_bills.nh_electricity_pv_credit..usd,out.bills.nh_pv_credit_electricity.usd,usd, 1,,,,,,,Annual PV generation credit for electricity if calculated using NH utility rates.
Output,yes,yes,float,no,report_utility_bills.nh_electricity_total_usd,$,out.utility_bills.nh_electricity_bill..usd,out.bills.nh_electricity.usd,usd, 1,,,,,,,Annual total charges for electricity if calculated using NH utility rates.
Output,no,no,float,no,report_utility_bills.nh_fuel_oil_energy_usd,$,out.utility_bills.nh_fuel_oil_energy..usd,out.bills.nh_energy_fuel_oil.usd,usd, 1,,,,,,,Annual energy charges for fuel_oil if calculated using NH utility rates.
Output,no,no,float,no,report_utility_bills.nh_fuel_oil_fixed_usd,$,out.utility_bills.nh_fuel_oil_fixed..usd,out.bills.nh_fixed_fuel_oil.usd,usd, 1,,,,,,,Annual fixed charges for fuel_oil if calculated using NH utility rates.
Output,yes,yes,float,no,report_utility_bills.nh_fuel_oil_total_usd,$,out.utility_bills.nh_fuel_oil_bill..usd,out.bills.nh_fuel_oil.usd,usd, 1,,,,,,,Annual total charges for fuel_oil if calculated using NH utility rates.
Output,no,no,float,no,report_utility_bills.nh_natural_gas_energy_usd,$,out.utility_bills.nh_natural_gas_energy..usd,out.bills.nh_energy_natural_gas.usd,usd, 1,,,,,,,Annual energy charges for natural_gas if calculated using NH utility rates.
Output,no,no,float,no,report_utility_bills.nh_natural_gas_fixed_usd,$,out.utility_bills.nh_natural_gas_fixed..usd,out.bills.nh_fixed_natural_gas.usd,usd, 1,,,,,,,Annual fixed charges for natural_gas if calculated using NH utility rates.
Output,yes,yes,float,no,report_utility_bills.nh_natural_gas_total_usd,$,out.utility_bills.nh_natural_gas_bill..usd,out.bills.nh_natural_gas.usd,usd, 1,,,,,,,Annual total charges for natural_gas if calculated using NH utility rates.
Output,no,no,float,no,report_utility_bills.nh_propane_energy_usd,$,out.utility_bills.nh_propane_energy..usd,out.bills.nh_energy_propane.usd,usd, 1,,,,,,,Annual energy charges for propane if calculated using NH utility rates.
Output,no,no,float,no,report_utility_bills.nh_propane_fixed_usd,$,out.utility_bills.nh_propane_fixed..usd,out.bills.nh_fixed_propane.usd,usd, 1,,,,,,,Annual fixed charges for propane if calculated using NH utility rates.
Output,yes,yes,float,no,report_utility_bills.nh_propane_total_usd,$,out.utility_bills.nh_propane_bill..usd,out.bills.nh_propane.usd,usd, 1,,,,,,,Annual total charges for propane if calculated using NH utility rates.
Output,yes,yes,float,no,report_utility_bills.nh_total_usd,$,out.utility_bills.nh_total_bill..usd,out.bills.nh_all_fuels.usd,usd, 1,,,,,,,Annual total charges for all fuels if calculated using NH utility rates.
Output,no,no,float,no,report_utility_bills.nh_wood_cord_energy_usd,$,out.utility_bills.nh_wood_cord_energy..usd,out.bills.nh_energy_wood_cord.usd,usd, 1,,,,,,,Annual energy charges for wood_cord if calculated using NH utility rates.
Output,no,no,float,no,report_utility_bills.nh_wood_cord_fixed_usd,$,out.utility_bills.nh_wood_cord_fixed..usd,out.bills.nh_fixed_wood_cord.usd,usd, 1,,,,,,,Annual fixed charges for wood_cord if calculated using NH utility rates.
Output,no,no,float,no,report_utility_bills.nh_wood_cord_total_usd,$,out.utility_bills.nh_wood_cord_bill..usd,out.bills.nh_wood_cord.usd,usd, 1,,,,,,,Annual total charges for wood_cord if calculated using NH utility rates.
Output,no,no,float,no,report_utility_bills.nh_wood_pellets_energy_usd,$,out.utility_bills.nh_wood_pellets_energy..usd,out.bills.nh_energy_wood_pellets.usd,usd, 1,,,,,,,Annual energy charges for wood_pellets if calculated using NH utility rates.
Output,no,no,float,no,report_utility_bills.nh_wood_pellets_fixed_usd,$,out.utility_bills.nh_wood_pellets_fixed..usd,out.bills.nh_fixed_wood_pellets.usd,usd, 1,,,,,,,Annual fixed charges for wood_pellets if calculated using NH utility rates.
Output,no,no,float,no,report_utility_bills.nh_wood_pellets_total_usd,$,out.utility_bills.nh_wood_pellets_bill..usd,out.bills.nh_wood_pellets.usd,usd, 1,,,,,,,Annual total charges for wood_pellets if calculated using NH utility rates.
Output,no,no,float,no,report_utility_bills.nj_coal_energy_usd,$,out.utility_bills.nj_coal_energy..usd,out.bills.nj_energy_coal.usd,usd, 1,,,,,,,Annual energy charges for coal if calculated using NJ utility rates.
Output,no,no,float,no,report_utility_bills.nj_coal_fixed_usd,$,out.utility_bills.nj_coal_fixed..usd,out.bills.nj_fixed_coal.usd,usd, 1,,,,,,,Annual fixed charges for coal if calculated using NJ utility rates.
Output,no,no,float,no,report_utility_bills.nj_coal_total_usd,$,out.utility_bills.nj_coal_bill..usd,out.bills.nj_coal.usd,usd, 1,,,,,,,Annual total charges for coal if calculated using NJ utility rates.
Output,no,no,float,no,report_utility_bills.nj_electricity_energy_usd,$,out.utility_bills.nj_electricity_energy..usd,out.bills.nj_energy_electricity.usd,usd, 1,,,,,,,Annual energy charges for electricity if calculated using NJ utility rates.
Output,no,no,float,no,report_utility_bills.nj_electricity_fixed_usd,$,out.utility_bills.nj_electricity_fixed..usd,out.bills.nj_fixed_electricity.usd,usd, 1,,,,,,,Annual fixed charges for electricity if calculated using NJ utility rates.
Output,no,no,float,no,report_utility_bills.nj_electricity_pv_credit_usd,$,out.utility_bills.nj_electricity_pv_credit..usd,out.bills.nj_pv_credit_electricity.usd,usd, 1,,,,,,,Annual PV generation credit for electricity if calculated using NJ utility rates.
Output,yes,yes,float,no,report_utility_bills.nj_electricity_total_usd,$,out.utility_bills.nj_electricity_bill..usd,out.bills.nj_electricity.usd,usd, 1,,,,,,,Annual total charges for electricity if calculated using NJ utility rates.
Output,no,no,float,no,report_utility_bills.nj_fuel_oil_energy_usd,$,out.utility_bills.nj_fuel_oil_energy..usd,out.bills.nj_energy_fuel_oil.usd,usd, 1,,,,,,,Annual energy charges for fuel_oil if calculated using NJ utility rates.
Output,no,no,float,no,report_utility_bills.nj_fuel_oil_fixed_usd,$,out.utility_bills.nj_fuel_oil_fixed..usd,out.bills.nj_fixed_fuel_oil.usd,usd, 1,,,,,,,Annual fixed charges for fuel_oil if calculated using NJ utility rates.
Output,yes,yes,float,no,report_utility_bills.nj_fuel_oil_total_usd,$,out.utility_bills.nj_fuel_oil_bill..usd,out.bills.nj_fuel_oil.usd,usd, 1,,,,,,,Annual total charges for fuel_oil if calculated using NJ utility rates.
Output,no,no,float,no,report_utility_bills.nj_natural_gas_energy_usd,$,out.utility_bills.nj_natural_gas_energy..usd,out.bills.nj_energy_natural_gas.usd,usd, 1,,,,,,,Annual energy charges for natural_gas if calculated using NJ utility rates.
Output,no,no,float,no,report_utility_bills.nj_natural_gas_fixed_usd,$,out.utility_bills.nj_natural_gas_fixed..usd,out.bills.nj_fixed_natural_gas.usd,usd, 1,,,,,,,Annual fixed charges for natural_gas if calculated using NJ utility rates.
Output,yes,yes,float,no,report_utility_bills.nj_natural_gas_total_usd,$,out.utility_bills.nj_natural_gas_bill..usd,out.bills.nj_natural_gas.usd,usd, 1,,,,,,,Annual total charges for natural_gas if calculated using NJ utility rates.
Output,no,no,float,no,report_utility_bills.nj_propane_energy_usd,$,out.utility_bills.nj_propane_energy..usd,out.bills.nj_energy_propane.usd,usd, 1,,,,,,,Annual energy charges for propane if calculated using NJ utility rates.
Output,no,no,float,no,report_utility_bills.nj_propane_fixed_usd,$,out.utility_bills.nj_propane_fixed..usd,out.bills.nj_fixed_propane.usd,usd, 1,,,,,,,Annual fixed charges for propane if calculated using NJ utility rates.
Output,yes,yes,float,no,report_utility_bills.nj_propane_total_usd,$,out.utility_bills.nj_propane_bill..usd,out.bills.nj_propane.usd,usd, 1,,,,,,,Annual total charges for propane if calculated using NJ utility rates.
Output,yes,yes,float,no,report_utility_bills.nj_total_usd,$,out.utility_bills.nj_total_bill..usd,out.bills.nj_all_fuels.usd,usd, 1,,,,,,,Annual total charges for all fuels if calculated using NJ utility rates.
Output,no,no,float,no,report_utility_bills.nj_wood_cord_energy_usd,$,out.utility_bills.nj_wood_cord_energy..usd,out.bills.nj_energy_wood_cord.usd,usd, 1,,,,,,,Annual energy charges for wood_cord if calculated using NJ utility rates.
Output,no,no,float,no,report_utility_bills.nj_wood_cord_fixed_usd,$,out.utility_bills.nj_wood_cord_fixed..usd,out.bills.nj_fixed_wood_cord.usd,usd, 1,,,,,,,Annual fixed charges for wood_cord if calculated using NJ utility rates.
Output,no,no,float,no,report_utility_bills.nj_wood_cord_total_usd,$,out.utility_bills.nj_wood_cord_bill..usd,out.bills.nj_wood_cord.usd,usd, 1,,,,,,,Annual total charges for wood_cord if calculated using NJ utility rates.
Output,no,no,float,no,report_utility_bills.nj_wood_pellets_energy_usd,$,out.utility_bills.nj_wood_pellets_energy..usd,out.bills.nj_energy_wood_pellets.usd,usd, 1,,,,,,,Annual energy charges for wood_pellets if calculated using NJ utility rates.
Output,no,no,float,no,report_utility_bills.nj_wood_pellets_fixed_usd,$,out.utility_bills.nj_wood_pellets_fixed..usd,out.bills.nj_fixed_wood_pellets.usd,usd, 1,,,,,,,Annual fixed charges for wood_pellets if calculated using NJ utility rates.
Output,no,no,float,no,report_utility_bills.nj_wood_pellets_total_usd,$,out.utility_bills.nj_wood_pellets_bill..usd,out.bills.nj_wood_pellets.usd,usd, 1,,,,,,,Annual total charges for wood_pellets if calculated using NJ utility rates.
Output,no,no,float,no,report_utility_bills.nm_coal_energy_usd,$,out.utility_bills.nm_coal_energy..usd,out.bills.nm_energy_coal.usd,usd, 1,,,,,,,Annual energy charges for coal if calculated using NM utility rates.
Output,no,no,float,no,report_utility_bills.nm_coal_fixed_usd,$,out.utility_bills.nm_coal_fixed..usd,out.bills.nm_fixed_coal.usd,usd, 1,,,,,,,Annual fixed charges for coal if calculated using NM utility rates.
Output,no,no,float,no,report_utility_bills.nm_coal_total_usd,$,out.utility_bills.nm_coal_bill..usd,out.bills.nm_coal.usd,usd, 1,,,,,,,Annual total charges for coal if calculated using NM utility rates.
Output,no,no,float,no,report_utility_bills.nm_electricity_energy_usd,$,out.utility_bills.nm_electricity_energy..usd,out.bills.nm_energy_electricity.usd,usd, 1,,,,,,,Annual energy charges for electricity if calculated using NM utility rates.
Output,no,no,float,no,report_utility_bills.nm_electricity_fixed_usd,$,out.utility_bills.nm_electricity_fixed..usd,out.bills.nm_fixed_electricity.usd,usd, 1,,,,,,,Annual fixed charges for electricity if calculated using NM utility rates.
Output,no,no,float,no,report_utility_bills.nm_electricity_pv_credit_usd,$,out.utility_bills.nm_electricity_pv_credit..usd,out.bills.nm_pv_credit_electricity.usd,usd, 1,,,,,,,Annual PV generation credit for electricity if calculated using NM utility rates.
Output,yes,yes,float,no,report_utility_bills.nm_electricity_total_usd,$,out.utility_bills.nm_electricity_bill..usd,out.bills.nm_electricity.usd,usd, 1,,,,,,,Annual total charges for electricity if calculated using NM utility rates.
Output,no,no,float,no,report_utility_bills.nm_fuel_oil_energy_usd,$,out.utility_bills.nm_fuel_oil_energy..usd,out.bills.nm_energy_fuel_oil.usd,usd, 1,,,,,,,Annual energy charges for fuel_oil if calculated using NM utility rates.
Output,no,no,float,no,report_utility_bills.nm_fuel_oil_fixed_usd,$,out.utility_bills.nm_fuel_oil_fixed..usd,out.bills.nm_fixed_fuel_oil.usd,usd, 1,,,,,,,Annual fixed charges for fuel_oil if calculated using NM utility rates.
Output,yes,yes,float,no,report_utility_bills.nm_fuel_oil_total_usd,$,out.utility_bills.nm_fuel_oil_bill..usd,out.bills.nm_fuel_oil.usd,usd, 1,,,,,,,Annual total charges for fuel_oil if calculated using NM utility rates.
Output,no,no,float,no,report_utility_bills.nm_natural_gas_energy_usd,$,out.utility_bills.nm_natural_gas_energy..usd,out.bills.nm_energy_natural_gas.usd,usd, 1,,,,,,,Annual energy charges for natural_gas if calculated using NM utility rates.
Output,no,no,float,no,report_utility_bills.nm_natural_gas_fixed_usd,$,out.utility_bills.nm_natural_gas_fixed..usd,out.bills.nm_fixed_natural_gas.usd,usd, 1,,,,,,,Annual fixed charges for natural_gas if calculated using NM utility rates.
Output,yes,yes,float,no,report_utility_bills.nm_natural_gas_total_usd,$,out.utility_bills.nm_natural_gas_bill..usd,out.bills.nm_natural_gas.usd,usd, 1,,,,,,,Annual total charges for natural_gas if calculated using NM utility rates.
Output,no,no,float,no,report_utility_bills.nm_propane_energy_usd,$,out.utility_bills.nm_propane_energy..usd,out.bills.nm_energy_propane.usd,usd, 1,,,,,,,Annual energy charges for propane if calculated using NM utility rates.
Output,no,no,float,no,report_utility_bills.nm_propane_fixed_usd,$,out.utility_bills.nm_propane_fixed..usd,out.bills.nm_fixed_propane.usd,usd, 1,,,,,,,Annual fixed charges for propane if calculated using NM utility rates.
Output,yes,yes,float,no,report_utility_bills.nm_propane_total_usd,$,out.utility_bills.nm_propane_bill..usd,out.bills.nm_propane.usd,usd, 1,,,,,,,Annual total charges for propane if calculated using NM utility rates.
Output,yes,yes,float,no,report_utility_bills.nm_total_usd,$,out.utility_bills.nm_total_bill..usd,out.bills.nm_all_fuels.usd,usd, 1,,,,,,,Annual total charges for all fuels if calculated using NM utility rates.
Output,no,no,float,no,report_utility_bills.nm_wood_cord_energy_usd,$,out.utility_bills.nm_wood_cord_energy..usd,out.bills.nm_energy_wood_cord.usd,usd, 1,,,,,,,Annual energy charges for wood_cord if calculated using NM utility rates.
Output,no,no,float,no,report_utility_bills.nm_wood_cord_fixed_usd,$,out.utility_bills.nm_wood_cord_fixed..usd,out.bills.nm_fixed_wood_cord.usd,usd, 1,,,,,,,Annual fixed charges for wood_cord if calculated using NM utility rates.
Output,no,no,float,no,report_utility_bills.nm_wood_cord_total_usd,$,out.utility_bills.nm_wood_cord_bill..usd,out.bills.nm_wood_cord.usd,usd, 1,,,,,,,Annual total charges for wood_cord if calculated using NM utility rates.
Output,no,no,float,no,report_utility_bills.nm_wood_pellets_energy_usd,$,out.utility_bills.nm_wood_pellets_energy..usd,out.bills.nm_energy_wood_pellets.usd,usd, 1,,,,,,,Annual energy charges for wood_pellets if calculated using NM utility rates.
Output,no,no,float,no,report_utility_bills.nm_wood_pellets_fixed_usd,$,out.utility_bills.nm_wood_pellets_fixed..usd,out.bills.nm_fixed_wood_pellets.usd,usd, 1,,,,,,,Annual fixed charges for wood_pellets if calculated using NM utility rates.
Output,no,no,float,no,report_utility_bills.nm_wood_pellets_total_usd,$,out.utility_bills.nm_wood_pellets_bill..usd,out.bills.nm_wood_pellets.usd,usd, 1,,,,,,,Annual total charges for wood_pellets if calculated using NM utility rates.
Output,no,no,float,no,report_utility_bills.nv_coal_energy_usd,$,out.utility_bills.nv_coal_energy..usd,out.bills.nv_energy_coal.usd,usd, 1,,,,,,,Annual energy charges for coal if calculated using NV utility rates.
Output,no,no,float,no,report_utility_bills.nv_coal_fixed_usd,$,out.utility_bills.nv_coal_fixed..usd,out.bills.nv_fixed_coal.usd,usd, 1,,,,,,,Annual fixed charges for coal if calculated using NV utility rates.
Output,no,no,float,no,report_utility_bills.nv_coal_total_usd,$,out.utility_bills.nv_coal_bill..usd,out.bills.nv_coal.usd,usd, 1,,,,,,,Annual total charges for coal if calculated using NV utility rates.
Output,no,no,float,no,report_utility_bills.nv_electricity_energy_usd,$,out.utility_bills.nv_electricity_energy..usd,out.bills.nv_energy_electricity.usd,usd, 1,,,,,,,Annual energy charges for electricity if calculated using NV utility rates.
Output,no,no,float,no,report_utility_bills.nv_electricity_fixed_usd,$,out.utility_bills.nv_electricity_fixed..usd,out.bills.nv_fixed_electricity.usd,usd, 1,,,,,,,Annual fixed charges for electricity if calculated using NV utility rates.
Output,no,no,float,no,report_utility_bills.nv_electricity_pv_credit_usd,$,out.utility_bills.nv_electricity_pv_credit..usd,out.bills.nv_pv_credit_electricity.usd,usd, 1,,,,,,,Annual PV generation credit for electricity if calculated using NV utility rates.
Output,yes,yes,float,no,report_utility_bills.nv_electricity_total_usd,$,out.utility_bills.nv_electricity_bill..usd,out.bills.nv_electricity.usd,usd, 1,,,,,,,Annual total charges for electricity if calculated using NV utility rates.
Output,no,no,float,no,report_utility_bills.nv_fuel_oil_energy_usd,$,out.utility_bills.nv_fuel_oil_energy..usd,out.bills.nv_energy_fuel_oil.usd,usd, 1,,,,,,,Annual energy charges for fuel_oil if calculated using NV utility rates.
Output,no,no,float,no,report_utility_bills.nv_fuel_oil_fixed_usd,$,out.utility_bills.nv_fuel_oil_fixed..usd,out.bills.nv_fixed_fuel_oil.usd,usd, 1,,,,,,,Annual fixed charges for fuel_oil if calculated using NV utility rates.
Output,yes,yes,float,no,report_utility_bills.nv_fuel_oil_total_usd,$,out.utility_bills.nv_fuel_oil_bill..usd,out.bills.nv_fuel_oil.usd,usd, 1,,,,,,,Annual total charges for fuel_oil if calculated using NV utility rates.
Output,no,no,float,no,report_utility_bills.nv_natural_gas_energy_usd,$,out.utility_bills.nv_natural_gas_energy..usd,out.bills.nv_energy_natural_gas.usd,usd, 1,,,,,,,Annual energy charges for natural_gas if calculated using NV utility rates.
Output,no,no,float,no,report_utility_bills.nv_natural_gas_fixed_usd,$,out.utility_bills.nv_natural_gas_fixed..usd,out.bills.nv_fixed_natural_gas.usd,usd, 1,,,,,,,Annual fixed charges for natural_gas if calculated using NV utility rates.
Output,yes,yes,float,no,report_utility_bills.nv_natural_gas_total_usd,$,out.utility_bills.nv_natural_gas_bill..usd,out.bills.nv_natural_gas.usd,usd, 1,,,,,,,Annual total charges for natural_gas if calculated using NV utility rates.
Output,no,no,float,no,report_utility_bills.nv_propane_energy_usd,$,out.utility_bills.nv_propane_energy..usd,out.bills.nv_energy_propane.usd,usd, 1,,,,,,,Annual energy charges for propane if calculated using NV utility rates.
Output,no,no,float,no,report_utility_bills.nv_propane_fixed_usd,$,out.utility_bills.nv_propane_fixed..usd,out.bills.nv_fixed_propane.usd,usd, 1,,,,,,,Annual fixed charges for propane if calculated using NV utility rates.
Output,yes,yes,float,no,report_utility_bills.nv_propane_total_usd,$,out.utility_bills.nv_propane_bill..usd,out.bills.nv_propane.usd,usd, 1,,,,,,,Annual total charges for propane if calculated using NV utility rates.
Output,yes,yes,float,no,report_utility_bills.nv_total_usd,$,out.utility_bills.nv_total_bill..usd,out.bills.nv_all_fuels.usd,usd, 1,,,,,,,Annual total charges for all fuels if calculated using NV utility rates.
Output,no,no,float,no,report_utility_bills.nv_wood_cord_energy_usd,$,out.utility_bills.nv_wood_cord_energy..usd,out.bills.nv_energy_wood_cord.usd,usd, 1,,,,,,,Annual energy charges for wood_cord if calculated using NV utility rates.
Output,no,no,float,no,report_utility_bills.nv_wood_cord_fixed_usd,$,out.utility_bills.nv_wood_cord_fixed..usd,out.bills.nv_fixed_wood_cord.usd,usd, 1,,,,,,,Annual fixed charges for wood_cord if calculated using NV utility rates.
Output,no,no,float,no,report_utility_bills.nv_wood_cord_total_usd,$,out.utility_bills.nv_wood_cord_bill..usd,out.bills.nv_wood_cord.usd,usd, 1,,,,,,,Annual total charges for wood_cord if calculated using NV utility rates.
Output,no,no,float,no,report_utility_bills.nv_wood_pellets_energy_usd,$,out.utility_bills.nv_wood_pellets_energy..usd,out.bills.nv_energy_wood_pellets.usd,usd, 1,,,,,,,Annual energy charges for wood_pellets if calculated using NV utility rates.
Output,no,no,float,no,report_utility_bills.nv_wood_pellets_fixed_usd,$,out.utility_bills.nv_wood_pellets_fixed..usd,out.bills.nv_fixed_wood_pellets.usd,usd, 1,,,,,,,Annual fixed charges for wood_pellets if calculated using NV utility rates.
Output,no,no,float,no,report_utility_bills.nv_wood_pellets_total_usd,$,out.utility_bills.nv_wood_pellets_bill..usd,out.bills.nv_wood_pellets.usd,usd, 1,,,,,,,Annual total charges for wood_pellets if calculated using NV utility rates.
Output,no,no,float,no,report_utility_bills.ny_coal_energy_usd,$,out.utility_bills.ny_coal_energy..usd,out.bills.ny_energy_coal.usd,usd, 1,,,,,,,Annual energy charges for coal if calculated using NY utility rates.
Output,no,no,float,no,report_utility_bills.ny_coal_fixed_usd,$,out.utility_bills.ny_coal_fixed..usd,out.bills.ny_fixed_coal.usd,usd, 1,,,,,,,Annual fixed charges for coal if calculated using NY utility rates.
Output,no,no,float,no,report_utility_bills.ny_coal_total_usd,$,out.utility_bills.ny_coal_bill..usd,out.bills.ny_coal.usd,usd, 1,,,,,,,Annual total charges for coal if calculated using NY utility rates.
Output,no,no,float,no,report_utility_bills.ny_electricity_energy_usd,$,out.utility_bills.ny_electricity_energy..usd,out.bills.ny_energy_electricity.usd,usd, 1,,,,,,,Annual energy charges for electricity if calculated using NY utility rates.
Output,no,no,float,no,report_utility_bills.ny_electricity_fixed_usd,$,out.utility_bills.ny_electricity_fixed..usd,out.bills.ny_fixed_electricity.usd,usd, 1,,,,,,,Annual fixed charges for electricity if calculated using NY utility rates.
Output,no,no,float,no,report_utility_bills.ny_electricity_pv_credit_usd,$,out.utility_bills.ny_electricity_pv_credit..usd,out.bills.ny_pv_credit_electricity.usd,usd, 1,,,,,,,Annual PV generation credit for electricity if calculated using NY utility rates.
Output,yes,yes,float,no,report_utility_bills.ny_electricity_total_usd,$,out.utility_bills.ny_electricity_bill..usd,out.bills.ny_electricity.usd,usd, 1,,,,,,,Annual total charges for electricity if calculated using NY utility rates.
Output,no,no,float,no,report_utility_bills.ny_fuel_oil_energy_usd,$,out.utility_bills.ny_fuel_oil_energy..usd,out.bills.ny_energy_fuel_oil.usd,usd, 1,,,,,,,Annual energy charges for fuel_oil if calculated using NY utility rates.
Output,no,no,float,no,report_utility_bills.ny_fuel_oil_fixed_usd,$,out.utility_bills.ny_fuel_oil_fixed..usd,out.bills.ny_fixed_fuel_oil.usd,usd, 1,,,,,,,Annual fixed charges for fuel_oil if calculated using NY utility rates.
Output,yes,yes,float,no,report_utility_bills.ny_fuel_oil_total_usd,$,out.utility_bills.ny_fuel_oil_bill..usd,out.bills.ny_fuel_oil.usd,usd, 1,,,,,,,Annual total charges for fuel_oil if calculated using NY utility rates.
Output,no,no,float,no,report_utility_bills.ny_natural_gas_energy_usd,$,out.utility_bills.ny_natural_gas_energy..usd,out.bills.ny_energy_natural_gas.usd,usd, 1,,,,,,,Annual energy charges for natural_gas if calculated using NY utility rates.
Output,no,no,float,no,report_utility_bills.ny_natural_gas_fixed_usd,$,out.utility_bills.ny_natural_gas_fixed..usd,out.bills.ny_fixed_natural_gas.usd,usd, 1,,,,,,,Annual fixed charges for natural_gas if calculated using NY utility rates.
Output,yes,yes,float,no,report_utility_bills.ny_natural_gas_total_usd,$,out.utility_bills.ny_natural_gas_bill..usd,out.bills.ny_natural_gas.usd,usd, 1,,,,,,,Annual total charges for natural_gas if calculated using NY utility rates.
Output,no,no,float,no,report_utility_bills.ny_propane_energy_usd,$,out.utility_bills.ny_propane_energy..usd,out.bills.ny_energy_propane.usd,usd, 1,,,,,,,Annual energy charges for propane if calculated using NY utility rates.
Output,no,no,float,no,report_utility_bills.ny_propane_fixed_usd,$,out.utility_bills.ny_propane_fixed..usd,out.bills.ny_fixed_propane.usd,usd, 1,,,,,,,Annual fixed charges for propane if calculated using NY utility rates.
Output,yes,yes,float,no,report_utility_bills.ny_propane_total_usd,$,out.utility_bills.ny_propane_bill..usd,out.bills.ny_propane.usd,usd, 1,,,,,,,Annual total charges for propane if calculated using NY utility rates.
Output,yes,yes,float,no,report_utility_bills.ny_total_usd,$,out.utility_bills.ny_total_bill..usd,out.bills.ny_all_fuels.usd,usd, 1,,,,,,,Annual total charges for all fuels if calculated using NY utility rates.
Output,no,no,float,no,report_utility_bills.ny_wood_cord_energy_usd,$,out.utility_bills.ny_wood_cord_energy..usd,out.bills.ny_energy_wood_cord.usd,usd, 1,,,,,,,Annual energy charges for wood_cord if calculated using NY utility rates.
Output,no,no,float,no,report_utility_bills.ny_wood_cord_fixed_usd,$,out.utility_bills.ny_wood_cord_fixed..usd,out.bills.ny_fixed_wood_cord.usd,usd, 1,,,,,,,Annual fixed charges for wood_cord if calculated using NY utility rates.
Output,no,no,float,no,report_utility_bills.ny_wood_cord_total_usd,$,out.utility_bills.ny_wood_cord_bill..usd,out.bills.ny_wood_cord.usd,usd, 1,,,,,,,Annual total charges for wood_cord if calculated using NY utility rates.
Output,no,no,float,no,report_utility_bills.ny_wood_pellets_energy_usd,$,out.utility_bills.ny_wood_pellets_energy..usd,out.bills.ny_energy_wood_pellets.usd,usd, 1,,,,,,,Annual energy charges for wood_pellets if calculated using NY utility rates.
Output,no,no,float,no,report_utility_bills.ny_wood_pellets_fixed_usd,$,out.utility_bills.ny_wood_pellets_fixed..usd,out.bills.ny_fixed_wood_pellets.usd,usd, 1,,,,,,,Annual fixed charges for wood_pellets if calculated using NY utility rates.
Output,no,no,float,no,report_utility_bills.ny_wood_pellets_total_usd,$,out.utility_bills.ny_wood_pellets_bill..usd,out.bills.ny_wood_pellets.usd,usd, 1,,,,,,,Annual total charges for wood_pellets if calculated using NY utility rates.
Output,no,no,float,no,report_utility_bills.oh_coal_energy_usd,$,out.utility_bills.oh_coal_energy..usd,out.bills.oh_energy_coal.usd,usd, 1,,,,,,,Annual energy charges for coal if calculated using OH utility rates.
Output,no,no,float,no,report_utility_bills.oh_coal_fixed_usd,$,out.utility_bills.oh_coal_fixed..usd,out.bills.oh_fixed_coal.usd,usd, 1,,,,,,,Annual fixed charges for coal if calculated using OH utility rates.
Output,no,no,float,no,report_utility_bills.oh_coal_total_usd,$,out.utility_bills.oh_coal_bill..usd,out.bills.oh_coal.usd,usd, 1,,,,,,,Annual total charges for coal if calculated using OH utility rates.
Output,no,no,float,no,report_utility_bills.oh_electricity_energy_usd,$,out.utility_bills.oh_electricity_energy..usd,out.bills.oh_energy_electricity.usd,usd, 1,,,,,,,Annual energy charges for electricity if calculated using OH utility rates.
Output,no,no,float,no,report_utility_bills.oh_electricity_fixed_usd,$,out.utility_bills.oh_electricity_fixed..usd,out.bills.oh_fixed_electricity.usd,usd, 1,,,,,,,Annual fixed charges for electricity if calculated using OH utility rates.
Output,no,no,float,no,report_utility_bills.oh_electricity_pv_credit_usd,$,out.utility_bills.oh_electricity_pv_credit..usd,out.bills.oh_pv_credit_electricity.usd,usd, 1,,,,,,,Annual PV generation credit for electricity if calculated using OH utility rates.
Output,yes,yes,float,no,report_utility_bills.oh_electricity_total_usd,$,out.utility_bills.oh_electricity_bill..usd,out.bills.oh_electricity.usd,usd, 1,,,,,,,Annual total charges for electricity if calculated using OH utility rates.
Output,no,no,float,no,report_utility_bills.oh_fuel_oil_energy_usd,$,out.utility_bills.oh_fuel_oil_energy..usd,out.bills.oh_energy_fuel_oil.usd,usd, 1,,,,,,,Annual energy charges for fuel_oil if calculated using OH utility rates.
Output,no,no,float,no,report_utility_bills.oh_fuel_oil_fixed_usd,$,out.utility_bills.oh_fuel_oil_fixed..usd,out.bills.oh_fixed_fuel_oil.usd,usd, 1,,,,,,,Annual fixed charges for fuel_oil if calculated using OH utility rates.
Output,yes,yes,float,no,report_utility_bills.oh_fuel_oil_total_usd,$,out.utility_bills.oh_fuel_oil_bill..usd,out.bills.oh_fuel_oil.usd,usd, 1,,,,,,,Annual total charges for fuel_oil if calculated using OH utility rates.
Output,no,no,float,no,report_utility_bills.oh_natural_gas_energy_usd,$,out.utility_bills.oh_natural_gas_energy..usd,out.bills.oh_energy_natural_gas.usd,usd, 1,,,,,,,Annual energy charges for natural_gas if calculated using OH utility rates.
Output,no,no,float,no,report_utility_bills.oh_natural_gas_fixed_usd,$,out.utility_bills.oh_natural_gas_fixed..usd,out.bills.oh_fixed_natural_gas.usd,usd, 1,,,,,,,Annual fixed charges for natural_gas if calculated using OH utility rates.
Output,yes,yes,float,no,report_utility_bills.oh_natural_gas_total_usd,$,out.utility_bills.oh_natural_gas_bill..usd,out.bills.oh_natural_gas.usd,usd, 1,,,,,,,Annual total charges for natural_gas if calculated using OH utility rates.
Output,no,no,float,no,report_utility_bills.oh_propane_energy_usd,$,out.utility_bills.oh_propane_energy..usd,out.bills.oh_energy_propane.usd,usd, 1,,,,,,,Annual energy charges for propane if calculated using OH utility rates.
Output,no,no,float,no,report_utility_bills.oh_propane_fixed_usd,$,out.utility_bills.oh_propane_fixed..usd,out.bills.oh_fixed_propane.usd,usd, 1,,,,,,,Annual fixed charges for propane if calculated using OH utility rates.
Output,yes,yes,float,no,report_utility_bills.oh_propane_total_usd,$,out.utility_bills.oh_propane_bill..usd,out.bills.oh_propane.usd,usd, 1,,,,,,,Annual total charges for propane if calculated using OH utility rates.
Output,yes,yes,float,no,report_utility_bills.oh_total_usd,$,out.utility_bills.oh_total_bill..usd,out.bills.oh_all_fuels.usd,usd, 1,,,,,,,Annual total charges for all fuels if calculated using OH utility rates.
Output,no,no,float,no,report_utility_bills.oh_wood_cord_energy_usd,$,out.utility_bills.oh_wood_cord_energy..usd,out.bills.oh_energy_wood_cord.usd,usd, 1,,,,,,,Annual energy charges for wood_cord if calculated using OH utility rates.
Output,no,no,float,no,report_utility_bills.oh_wood_cord_fixed_usd,$,out.utility_bills.oh_wood_cord_fixed..usd,out.bills.oh_fixed_wood_cord.usd,usd, 1,,,,,,,Annual fixed charges for wood_cord if calculated using OH utility rates.
Output,no,no,float,no,report_utility_bills.oh_wood_cord_total_usd,$,out.utility_bills.oh_wood_cord_bill..usd,out.bills.oh_wood_cord.usd,usd, 1,,,,,,,Annual total charges for wood_cord if calculated using OH utility rates.
Output,no,no,float,no,report_utility_bills.oh_wood_pellets_energy_usd,$,out.utility_bills.oh_wood_pellets_energy..usd,out.bills.oh_energy_wood_pellets.usd,usd, 1,,,,,,,Annual energy charges for wood_pellets if calculated using OH utility rates.
Output,no,no,float,no,report_utility_bills.oh_wood_pellets_fixed_usd,$,out.utility_bills.oh_wood_pellets_fixed..usd,out.bills.oh_fixed_wood_pellets.usd,usd, 1,,,,,,,Annual fixed charges for wood_pellets if calculated using OH utility rates.
Output,no,no,float,no,report_utility_bills.oh_wood_pellets_total_usd,$,out.utility_bills.oh_wood_pellets_bill..usd,out.bills.oh_wood_pellets.usd,usd, 1,,,,,,,Annual total charges for wood_pellets if calculated using OH utility rates.
Output,no,no,float,no,report_utility_bills.ok_coal_energy_usd,$,out.utility_bills.ok_coal_energy..usd,out.bills.ok_energy_coal.usd,usd, 1,,,,,,,Annual energy charges for coal if calculated using OK utility rates.
Output,no,no,float,no,report_utility_bills.ok_coal_fixed_usd,$,out.utility_bills.ok_coal_fixed..usd,out.bills.ok_fixed_coal.usd,usd, 1,,,,,,,Annual fixed charges for coal if calculated using OK utility rates.
Output,no,no,float,no,report_utility_bills.ok_coal_total_usd,$,out.utility_bills.ok_coal_bill..usd,out.bills.ok_coal.usd,usd, 1,,,,,,,Annual total charges for coal if calculated using OK utility rates.
Output,no,no,float,no,report_utility_bills.ok_electricity_energy_usd,$,out.utility_bills.ok_electricity_energy..usd,out.bills.ok_energy_electricity.usd,usd, 1,,,,,,,Annual energy charges for electricity if calculated using OK utility rates.
Output,no,no,float,no,report_utility_bills.ok_electricity_fixed_usd,$,out.utility_bills.ok_electricity_fixed..usd,out.bills.ok_fixed_electricity.usd,usd, 1,,,,,,,Annual fixed charges for electricity if calculated using OK utility rates.
Output,no,no,float,no,report_utility_bills.ok_electricity_pv_credit_usd,$,out.utility_bills.ok_electricity_pv_credit..usd,out.bills.ok_pv_credit_electricity.usd,usd, 1,,,,,,,Annual PV generation credit for electricity if calculated using OK utility rates.
Output,yes,yes,float,no,report_utility_bills.ok_electricity_total_usd,$,out.utility_bills.ok_electricity_bill..usd,out.bills.ok_electricity.usd,usd, 1,,,,,,,Annual total charges for electricity if calculated using OK utility rates.
Output,no,no,float,no,report_utility_bills.ok_fuel_oil_energy_usd,$,out.utility_bills.ok_fuel_oil_energy..usd,out.bills.ok_energy_fuel_oil.usd,usd, 1,,,,,,,Annual energy charges for fuel_oil if calculated using OK utility rates.
Output,no,no,float,no,report_utility_bills.ok_fuel_oil_fixed_usd,$,out.utility_bills.ok_fuel_oil_fixed..usd,out.bills.ok_fixed_fuel_oil.usd,usd, 1,,,,,,,Annual fixed charges for fuel_oil if calculated using OK utility rates.
Output,yes,yes,float,no,report_utility_bills.ok_fuel_oil_total_usd,$,out.utility_bills.ok_fuel_oil_bill..usd,out.bills.ok_fuel_oil.usd,usd, 1,,,,,,,Annual total charges for fuel_oil if calculated using OK utility rates.
Output,no,no,float,no,report_utility_bills.ok_natural_gas_energy_usd,$,out.utility_bills.ok_natural_gas_energy..usd,out.bills.ok_energy_natural_gas.usd,usd, 1,,,,,,,Annual energy charges for natural_gas if calculated using OK utility rates.
Output,no,no,float,no,report_utility_bills.ok_natural_gas_fixed_usd,$,out.utility_bills.ok_natural_gas_fixed..usd,out.bills.ok_fixed_natural_gas.usd,usd, 1,,,,,,,Annual fixed charges for natural_gas if calculated using OK utility rates.
Output,yes,yes,float,no,report_utility_bills.ok_natural_gas_total_usd,$,out.utility_bills.ok_natural_gas_bill..usd,out.bills.ok_natural_gas.usd,usd, 1,,,,,,,Annual total charges for natural_gas if calculated using OK utility rates.
Output,no,no,float,no,report_utility_bills.ok_propane_energy_usd,$,out.utility_bills.ok_propane_energy..usd,out.bills.ok_energy_propane.usd,usd, 1,,,,,,,Annual energy charges for propane if calculated using OK utility rates.
Output,no,no,float,no,report_utility_bills.ok_propane_fixed_usd,$,out.utility_bills.ok_propane_fixed..usd,out.bills.ok_fixed_propane.usd,usd, 1,,,,,,,Annual fixed charges for propane if calculated using OK utility rates.
Output,yes,yes,float,no,report_utility_bills.ok_propane_total_usd,$,out.utility_bills.ok_propane_bill..usd,out.bills.ok_propane.usd,usd, 1,,,,,,,Annual total charges for propane if calculated using OK utility rates.
Output,yes,yes,float,no,report_utility_bills.ok_total_usd,$,out.utility_bills.ok_total_bill..usd,out.bills.ok_all_fuels.usd,usd, 1,,,,,,,Annual total charges for all fuels if calculated using OK utility rates.
Output,no,no,float,no,report_utility_bills.ok_wood_cord_energy_usd,$,out.utility_bills.ok_wood_cord_energy..usd,out.bills.ok_energy_wood_cord.usd,usd, 1,,,,,,,Annual energy charges for wood_cord if calculated using OK utility rates.
Output,no,no,float,no,report_utility_bills.ok_wood_cord_fixed_usd,$,out.utility_bills.ok_wood_cord_fixed..usd,out.bills.ok_fixed_wood_cord.usd,usd, 1,,,,,,,Annual fixed charges for wood_cord if calculated using OK utility rates.
Output,no,no,float,no,report_utility_bills.ok_wood_cord_total_usd,$,out.utility_bills.ok_wood_cord_bill..usd,out.bills.ok_wood_cord.usd,usd, 1,,,,,,,Annual total charges for wood_cord if calculated using OK utility rates.
Output,no,no,float,no,report_utility_bills.ok_wood_pellets_energy_usd,$,out.utility_bills.ok_wood_pellets_energy..usd,out.bills.ok_energy_wood_pellets.usd,usd, 1,,,,,,,Annual energy charges for wood_pellets if calculated using OK utility rates.
Output,no,no,float,no,report_utility_bills.ok_wood_pellets_fixed_usd,$,out.utility_bills.ok_wood_pellets_fixed..usd,out.bills.ok_fixed_wood_pellets.usd,usd, 1,,,,,,,Annual fixed charges for wood_pellets if calculated using OK utility rates.
Output,no,no,float,no,report_utility_bills.ok_wood_pellets_total_usd,$,out.utility_bills.ok_wood_pellets_bill..usd,out.bills.ok_wood_pellets.usd,usd, 1,,,,,,,Annual total charges for wood_pellets if calculated using OK utility rates.
Output,no,no,float,no,report_utility_bills.or_coal_energy_usd,$,out.utility_bills.or_coal_energy..usd,out.bills.or_energy_coal.usd,usd, 1,,,,,,,Annual energy charges for coal if calculated using OR utility rates.
Output,no,no,float,no,report_utility_bills.or_coal_fixed_usd,$,out.utility_bills.or_coal_fixed..usd,out.bills.or_fixed_coal.usd,usd, 1,,,,,,,Annual fixed charges for coal if calculated using OR utility rates.
Output,no,no,float,no,report_utility_bills.or_coal_total_usd,$,out.utility_bills.or_coal_bill..usd,out.bills.or_coal.usd,usd, 1,,,,,,,Annual total charges for coal if calculated using OR utility rates.
Output,no,no,float,no,report_utility_bills.or_electricity_energy_usd,$,out.utility_bills.or_electricity_energy..usd,out.bills.or_energy_electricity.usd,usd, 1,,,,,,,Annual energy charges for electricity if calculated using OR utility rates.
Output,no,no,float,no,report_utility_bills.or_electricity_fixed_usd,$,out.utility_bills.or_electricity_fixed..usd,out.bills.or_fixed_electricity.usd,usd, 1,,,,,,,Annual fixed charges for electricity if calculated using OR utility rates.
Output,no,no,float,no,report_utility_bills.or_electricity_pv_credit_usd,$,out.utility_bills.or_electricity_pv_credit..usd,out.bills.or_pv_credit_electricity.usd,usd, 1,,,,,,,Annual PV generation credit for electricity if calculated using OR utility rates.
Output,yes,yes,float,no,report_utility_bills.or_electricity_total_usd,$,out.utility_bills.or_electricity_bill..usd,out.bills.or_electricity.usd,usd, 1,,,,,,,Annual total charges for electricity if calculated using OR utility rates.
Output,no,no,float,no,report_utility_bills.or_fuel_oil_energy_usd,$,out.utility_bills.or_fuel_oil_energy..usd,out.bills.or_energy_fuel_oil.usd,usd, 1,,,,,,,Annual energy charges for fuel_oil if calculated using OR utility rates.
Output,no,no,float,no,report_utility_bills.or_fuel_oil_fixed_usd,$,out.utility_bills.or_fuel_oil_fixed..usd,out.bills.or_fixed_fuel_oil.usd,usd, 1,,,,,,,Annual fixed charges for fuel_oil if calculated using OR utility rates.
Output,yes,yes,float,no,report_utility_bills.or_fuel_oil_total_usd,$,out.utility_bills.or_fuel_oil_bill..usd,out.bills.or_fuel_oil.usd,usd, 1,,,,,,,Annual total charges for fuel_oil if calculated using OR utility rates.
Output,no,no,float,no,report_utility_bills.or_natural_gas_energy_usd,$,out.utility_bills.or_natural_gas_energy..usd,out.bills.or_energy_natural_gas.usd,usd, 1,,,,,,,Annual energy charges for natural_gas if calculated using OR utility rates.
Output,no,no,float,no,report_utility_bills.or_natural_gas_fixed_usd,$,out.utility_bills.or_natural_gas_fixed..usd,out.bills.or_fixed_natural_gas.usd,usd, 1,,,,,,,Annual fixed charges for natural_gas if calculated using OR utility rates.
Output,yes,yes,float,no,report_utility_bills.or_natural_gas_total_usd,$,out.utility_bills.or_natural_gas_bill..usd,out.bills.or_natural_gas.usd,usd, 1,,,,,,,Annual total charges for natural_gas if calculated using OR utility rates.
Output,no,no,float,no,report_utility_bills.or_propane_energy_usd,$,out.utility_bills.or_propane_energy..usd,out.bills.or_energy_propane.usd,usd, 1,,,,,,,Annual energy charges for propane if calculated using OR utility rates.
Output,no,no,float,no,report_utility_bills.or_propane_fixed_usd,$,out.utility_bills.or_propane_fixed..usd,out.bills.or_fixed_propane.usd,usd, 1,,,,,,,Annual fixed charges for propane if calculated using OR utility rates.
Output,yes,yes,float,no,report_utility_bills.or_propane_total_usd,$,out.utility_bills.or_propane_bill..usd,out.bills.or_propane.usd,usd, 1,,,,,,,Annual total charges for propane if calculated using OR utility rates.
Output,yes,yes,float,no,report_utility_bills.or_total_usd,$,out.utility_bills.or_total_bill..usd,out.bills.or_all_fuels.usd,usd, 1,,,,,,,Annual total charges for all fuels if calculated using OR utility rates.
Output,no,no,float,no,report_utility_bills.or_wood_cord_energy_usd,$,out.utility_bills.or_wood_cord_energy..usd,out.bills.or_energy_wood_cord.usd,usd, 1,,,,,,,Annual energy charges for wood_cord if calculated using OR utility rates.
Output,no,no,float,no,report_utility_bills.or_wood_cord_fixed_usd,$,out.utility_bills.or_wood_cord_fixed..usd,out.bills.or_fixed_wood_cord.usd,usd, 1,,,,,,,Annual fixed charges for wood_cord if calculated using OR utility rates.
Output,no,no,float,no,report_utility_bills.or_wood_cord_total_usd,$,out.utility_bills.or_wood_cord_bill..usd,out.bills.or_wood_cord.usd,usd, 1,,,,,,,Annual total charges for wood_cord if calculated using OR utility rates.
Output,no,no,float,no,report_utility_bills.or_wood_pellets_energy_usd,$,out.utility_bills.or_wood_pellets_energy..usd,out.bills.or_energy_wood_pellets.usd,usd, 1,,,,,,,Annual energy charges for wood_pellets if calculated using OR utility rates.
Output,no,no,float,no,report_utility_bills.or_wood_pellets_fixed_usd,$,out.utility_bills.or_wood_pellets_fixed..usd,out.bills.or_fixed_wood_pellets.usd,usd, 1,,,,,,,Annual fixed charges for wood_pellets if calculated using OR utility rates.
Output,no,no,float,no,report_utility_bills.or_wood_pellets_total_usd,$,out.utility_bills.or_wood_pellets_bill..usd,out.bills.or_wood_pellets.usd,usd, 1,,,,,,,Annual total charges for wood_pellets if calculated using OR utility rates.
Output,no,no,float,no,report_utility_bills.pa_coal_energy_usd,$,out.utility_bills.pa_coal_energy..usd,out.bills.pa_energy_coal.usd,usd, 1,,,,,,,Annual energy charges for coal if calculated using PA utility rates.
Output,no,no,float,no,report_utility_bills.pa_coal_fixed_usd,$,out.utility_bills.pa_coal_fixed..usd,out.bills.pa_fixed_coal.usd,usd, 1,,,,,,,Annual fixed charges for coal if calculated using PA utility rates.
Output,no,no,float,no,report_utility_bills.pa_coal_total_usd,$,out.utility_bills.pa_coal_bill..usd,out.bills.pa_coal.usd,usd, 1,,,,,,,Annual total charges for coal if calculated using PA utility rates.
Output,no,no,float,no,report_utility_bills.pa_electricity_energy_usd,$,out.utility_bills.pa_electricity_energy..usd,out.bills.pa_energy_electricity.usd,usd, 1,,,,,,,Annual energy charges for electricity if calculated using PA utility rates.
Output,no,no,float,no,report_utility_bills.pa_electricity_fixed_usd,$,out.utility_bills.pa_electricity_fixed..usd,out.bills.pa_fixed_electricity.usd,usd, 1,,,,,,,Annual fixed charges for electricity if calculated using PA utility rates.
Output,no,no,float,no,report_utility_bills.pa_electricity_pv_credit_usd,$,out.utility_bills.pa_electricity_pv_credit..usd,out.bills.pa_pv_credit_electricity.usd,usd, 1,,,,,,,Annual PV generation credit for electricity if calculated using PA utility rates.
Output,yes,yes,float,no,report_utility_bills.pa_electricity_total_usd,$,out.utility_bills.pa_electricity_bill..usd,out.bills.pa_electricity.usd,usd, 1,,,,,,,Annual total charges for electricity if calculated using PA utility rates.
Output,no,no,float,no,report_utility_bills.pa_fuel_oil_energy_usd,$,out.utility_bills.pa_fuel_oil_energy..usd,out.bills.pa_energy_fuel_oil.usd,usd, 1,,,,,,,Annual energy charges for fuel_oil if calculated using PA utility rates.
Output,no,no,float,no,report_utility_bills.pa_fuel_oil_fixed_usd,$,out.utility_bills.pa_fuel_oil_fixed..usd,out.bills.pa_fixed_fuel_oil.usd,usd, 1,,,,,,,Annual fixed charges for fuel_oil if calculated using PA utility rates.
Output,yes,yes,float,no,report_utility_bills.pa_fuel_oil_total_usd,$,out.utility_bills.pa_fuel_oil_bill..usd,out.bills.pa_fuel_oil.usd,usd, 1,,,,,,,Annual total charges for fuel_oil if calculated using PA utility rates.
Output,no,no,float,no,report_utility_bills.pa_natural_gas_energy_usd,$,out.utility_bills.pa_natural_gas_energy..usd,out.bills.pa_energy_natural_gas.usd,usd, 1,,,,,,,Annual energy charges for natural_gas if calculated using PA utility rates.
Output,no,no,float,no,report_utility_bills.pa_natural_gas_fixed_usd,$,out.utility_bills.pa_natural_gas_fixed..usd,out.bills.pa_fixed_natural_gas.usd,usd, 1,,,,,,,Annual fixed charges for natural_gas if calculated using PA utility rates.
Output,yes,yes,float,no,report_utility_bills.pa_natural_gas_total_usd,$,out.utility_bills.pa_natural_gas_bill..usd,out.bills.pa_natural_gas.usd,usd, 1,,,,,,,Annual total charges for natural_gas if calculated using PA utility rates.
Output,no,no,float,no,report_utility_bills.pa_propane_energy_usd,$,out.utility_bills.pa_propane_energy..usd,out.bills.pa_energy_propane.usd,usd, 1,,,,,,,Annual energy charges for propane if calculated using PA utility rates.
Output,no,no,float,no,report_utility_bills.pa_propane_fixed_usd,$,out.utility_bills.pa_propane_fixed..usd,out.bills.pa_fixed_propane.usd,usd, 1,,,,,,,Annual fixed charges for propane if calculated using PA utility rates.
Output,yes,yes,float,no,report_utility_bills.pa_propane_total_usd,$,out.utility_bills.pa_propane_bill..usd,out.bills.pa_propane.usd,usd, 1,,,,,,,Annual total charges for propane if calculated using PA utility rates.
Output,yes,yes,float,no,report_utility_bills.pa_total_usd,$,out.utility_bills.pa_total_bill..usd,out.bills.pa_all_fuels.usd,usd, 1,,,,,,,Annual total charges for all fuels if calculated using PA utility rates.
Output,no,no,float,no,report_utility_bills.pa_wood_cord_energy_usd,$,out.utility_bills.pa_wood_cord_energy..usd,out.bills.pa_energy_wood_cord.usd,usd, 1,,,,,,,Annual energy charges for wood_cord if calculated using PA utility rates.
Output,no,no,float,no,report_utility_bills.pa_wood_cord_fixed_usd,$,out.utility_bills.pa_wood_cord_fixed..usd,out.bills.pa_fixed_wood_cord.usd,usd, 1,,,,,,,Annual fixed charges for wood_cord if calculated using PA utility rates.
Output,no,no,float,no,report_utility_bills.pa_wood_cord_total_usd,$,out.utility_bills.pa_wood_cord_bill..usd,out.bills.pa_wood_cord.usd,usd, 1,,,,,,,Annual total charges for wood_cord if calculated using PA utility rates.
Output,no,no,float,no,report_utility_bills.pa_wood_pellets_energy_usd,$,out.utility_bills.pa_wood_pellets_energy..usd,out.bills.pa_energy_wood_pellets.usd,usd, 1,,,,,,,Annual energy charges for wood_pellets if calculated using PA utility rates.
Output,no,no,float,no,report_utility_bills.pa_wood_pellets_fixed_usd,$,out.utility_bills.pa_wood_pellets_fixed..usd,out.bills.pa_fixed_wood_pellets.usd,usd, 1,,,,,,,Annual fixed charges for wood_pellets if calculated using PA utility rates.
Output,no,no,float,no,report_utility_bills.pa_wood_pellets_total_usd,$,out.utility_bills.pa_wood_pellets_bill..usd,out.bills.pa_wood_pellets.usd,usd, 1,,,,,,,Annual total charges for wood_pellets if calculated using PA utility rates.
Output,no,no,float,no,report_utility_bills.ri_coal_energy_usd,$,out.utility_bills.ri_coal_energy..usd,out.bills.ri_energy_coal.usd,usd, 1,,,,,,,Annual energy charges for coal if calculated using RI utility rates.
Output,no,no,float,no,report_utility_bills.ri_coal_fixed_usd,$,out.utility_bills.ri_coal_fixed..usd,out.bills.ri_fixed_coal.usd,usd, 1,,,,,,,Annual fixed charges for coal if calculated using RI utility rates.
Output,no,no,float,no,report_utility_bills.ri_coal_total_usd,$,out.utility_bills.ri_coal_bill..usd,out.bills.ri_coal.usd,usd, 1,,,,,,,Annual total charges for coal if calculated using RI utility rates.
Output,no,no,float,no,report_utility_bills.ri_electricity_energy_usd,$,out.utility_bills.ri_electricity_energy..usd,out.bills.ri_energy_electricity.usd,usd, 1,,,,,,,Annual energy charges for electricity if calculated using RI utility rates.
Output,no,no,float,no,report_utility_bills.ri_electricity_fixed_usd,$,out.utility_bills.ri_electricity_fixed..usd,out.bills.ri_fixed_electricity.usd,usd, 1,,,,,,,Annual fixed charges for electricity if calculated using RI utility rates.
Output,no,no,float,no,report_utility_bills.ri_electricity_pv_credit_usd,$,out.utility_bills.ri_electricity_pv_credit..usd,out.bills.ri_pv_credit_electricity.usd,usd, 1,,,,,,,Annual PV generation credit for electricity if calculated using RI utility rates.
Output,yes,yes,float,no,report_utility_bills.ri_electricity_total_usd,$,out.utility_bills.ri_electricity_bill..usd,out.bills.ri_electricity.usd,usd, 1,,,,,,,Annual total charges for electricity if calculated using RI utility rates.
Output,no,no,float,no,report_utility_bills.ri_fuel_oil_energy_usd,$,out.utility_bills.ri_fuel_oil_energy..usd,out.bills.ri_energy_fuel_oil.usd,usd, 1,,,,,,,Annual energy charges for fuel_oil if calculated using RI utility rates.
Output,no,no,float,no,report_utility_bills.ri_fuel_oil_fixed_usd,$,out.utility_bills.ri_fuel_oil_fixed..usd,out.bills.ri_fixed_fuel_oil.usd,usd, 1,,,,,,,Annual fixed charges for fuel_oil if calculated using RI utility rates.
Output,yes,yes,float,no,report_utility_bills.ri_fuel_oil_total_usd,$,out.utility_bills.ri_fuel_oil_bill..usd,out.bills.ri_fuel_oil.usd,usd, 1,,,,,,,Annual total charges for fuel_oil if calculated using RI utility rates.
Output,no,no,float,no,report_utility_bills.ri_natural_gas_energy_usd,$,out.utility_bills.ri_natural_gas_energy..usd,out.bills.ri_energy_natural_gas.usd,usd, 1,,,,,,,Annual energy charges for natural_gas if calculated using RI utility rates.
Output,no,no,float,no,report_utility_bills.ri_natural_gas_fixed_usd,$,out.utility_bills.ri_natural_gas_fixed..usd,out.bills.ri_fixed_natural_gas.usd,usd, 1,,,,,,,Annual fixed charges for natural_gas if calculated using RI utility rates.
Output,yes,yes,float,no,report_utility_bills.ri_natural_gas_total_usd,$,out.utility_bills.ri_natural_gas_bill..usd,out.bills.ri_natural_gas.usd,usd, 1,,,,,,,Annual total charges for natural_gas if calculated using RI utility rates.
Output,no,no,float,no,report_utility_bills.ri_propane_energy_usd,$,out.utility_bills.ri_propane_energy..usd,out.bills.ri_energy_propane.usd,usd, 1,,,,,,,Annual energy charges for propane if calculated using RI utility rates.
Output,no,no,float,no,report_utility_bills.ri_propane_fixed_usd,$,out.utility_bills.ri_propane_fixed..usd,out.bills.ri_fixed_propane.usd,usd, 1,,,,,,,Annual fixed charges for propane if calculated using RI utility rates.
Output,yes,yes,float,no,report_utility_bills.ri_propane_total_usd,$,out.utility_bills.ri_propane_bill..usd,out.bills.ri_propane.usd,usd, 1,,,,,,,Annual total charges for propane if calculated using RI utility rates.
Output,yes,yes,float,no,report_utility_bills.ri_total_usd,$,out.utility_bills.ri_total_bill..usd,out.bills.ri_all_fuels.usd,usd, 1,,,,,,,Annual total charges for all fuels if calculated using RI utility rates.
Output,no,no,float,no,report_utility_bills.ri_wood_cord_energy_usd,$,out.utility_bills.ri_wood_cord_energy..usd,out.bills.ri_energy_wood_cord.usd,usd, 1,,,,,,,Annual energy charges for wood_cord if calculated using RI utility rates.
Output,no,no,float,no,report_utility_bills.ri_wood_cord_fixed_usd,$,out.utility_bills.ri_wood_cord_fixed..usd,out.bills.ri_fixed_wood_cord.usd,usd, 1,,,,,,,Annual fixed charges for wood_cord if calculated using RI utility rates.
Output,no,no,float,no,report_utility_bills.ri_wood_cord_total_usd,$,out.utility_bills.ri_wood_cord_bill..usd,out.bills.ri_wood_cord.usd,usd, 1,,,,,,,Annual total charges for wood_cord if calculated using RI utility rates.
Output,no,no,float,no,report_utility_bills.ri_wood_pellets_energy_usd,$,out.utility_bills.ri_wood_pellets_energy..usd,out.bills.ri_energy_wood_pellets.usd,usd, 1,,,,,,,Annual energy charges for wood_pellets if calculated using RI utility rates.
Output,no,no,float,no,report_utility_bills.ri_wood_pellets_fixed_usd,$,out.utility_bills.ri_wood_pellets_fixed..usd,out.bills.ri_fixed_wood_pellets.usd,usd, 1,,,,,,,Annual fixed charges for wood_pellets if calculated using RI utility rates.
Output,no,no,float,no,report_utility_bills.ri_wood_pellets_total_usd,$,out.utility_bills.ri_wood_pellets_bill..usd,out.bills.ri_wood_pellets.usd,usd, 1,,,,,,,Annual total charges for wood_pellets if calculated using RI utility rates.
Output,no,no,float,no,report_utility_bills.sc_coal_energy_usd,$,out.utility_bills.sc_coal_energy..usd,out.bills.sc_energy_coal.usd,usd, 1,,,,,,,Annual energy charges for coal if calculated using SC utility rates.
Output,no,no,float,no,report_utility_bills.sc_coal_fixed_usd,$,out.utility_bills.sc_coal_fixed..usd,out.bills.sc_fixed_coal.usd,usd, 1,,,,,,,Annual fixed charges for coal if calculated using SC utility rates.
Output,no,no,float,no,report_utility_bills.sc_coal_total_usd,$,out.utility_bills.sc_coal_bill..usd,out.bills.sc_coal.usd,usd, 1,,,,,,,Annual total charges for coal if calculated using SC utility rates.
Output,no,no,float,no,report_utility_bills.sc_electricity_energy_usd,$,out.utility_bills.sc_electricity_energy..usd,out.bills.sc_energy_electricity.usd,usd, 1,,,,,,,Annual energy charges for electricity if calculated using SC utility rates.
Output,no,no,float,no,report_utility_bills.sc_electricity_fixed_usd,$,out.utility_bills.sc_electricity_fixed..usd,out.bills.sc_fixed_electricity.usd,usd, 1,,,,,,,Annual fixed charges for electricity if calculated using SC utility rates.
Output,no,no,float,no,report_utility_bills.sc_electricity_pv_credit_usd,$,out.utility_bills.sc_electricity_pv_credit..usd,out.bills.sc_pv_credit_electricity.usd,usd, 1,,,,,,,Annual PV generation credit for electricity if calculated using SC utility rates.
Output,yes,yes,float,no,report_utility_bills.sc_electricity_total_usd,$,out.utility_bills.sc_electricity_bill..usd,out.bills.sc_electricity.usd,usd, 1,,,,,,,Annual total charges for electricity if calculated using SC utility rates.
Output,no,no,float,no,report_utility_bills.sc_fuel_oil_energy_usd,$,out.utility_bills.sc_fuel_oil_energy..usd,out.bills.sc_energy_fuel_oil.usd,usd, 1,,,,,,,Annual energy charges for fuel_oil if calculated using SC utility rates.
Output,no,no,float,no,report_utility_bills.sc_fuel_oil_fixed_usd,$,out.utility_bills.sc_fuel_oil_fixed..usd,out.bills.sc_fixed_fuel_oil.usd,usd, 1,,,,,,,Annual fixed charges for fuel_oil if calculated using SC utility rates.
Output,yes,yes,float,no,report_utility_bills.sc_fuel_oil_total_usd,$,out.utility_bills.sc_fuel_oil_bill..usd,out.bills.sc_fuel_oil.usd,usd, 1,,,,,,,Annual total charges for fuel_oil if calculated using SC utility rates.
Output,no,no,float,no,report_utility_bills.sc_natural_gas_energy_usd,$,out.utility_bills.sc_natural_gas_energy..usd,out.bills.sc_energy_natural_gas.usd,usd, 1,,,,,,,Annual energy charges for natural_gas if calculated using SC utility rates.
Output,no,no,float,no,report_utility_bills.sc_natural_gas_fixed_usd,$,out.utility_bills.sc_natural_gas_fixed..usd,out.bills.sc_fixed_natural_gas.usd,usd, 1,,,,,,,Annual fixed charges for natural_gas if calculated using SC utility rates.
Output,yes,yes,float,no,report_utility_bills.sc_natural_gas_total_usd,$,out.utility_bills.sc_natural_gas_bill..usd,out.bills.sc_natural_gas.usd,usd, 1,,,,,,,Annual total charges for natural_gas if calculated using SC utility rates.
Output,no,no,float,no,report_utility_bills.sc_propane_energy_usd,$,out.utility_bills.sc_propane_energy..usd,out.bills.sc_energy_propane.usd,usd, 1,,,,,,,Annual energy charges for propane if calculated using SC utility rates.
Output,no,no,float,no,report_utility_bills.sc_propane_fixed_usd,$,out.utility_bills.sc_propane_fixed..usd,out.bills.sc_fixed_propane.usd,usd, 1,,,,,,,Annual fixed charges for propane if calculated using SC utility rates.
Output,yes,yes,float,no,report_utility_bills.sc_propane_total_usd,$,out.utility_bills.sc_propane_bill..usd,out.bills.sc_propane.usd,usd, 1,,,,,,,Annual total charges for propane if calculated using SC utility rates.
Output,yes,yes,float,no,report_utility_bills.sc_total_usd,$,out.utility_bills.sc_total_bill..usd,out.bills.sc_all_fuels.usd,usd, 1,,,,,,,Annual total charges for all fuels if calculated using SC utility rates.
Output,no,no,float,no,report_utility_bills.sc_wood_cord_energy_usd,$,out.utility_bills.sc_wood_cord_energy..usd,out.bills.sc_energy_wood_cord.usd,usd, 1,,,,,,,Annual energy charges for wood_cord if calculated using SC utility rates.
Output,no,no,float,no,report_utility_bills.sc_wood_cord_fixed_usd,$,out.utility_bills.sc_wood_cord_fixed..usd,out.bills.sc_fixed_wood_cord.usd,usd, 1,,,,,,,Annual fixed charges for wood_cord if calculated using SC utility rates.
Output,no,no,float,no,report_utility_bills.sc_wood_cord_total_usd,$,out.utility_bills.sc_wood_cord_bill..usd,out.bills.sc_wood_cord.usd,usd, 1,,,,,,,Annual total charges for wood_cord if calculated using SC utility rates.
Output,no,no,float,no,report_utility_bills.sc_wood_pellets_energy_usd,$,out.utility_bills.sc_wood_pellets_energy..usd,out.bills.sc_energy_wood_pellets.usd,usd, 1,,,,,,,Annual energy charges for wood_pellets if calculated using SC utility rates.
Output,no,no,float,no,report_utility_bills.sc_wood_pellets_fixed_usd,$,out.utility_bills.sc_wood_pellets_fixed..usd,out.bills.sc_fixed_wood_pellets.usd,usd, 1,,,,,,,Annual fixed charges for wood_pellets if calculated using SC utility rates.
Output,no,no,float,no,report_utility_bills.sc_wood_pellets_total_usd,$,out.utility_bills.sc_wood_pellets_bill..usd,out.bills.sc_wood_pellets.usd,usd, 1,,,,,,,Annual total charges for wood_pellets if calculated using SC utility rates.
Output,no,no,float,no,report_utility_bills.sd_coal_energy_usd,$,out.utility_bills.sd_coal_energy..usd,out.bills.sd_energy_coal.usd,usd, 1,,,,,,,Annual energy charges for coal if calculated using SD utility rates.
Output,no,no,float,no,report_utility_bills.sd_coal_fixed_usd,$,out.utility_bills.sd_coal_fixed..usd,out.bills.sd_fixed_coal.usd,usd, 1,,,,,,,Annual fixed charges for coal if calculated using SD utility rates.
Output,no,no,float,no,report_utility_bills.sd_coal_total_usd,$,out.utility_bills.sd_coal_bill..usd,out.bills.sd_coal.usd,usd, 1,,,,,,,Annual total charges for coal if calculated using SD utility rates.
Output,no,no,float,no,report_utility_bills.sd_electricity_energy_usd,$,out.utility_bills.sd_electricity_energy..usd,out.bills.sd_energy_electricity.usd,usd, 1,,,,,,,Annual energy charges for electricity if calculated using SD utility rates.
Output,no,no,float,no,report_utility_bills.sd_electricity_fixed_usd,$,out.utility_bills.sd_electricity_fixed..usd,out.bills.sd_fixed_electricity.usd,usd, 1,,,,,,,Annual fixed charges for electricity if calculated using SD utility rates.
Output,no,no,float,no,report_utility_bills.sd_electricity_pv_credit_usd,$,out.utility_bills.sd_electricity_pv_credit..usd,out.bills.sd_pv_credit_electricity.usd,usd, 1,,,,,,,Annual PV generation credit for electricity if calculated using SD utility rates.
Output,yes,yes,float,no,report_utility_bills.sd_electricity_total_usd,$,out.utility_bills.sd_electricity_bill..usd,out.bills.sd_electricity.usd,usd, 1,,,,,,,Annual total charges for electricity if calculated using SD utility rates.
Output,no,no,float,no,report_utility_bills.sd_fuel_oil_energy_usd,$,out.utility_bills.sd_fuel_oil_energy..usd,out.bills.sd_energy_fuel_oil.usd,usd, 1,,,,,,,Annual energy charges for fuel_oil if calculated using SD utility rates.
Output,no,no,float,no,report_utility_bills.sd_fuel_oil_fixed_usd,$,out.utility_bills.sd_fuel_oil_fixed..usd,out.bills.sd_fixed_fuel_oil.usd,usd, 1,,,,,,,Annual fixed charges for fuel_oil if calculated using SD utility rates.
Output,yes,yes,float,no,report_utility_bills.sd_fuel_oil_total_usd,$,out.utility_bills.sd_fuel_oil_bill..usd,out.bills.sd_fuel_oil.usd,usd, 1,,,,,,,Annual total charges for fuel_oil if calculated using SD utility rates.
Output,no,no,float,no,report_utility_bills.sd_natural_gas_energy_usd,$,out.utility_bills.sd_natural_gas_energy..usd,out.bills.sd_energy_natural_gas.usd,usd, 1,,,,,,,Annual energy charges for natural_gas if calculated using SD utility rates.
Output,no,no,float,no,report_utility_bills.sd_natural_gas_fixed_usd,$,out.utility_bills.sd_natural_gas_fixed..usd,out.bills.sd_fixed_natural_gas.usd,usd, 1,,,,,,,Annual fixed charges for natural_gas if calculated using SD utility rates.
Output,yes,yes,float,no,report_utility_bills.sd_natural_gas_total_usd,$,out.utility_bills.sd_natural_gas_bill..usd,out.bills.sd_natural_gas.usd,usd, 1,,,,,,,Annual total charges for natural_gas if calculated using SD utility rates.
Output,no,no,float,no,report_utility_bills.sd_propane_energy_usd,$,out.utility_bills.sd_propane_energy..usd,out.bills.sd_energy_propane.usd,usd, 1,,,,,,,Annual energy charges for propane if calculated using SD utility rates.
Output,no,no,float,no,report_utility_bills.sd_propane_fixed_usd,$,out.utility_bills.sd_propane_fixed..usd,out.bills.sd_fixed_propane.usd,usd, 1,,,,,,,Annual fixed charges for propane if calculated using SD utility rates.
Output,yes,yes,float,no,report_utility_bills.sd_propane_total_usd,$,out.utility_bills.sd_propane_bill..usd,out.bills.sd_propane.usd,usd, 1,,,,,,,Annual total charges for propane if calculated using SD utility rates.
Output,yes,yes,float,no,report_utility_bills.sd_total_usd,$,out.utility_bills.sd_total_bill..usd,out.bills.sd_all_fuels.usd,usd, 1,,,,,,,Annual total charges for all fuels if calculated using SD utility rates.
Output,no,no,float,no,report_utility_bills.sd_wood_cord_energy_usd,$,out.utility_bills.sd_wood_cord_energy..usd,out.bills.sd_energy_wood_cord.usd,usd, 1,,,,,,,Annual energy charges for wood_cord if calculated using SD utility rates.
Output,no,no,float,no,report_utility_bills.sd_wood_cord_fixed_usd,$,out.utility_bills.sd_wood_cord_fixed..usd,out.bills.sd_fixed_wood_cord.usd,usd, 1,,,,,,,Annual fixed charges for wood_cord if calculated using SD utility rates.
Output,no,no,float,no,report_utility_bills.sd_wood_cord_total_usd,$,out.utility_bills.sd_wood_cord_bill..usd,out.bills.sd_wood_cord.usd,usd, 1,,,,,,,Annual total charges for wood_cord if calculated using SD utility rates.
Output,no,no,float,no,report_utility_bills.sd_wood_pellets_energy_usd,$,out.utility_bills.sd_wood_pellets_energy..usd,out.bills.sd_energy_wood_pellets.usd,usd, 1,,,,,,,Annual energy charges for wood_pellets if calculated using SD utility rates.
Output,no,no,float,no,report_utility_bills.sd_wood_pellets_fixed_usd,$,out.utility_bills.sd_wood_pellets_fixed..usd,out.bills.sd_fixed_wood_pellets.usd,usd, 1,,,,,,,Annual fixed charges for wood_pellets if calculated using SD utility rates.
Output,no,no,float,no,report_utility_bills.sd_wood_pellets_total_usd,$,out.utility_bills.sd_wood_pellets_bill..usd,out.bills.sd_wood_pellets.usd,usd, 1,,,,,,,Annual total charges for wood_pellets if calculated using SD utility rates.
Output,no,no,float,no,report_utility_bills.tn_coal_energy_usd,$,out.utility_bills.tn_coal_energy..usd,out.bills.tn_energy_coal.usd,usd, 1,,,,,,,Annual energy charges for coal if calculated using TN utility rates.
Output,no,no,float,no,report_utility_bills.tn_coal_fixed_usd,$,out.utility_bills.tn_coal_fixed..usd,out.bills.tn_fixed_coal.usd,usd, 1,,,,,,,Annual fixed charges for coal if calculated using TN utility rates.
Output,no,no,float,no,report_utility_bills.tn_coal_total_usd,$,out.utility_bills.tn_coal_bill..usd,out.bills.tn_coal.usd,usd, 1,,,,,,,Annual total charges for coal if calculated using TN utility rates.
Output,no,no,float,no,report_utility_bills.tn_electricity_energy_usd,$,out.utility_bills.tn_electricity_energy..usd,out.bills.tn_energy_electricity.usd,usd, 1,,,,,,,Annual energy charges for electricity if calculated using TN utility rates.
Output,no,no,float,no,report_utility_bills.tn_electricity_fixed_usd,$,out.utility_bills.tn_electricity_fixed..usd,out.bills.tn_fixed_electricity.usd,usd, 1,,,,,,,Annual fixed charges for electricity if calculated using TN utility rates.
Output,no,no,float,no,report_utility_bills.tn_electricity_pv_credit_usd,$,out.utility_bills.tn_electricity_pv_credit..usd,out.bills.tn_pv_credit_electricity.usd,usd, 1,,,,,,,Annual PV generation credit for electricity if calculated using TN utility rates.
Output,yes,yes,float,no,report_utility_bills.tn_electricity_total_usd,$,out.utility_bills.tn_electricity_bill..usd,out.bills.tn_electricity.usd,usd, 1,,,,,,,Annual total charges for electricity if calculated using TN utility rates.
Output,no,no,float,no,report_utility_bills.tn_fuel_oil_energy_usd,$,out.utility_bills.tn_fuel_oil_energy..usd,out.bills.tn_energy_fuel_oil.usd,usd, 1,,,,,,,Annual energy charges for fuel_oil if calculated using TN utility rates.
Output,no,no,float,no,report_utility_bills.tn_fuel_oil_fixed_usd,$,out.utility_bills.tn_fuel_oil_fixed..usd,out.bills.tn_fixed_fuel_oil.usd,usd, 1,,,,,,,Annual fixed charges for fuel_oil if calculated using TN utility rates.
Output,yes,yes,float,no,report_utility_bills.tn_fuel_oil_total_usd,$,out.utility_bills.tn_fuel_oil_bill..usd,out.bills.tn_fuel_oil.usd,usd, 1,,,,,,,Annual total charges for fuel_oil if calculated using TN utility rates.
Output,no,no,float,no,report_utility_bills.tn_natural_gas_energy_usd,$,out.utility_bills.tn_natural_gas_energy..usd,out.bills.tn_energy_natural_gas.usd,usd, 1,,,,,,,Annual energy charges for natural_gas if calculated using TN utility rates.
Output,no,no,float,no,report_utility_bills.tn_natural_gas_fixed_usd,$,out.utility_bills.tn_natural_gas_fixed..usd,out.bills.tn_fixed_natural_gas.usd,usd, 1,,,,,,,Annual fixed charges for natural_gas if calculated using TN utility rates.
Output,yes,yes,float,no,report_utility_bills.tn_natural_gas_total_usd,$,out.utility_bills.tn_natural_gas_bill..usd,out.bills.tn_natural_gas.usd,usd, 1,,,,,,,Annual total charges for natural_gas if calculated using TN utility rates.
Output,no,no,float,no,report_utility_bills.tn_propane_energy_usd,$,out.utility_bills.tn_propane_energy..usd,out.bills.tn_energy_propane.usd,usd, 1,,,,,,,Annual energy charges for propane if calculated using TN utility rates.
Output,no,no,float,no,report_utility_bills.tn_propane_fixed_usd,$,out.utility_bills.tn_propane_fixed..usd,out.bills.tn_fixed_propane.usd,usd, 1,,,,,,,Annual fixed charges for propane if calculated using TN utility rates.
Output,yes,yes,float,no,report_utility_bills.tn_propane_total_usd,$,out.utility_bills.tn_propane_bill..usd,out.bills.tn_propane.usd,usd, 1,,,,,,,Annual total charges for propane if calculated using TN utility rates.
Output,yes,yes,float,no,report_utility_bills.tn_total_usd,$,out.utility_bills.tn_total_bill..usd,out.bills.tn_all_fuels.usd,usd, 1,,,,,,,Annual total charges for all fuels if calculated using TN utility rates.
Output,no,no,float,no,report_utility_bills.tn_wood_cord_energy_usd,$,out.utility_bills.tn_wood_cord_energy..usd,out.bills.tn_energy_wood_cord.usd,usd, 1,,,,,,,Annual energy charges for wood_cord if calculated using TN utility rates.
Output,no,no,float,no,report_utility_bills.tn_wood_cord_fixed_usd,$,out.utility_bills.tn_wood_cord_fixed..usd,out.bills.tn_fixed_wood_cord.usd,usd, 1,,,,,,,Annual fixed charges for wood_cord if calculated using TN utility rates.
Output,no,no,float,no,report_utility_bills.tn_wood_cord_total_usd,$,out.utility_bills.tn_wood_cord_bill..usd,out.bills.tn_wood_cord.usd,usd, 1,,,,,,,Annual total charges for wood_cord if calculated using TN utility rates.
Output,no,no,float,no,report_utility_bills.tn_wood_pellets_energy_usd,$,out.utility_bills.tn_wood_pellets_energy..usd,out.bills.tn_energy_wood_pellets.usd,usd, 1,,,,,,,Annual energy charges for wood_pellets if calculated using TN utility rates.
Output,no,no,float,no,report_utility_bills.tn_wood_pellets_fixed_usd,$,out.utility_bills.tn_wood_pellets_fixed..usd,out.bills.tn_fixed_wood_pellets.usd,usd, 1,,,,,,,Annual fixed charges for wood_pellets if calculated using TN utility rates.
Output,no,no,float,no,report_utility_bills.tn_wood_pellets_total_usd,$,out.utility_bills.tn_wood_pellets_bill..usd,out.bills.tn_wood_pellets.usd,usd, 1,,,,,,,Annual total charges for wood_pellets if calculated using TN utility rates.
Output,no,no,float,no,report_utility_bills.tx_coal_energy_usd,$,out.utility_bills.tx_coal_energy..usd,out.bills.tx_energy_coal.usd,usd, 1,,,,,,,Annual energy charges for coal if calculated using TX utility rates.
Output,no,no,float,no,report_utility_bills.tx_coal_fixed_usd,$,out.utility_bills.tx_coal_fixed..usd,out.bills.tx_fixed_coal.usd,usd, 1,,,,,,,Annual fixed charges for coal if calculated using TX utility rates.
Output,no,no,float,no,report_utility_bills.tx_coal_total_usd,$,out.utility_bills.tx_coal_bill..usd,out.bills.tx_coal.usd,usd, 1,,,,,,,Annual total charges for coal if calculated using TX utility rates.
Output,no,no,float,no,report_utility_bills.tx_electricity_energy_usd,$,out.utility_bills.tx_electricity_energy..usd,out.bills.tx_energy_electricity.usd,usd, 1,,,,,,,Annual energy charges for electricity if calculated using TX utility rates.
Output,no,no,float,no,report_utility_bills.tx_electricity_fixed_usd,$,out.utility_bills.tx_electricity_fixed..usd,out.bills.tx_fixed_electricity.usd,usd, 1,,,,,,,Annual fixed charges for electricity if calculated using TX utility rates.
Output,no,no,float,no,report_utility_bills.tx_electricity_pv_credit_usd,$,out.utility_bills.tx_electricity_pv_credit..usd,out.bills.tx_pv_credit_electricity.usd,usd, 1,,,,,,,Annual PV generation credit for electricity if calculated using TX utility rates.
Output,yes,yes,float,no,report_utility_bills.tx_electricity_total_usd,$,out.utility_bills.tx_electricity_bill..usd,out.bills.tx_electricity.usd,usd, 1,,,,,,,Annual total charges for electricity if calculated using TX utility rates.
Output,no,no,float,no,report_utility_bills.tx_fuel_oil_energy_usd,$,out.utility_bills.tx_fuel_oil_energy..usd,out.bills.tx_energy_fuel_oil.usd,usd, 1,,,,,,,Annual energy charges for fuel_oil if calculated using TX utility rates.
Output,no,no,float,no,report_utility_bills.tx_fuel_oil_fixed_usd,$,out.utility_bills.tx_fuel_oil_fixed..usd,out.bills.tx_fixed_fuel_oil.usd,usd, 1,,,,,,,Annual fixed charges for fuel_oil if calculated using TX utility rates.
Output,yes,yes,float,no,report_utility_bills.tx_fuel_oil_total_usd,$,out.utility_bills.tx_fuel_oil_bill..usd,out.bills.tx_fuel_oil.usd,usd, 1,,,,,,,Annual total charges for fuel_oil if calculated using TX utility rates.
Output,no,no,float,no,report_utility_bills.tx_natural_gas_energy_usd,$,out.utility_bills.tx_natural_gas_energy..usd,out.bills.tx_energy_natural_gas.usd,usd, 1,,,,,,,Annual energy charges for natural_gas if calculated using TX utility rates.
Output,no,no,float,no,report_utility_bills.tx_natural_gas_fixed_usd,$,out.utility_bills.tx_natural_gas_fixed..usd,out.bills.tx_fixed_natural_gas.usd,usd, 1,,,,,,,Annual fixed charges for natural_gas if calculated using TX utility rates.
Output,yes,yes,float,no,report_utility_bills.tx_natural_gas_total_usd,$,out.utility_bills.tx_natural_gas_bill..usd,out.bills.tx_natural_gas.usd,usd, 1,,,,,,,Annual total charges for natural_gas if calculated using TX utility rates.
Output,no,no,float,no,report_utility_bills.tx_propane_energy_usd,$,out.utility_bills.tx_propane_energy..usd,out.bills.tx_energy_propane.usd,usd, 1,,,,,,,Annual energy charges for propane if calculated using TX utility rates.
Output,no,no,float,no,report_utility_bills.tx_propane_fixed_usd,$,out.utility_bills.tx_propane_fixed..usd,out.bills.tx_fixed_propane.usd,usd, 1,,,,,,,Annual fixed charges for propane if calculated using TX utility rates.
Output,yes,yes,float,no,report_utility_bills.tx_propane_total_usd,$,out.utility_bills.tx_propane_bill..usd,out.bills.tx_propane.usd,usd, 1,,,,,,,Annual total charges for propane if calculated using TX utility rates.
Output,yes,yes,float,no,report_utility_bills.tx_total_usd,$,out.utility_bills.tx_total_bill..usd,out.bills.tx_all_fuels.usd,usd, 1,,,,,,,Annual total charges for all fuels if calculated using TX utility rates.
Output,no,no,float,no,report_utility_bills.tx_wood_cord_energy_usd,$,out.utility_bills.tx_wood_cord_energy..usd,out.bills.tx_energy_wood_cord.usd,usd, 1,,,,,,,Annual energy charges for wood_cord if calculated using TX utility rates.
Output,no,no,float,no,report_utility_bills.tx_wood_cord_fixed_usd,$,out.utility_bills.tx_wood_cord_fixed..usd,out.bills.tx_fixed_wood_cord.usd,usd, 1,,,,,,,Annual fixed charges for wood_cord if calculated using TX utility rates.
Output,no,no,float,no,report_utility_bills.tx_wood_cord_total_usd,$,out.utility_bills.tx_wood_cord_bill..usd,out.bills.tx_wood_cord.usd,usd, 1,,,,,,,Annual total charges for wood_cord if calculated using TX utility rates.
Output,no,no,float,no,report_utility_bills.tx_wood_pellets_energy_usd,$,out.utility_bills.tx_wood_pellets_energy..usd,out.bills.tx_energy_wood_pellets.usd,usd, 1,,,,,,,Annual energy charges for wood_pellets if calculated using TX utility rates.
Output,no,no,float,no,report_utility_bills.tx_wood_pellets_fixed_usd,$,out.utility_bills.tx_wood_pellets_fixed..usd,out.bills.tx_fixed_wood_pellets.usd,usd, 1,,,,,,,Annual fixed charges for wood_pellets if calculated using TX utility rates.
Output,no,no,float,no,report_utility_bills.tx_wood_pellets_total_usd,$,out.utility_bills.tx_wood_pellets_bill..usd,out.bills.tx_wood_pellets.usd,usd, 1,,,,,,,Annual total charges for wood_pellets if calculated using TX utility rates.
Output,no,no,float,no,report_utility_bills.ut_coal_energy_usd,$,out.utility_bills.ut_coal_energy..usd,out.bills.ut_energy_coal.usd,usd, 1,,,,,,,Annual energy charges for coal if calculated using UT utility rates.
Output,no,no,float,no,report_utility_bills.ut_coal_fixed_usd,$,out.utility_bills.ut_coal_fixed..usd,out.bills.ut_fixed_coal.usd,usd, 1,,,,,,,Annual fixed charges for coal if calculated using UT utility rates.
Output,no,no,float,no,report_utility_bills.ut_coal_total_usd,$,out.utility_bills.ut_coal_bill..usd,out.bills.ut_coal.usd,usd, 1,,,,,,,Annual total charges for coal if calculated using UT utility rates.
Output,no,no,float,no,report_utility_bills.ut_electricity_energy_usd,$,out.utility_bills.ut_electricity_energy..usd,out.bills.ut_energy_electricity.usd,usd, 1,,,,,,,Annual energy charges for electricity if calculated using UT utility rates.
Output,no,no,float,no,report_utility_bills.ut_electricity_fixed_usd,$,out.utility_bills.ut_electricity_fixed..usd,out.bills.ut_fixed_electricity.usd,usd, 1,,,,,,,Annual fixed charges for electricity if calculated using UT utility rates.
Output,no,no,float,no,report_utility_bills.ut_electricity_pv_credit_usd,$,out.utility_bills.ut_electricity_pv_credit..usd,out.bills.ut_pv_credit_electricity.usd,usd, 1,,,,,,,Annual PV generation credit for electricity if calculated using UT utility rates.
Output,yes,yes,float,no,report_utility_bills.ut_electricity_total_usd,$,out.utility_bills.ut_electricity_bill..usd,out.bills.ut_electricity.usd,usd, 1,,,,,,,Annual total charges for electricity if calculated using UT utility rates.
Output,no,no,float,no,report_utility_bills.ut_fuel_oil_energy_usd,$,out.utility_bills.ut_fuel_oil_energy..usd,out.bills.ut_energy_fuel_oil.usd,usd, 1,,,,,,,Annual energy charges for fuel_oil if calculated using UT utility rates.
Output,no,no,float,no,report_utility_bills.ut_fuel_oil_fixed_usd,$,out.utility_bills.ut_fuel_oil_fixed..usd,out.bills.ut_fixed_fuel_oil.usd,usd, 1,,,,,,,Annual fixed charges for fuel_oil if calculated using UT utility rates.
Output,yes,yes,float,no,report_utility_bills.ut_fuel_oil_total_usd,$,out.utility_bills.ut_fuel_oil_bill..usd,out.bills.ut_fuel_oil.usd,usd, 1,,,,,,,Annual total charges for fuel_oil if calculated using UT utility rates.
Output,no,no,float,no,report_utility_bills.ut_natural_gas_energy_usd,$,out.utility_bills.ut_natural_gas_energy..usd,out.bills.ut_energy_natural_gas.usd,usd, 1,,,,,,,Annual energy charges for natural_gas if calculated using UT utility rates.
Output,no,no,float,no,report_utility_bills.ut_natural_gas_fixed_usd,$,out.utility_bills.ut_natural_gas_fixed..usd,out.bills.ut_fixed_natural_gas.usd,usd, 1,,,,,,,Annual fixed charges for natural_gas if calculated using UT utility rates.
Output,yes,yes,float,no,report_utility_bills.ut_natural_gas_total_usd,$,out.utility_bills.ut_natural_gas_bill..usd,out.bills.ut_natural_gas.usd,usd, 1,,,,,,,Annual total charges for natural_gas if calculated using UT utility rates.
Output,no,no,float,no,report_utility_bills.ut_propane_energy_usd,$,out.utility_bills.ut_propane_energy..usd,out.bills.ut_energy_propane.usd,usd, 1,,,,,,,Annual energy charges for propane if calculated using UT utility rates.
Output,no,no,float,no,report_utility_bills.ut_propane_fixed_usd,$,out.utility_bills.ut_propane_fixed..usd,out.bills.ut_fixed_propane.usd,usd, 1,,,,,,,Annual fixed charges for propane if calculated using UT utility rates.
Output,yes,yes,float,no,report_utility_bills.ut_propane_total_usd,$,out.utility_bills.ut_propane_bill..usd,out.bills.ut_propane.usd,usd, 1,,,,,,,Annual total charges for propane if calculated using UT utility rates.
Output,yes,yes,float,no,report_utility_bills.ut_total_usd,$,out.utility_bills.ut_total_bill..usd,out.bills.ut_all_fuels.usd,usd, 1,,,,,,,Annual total charges for all fuels if calculated using UT utility rates.
Output,no,no,float,no,report_utility_bills.ut_wood_cord_energy_usd,$,out.utility_bills.ut_wood_cord_energy..usd,out.bills.ut_energy_wood_cord.usd,usd, 1,,,,,,,Annual energy charges for wood_cord if calculated using UT utility rates.
Output,no,no,float,no,report_utility_bills.ut_wood_cord_fixed_usd,$,out.utility_bills.ut_wood_cord_fixed..usd,out.bills.ut_fixed_wood_cord.usd,usd, 1,,,,,,,Annual fixed charges for wood_cord if calculated using UT utility rates.
Output,no,no,float,no,report_utility_bills.ut_wood_cord_total_usd,$,out.utility_bills.ut_wood_cord_bill..usd,out.bills.ut_wood_cord.usd,usd, 1,,,,,,,Annual total charges for wood_cord if calculated using UT utility rates.
Output,no,no,float,no,report_utility_bills.ut_wood_pellets_energy_usd,$,out.utility_bills.ut_wood_pellets_energy..usd,out.bills.ut_energy_wood_pellets.usd,usd, 1,,,,,,,Annual energy charges for wood_pellets if calculated using UT utility rates.
Output,no,no,float,no,report_utility_bills.ut_wood_pellets_fixed_usd,$,out.utility_bills.ut_wood_pellets_fixed..usd,out.bills.ut_fixed_wood_pellets.usd,usd, 1,,,,,,,Annual fixed charges for wood_pellets if calculated using UT utility rates.
Output,no,no,float,no,report_utility_bills.ut_wood_pellets_total_usd,$,out.utility_bills.ut_wood_pellets_bill..usd,out.bills.ut_wood_pellets.usd,usd, 1,,,,,,,Annual total charges for wood_pellets if calculated using UT utility rates.
Output,no,no,float,no,report_utility_bills.va_coal_energy_usd,$,out.utility_bills.va_coal_energy..usd,out.bills.va_energy_coal.usd,usd, 1,,,,,,,Annual energy charges for coal if calculated using VA utility rates.
Output,no,no,float,no,report_utility_bills.va_coal_fixed_usd,$,out.utility_bills.va_coal_fixed..usd,out.bills.va_fixed_coal.usd,usd, 1,,,,,,,Annual fixed charges for coal if calculated using VA utility rates.
Output,no,no,float,no,report_utility_bills.va_coal_total_usd,$,out.utility_bills.va_coal_bill..usd,out.bills.va_coal.usd,usd, 1,,,,,,,Annual total charges for coal if calculated using VA utility rates.
Output,no,no,float,no,report_utility_bills.va_electricity_energy_usd,$,out.utility_bills.va_electricity_energy..usd,out.bills.va_energy_electricity.usd,usd, 1,,,,,,,Annual energy charges for electricity if calculated using VA utility rates.
Output,no,no,float,no,report_utility_bills.va_electricity_fixed_usd,$,out.utility_bills.va_electricity_fixed..usd,out.bills.va_fixed_electricity.usd,usd, 1,,,,,,,Annual fixed charges for electricity if calculated using VA utility rates.
Output,no,no,float,no,report_utility_bills.va_electricity_pv_credit_usd,$,out.utility_bills.va_electricity_pv_credit..usd,out.bills.va_pv_credit_electricity.usd,usd, 1,,,,,,,Annual PV generation credit for electricity if calculated using VA utility rates.
Output,yes,yes,float,no,report_utility_bills.va_electricity_total_usd,$,out.utility_bills.va_electricity_bill..usd,out.bills.va_electricity.usd,usd, 1,,,,,,,Annual total charges for electricity if calculated using VA utility rates.
Output,no,no,float,no,report_utility_bills.va_fuel_oil_energy_usd,$,out.utility_bills.va_fuel_oil_energy..usd,out.bills.va_energy_fuel_oil.usd,usd, 1,,,,,,,Annual energy charges for fuel_oil if calculated using VA utility rates.
Output,no,no,float,no,report_utility_bills.va_fuel_oil_fixed_usd,$,out.utility_bills.va_fuel_oil_fixed..usd,out.bills.va_fixed_fuel_oil.usd,usd, 1,,,,,,,Annual fixed charges for fuel_oil if calculated using VA utility rates.
Output,yes,yes,float,no,report_utility_bills.va_fuel_oil_total_usd,$,out.utility_bills.va_fuel_oil_bill..usd,out.bills.va_fuel_oil.usd,usd, 1,,,,,,,Annual total charges for fuel_oil if calculated using VA utility rates.
Output,no,no,float,no,report_utility_bills.va_natural_gas_energy_usd,$,out.utility_bills.va_natural_gas_energy..usd,out.bills.va_energy_natural_gas.usd,usd, 1,,,,,,,Annual energy charges for natural_gas if calculated using VA utility rates.
Output,no,no,float,no,report_utility_bills.va_natural_gas_fixed_usd,$,out.utility_bills.va_natural_gas_fixed..usd,out.bills.va_fixed_natural_gas.usd,usd, 1,,,,,,,Annual fixed charges for natural_gas if calculated using VA utility rates.
Output,yes,yes,float,no,report_utility_bills.va_natural_gas_total_usd,$,out.utility_bills.va_natural_gas_bill..usd,out.bills.va_natural_gas.usd,usd, 1,,,,,,,Annual total charges for natural_gas if calculated using VA utility rates.
Output,no,no,float,no,report_utility_bills.va_propane_energy_usd,$,out.utility_bills.va_propane_energy..usd,out.bills.va_energy_propane.usd,usd, 1,,,,,,,Annual energy charges for propane if calculated using VA utility rates.
Output,no,no,float,no,report_utility_bills.va_propane_fixed_usd,$,out.utility_bills.va_propane_fixed..usd,out.bills.va_fixed_propane.usd,usd, 1,,,,,,,Annual fixed charges for propane if calculated using VA utility rates.
Output,yes,yes,float,no,report_utility_bills.va_propane_total_usd,$,out.utility_bills.va_propane_bill..usd,out.bills.va_propane.usd,usd, 1,,,,,,,Annual total charges for propane if calculated using VA utility rates.
Output,yes,yes,float,no,report_utility_bills.va_total_usd,$,out.utility_bills.va_total_bill..usd,out.bills.va_all_fuels.usd,usd, 1,,,,,,,Annual total charges for all fuels if calculated using VA utility rates.
Output,no,no,float,no,report_utility_bills.va_wood_cord_energy_usd,$,out.utility_bills.va_wood_cord_energy..usd,out.bills.va_energy_wood_cord.usd,usd, 1,,,,,,,Annual energy charges for wood_cord if calculated using VA utility rates.
Output,no,no,float,no,report_utility_bills.va_wood_cord_fixed_usd,$,out.utility_bills.va_wood_cord_fixed..usd,out.bills.va_fixed_wood_cord.usd,usd, 1,,,,,,,Annual fixed charges for wood_cord if calculated using VA utility rates.
Output,no,no,float,no,report_utility_bills.va_wood_cord_total_usd,$,out.utility_bills.va_wood_cord_bill..usd,out.bills.va_wood_cord.usd,usd, 1,,,,,,,Annual total charges for wood_cord if calculated using VA utility rates.
Output,no,no,float,no,report_utility_bills.va_wood_pellets_energy_usd,$,out.utility_bills.va_wood_pellets_energy..usd,out.bills.va_energy_wood_pellets.usd,usd, 1,,,,,,,Annual energy charges for wood_pellets if calculated using VA utility rates.
Output,no,no,float,no,report_utility_bills.va_wood_pellets_fixed_usd,$,out.utility_bills.va_wood_pellets_fixed..usd,out.bills.va_fixed_wood_pellets.usd,usd, 1,,,,,,,Annual fixed charges for wood_pellets if calculated using VA utility rates.
Output,no,no,float,no,report_utility_bills.va_wood_pellets_total_usd,$,out.utility_bills.va_wood_pellets_bill..usd,out.bills.va_wood_pellets.usd,usd, 1,,,,,,,Annual total charges for wood_pellets if calculated using VA utility rates.
Output,no,no,float,no,report_utility_bills.vt_coal_energy_usd,$,out.utility_bills.vt_coal_energy..usd,out.bills.vt_energy_coal.usd,usd, 1,,,,,,,Annual energy charges for coal if calculated using VT utility rates.
Output,no,no,float,no,report_utility_bills.vt_coal_fixed_usd,$,out.utility_bills.vt_coal_fixed..usd,out.bills.vt_fixed_coal.usd,usd, 1,,,,,,,Annual fixed charges for coal if calculated using VT utility rates.
Output,no,no,float,no,report_utility_bills.vt_coal_total_usd,$,out.utility_bills.vt_coal_bill..usd,out.bills.vt_coal.usd,usd, 1,,,,,,,Annual total charges for coal if calculated using VT utility rates.
Output,no,no,float,no,report_utility_bills.vt_electricity_energy_usd,$,out.utility_bills.vt_electricity_energy..usd,out.bills.vt_energy_electricity.usd,usd, 1,,,,,,,Annual energy charges for electricity if calculated using VT utility rates.
Output,no,no,float,no,report_utility_bills.vt_electricity_fixed_usd,$,out.utility_bills.vt_electricity_fixed..usd,out.bills.vt_fixed_electricity.usd,usd, 1,,,,,,,Annual fixed charges for electricity if calculated using VT utility rates.
Output,no,no,float,no,report_utility_bills.vt_electricity_pv_credit_usd,$,out.utility_bills.vt_electricity_pv_credit..usd,out.bills.vt_pv_credit_electricity.usd,usd, 1,,,,,,,Annual PV generation credit for electricity if calculated using VT utility rates.
Output,yes,yes,float,no,report_utility_bills.vt_electricity_total_usd,$,out.utility_bills.vt_electricity_bill..usd,out.bills.vt_electricity.usd,usd, 1,,,,,,,Annual total charges for electricity if calculated using VT utility rates.
Output,no,no,float,no,report_utility_bills.vt_fuel_oil_energy_usd,$,out.utility_bills.vt_fuel_oil_energy..usd,out.bills.vt_energy_fuel_oil.usd,usd, 1,,,,,,,Annual energy charges for fuel_oil if calculated using VT utility rates.
Output,no,no,float,no,report_utility_bills.vt_fuel_oil_fixed_usd,$,out.utility_bills.vt_fuel_oil_fixed..usd,out.bills.vt_fixed_fuel_oil.usd,usd, 1,,,,,,,Annual fixed charges for fuel_oil if calculated using VT utility rates.
Output,yes,yes,float,no,report_utility_bills.vt_fuel_oil_total_usd,$,out.utility_bills.vt_fuel_oil_bill..usd,out.bills.vt_fuel_oil.usd,usd, 1,,,,,,,Annual total charges for fuel_oil if calculated using VT utility rates.
Output,no,no,float,no,report_utility_bills.vt_natural_gas_energy_usd,$,out.utility_bills.vt_natural_gas_energy..usd,out.bills.vt_energy_natural_gas.usd,usd, 1,,,,,,,Annual energy charges for natural_gas if calculated using VT utility rates.
Output,no,no,float,no,report_utility_bills.vt_natural_gas_fixed_usd,$,out.utility_bills.vt_natural_gas_fixed..usd,out.bills.vt_fixed_natural_gas.usd,usd, 1,,,,,,,Annual fixed charges for natural_gas if calculated using VT utility rates.
Output,yes,yes,float,no,report_utility_bills.vt_natural_gas_total_usd,$,out.utility_bills.vt_natural_gas_bill..usd,out.bills.vt_natural_gas.usd,usd, 1,,,,,,,Annual total charges for natural_gas if calculated using VT utility rates.
Output,no,no,float,no,report_utility_bills.vt_propane_energy_usd,$,out.utility_bills.vt_propane_energy..usd,out.bills.vt_energy_propane.usd,usd, 1,,,,,,,Annual energy charges for propane if calculated using VT utility rates.
Output,no,no,float,no,report_utility_bills.vt_propane_fixed_usd,$,out.utility_bills.vt_propane_fixed..usd,out.bills.vt_fixed_propane.usd,usd, 1,,,,,,,Annual fixed charges for propane if calculated using VT utility rates.
Output,yes,yes,float,no,report_utility_bills.vt_propane_total_usd,$,out.utility_bills.vt_propane_bill..usd,out.bills.vt_propane.usd,usd, 1,,,,,,,Annual total charges for propane if calculated using VT utility rates.
Output,yes,yes,float,no,report_utility_bills.vt_total_usd,$,out.utility_bills.vt_total_bill..usd,out.bills.vt_all_fuels.usd,usd, 1,,,,,,,Annual total charges for all fuels if calculated using VT utility rates.
Output,no,no,float,no,report_utility_bills.vt_wood_cord_energy_usd,$,out.utility_bills.vt_wood_cord_energy..usd,out.bills.vt_energy_wood_cord.usd,usd, 1,,,,,,,Annual energy charges for wood_cord if calculated using VT utility rates.
Output,no,no,float,no,report_utility_bills.vt_wood_cord_fixed_usd,$,out.utility_bills.vt_wood_cord_fixed..usd,out.bills.vt_fixed_wood_cord.usd,usd, 1,,,,,,,Annual fixed charges for wood_cord if calculated using VT utility rates.
Output,no,no,float,no,report_utility_bills.vt_wood_cord_total_usd,$,out.utility_bills.vt_wood_cord_bill..usd,out.bills.vt_wood_cord.usd,usd, 1,,,,,,,Annual total charges for wood_cord if calculated using VT utility rates.
Output,no,no,float,no,report_utility_bills.vt_wood_pellets_energy_usd,$,out.utility_bills.vt_wood_pellets_energy..usd,out.bills.vt_energy_wood_pellets.usd,usd, 1,,,,,,,Annual energy charges for wood_pellets if calculated using VT utility rates.
Output,no,no,float,no,report_utility_bills.vt_wood_pellets_fixed_usd,$,out.utility_bills.vt_wood_pellets_fixed..usd,out.bills.vt_fixed_wood_pellets.usd,usd, 1,,,,,,,Annual fixed charges for wood_pellets if calculated using VT utility rates.
Output,no,no,float,no,report_utility_bills.vt_wood_pellets_total_usd,$,out.utility_bills.vt_wood_pellets_bill..usd,out.bills.vt_wood_pellets.usd,usd, 1,,,,,,,Annual total charges for wood_pellets if calculated using VT utility rates.
Output,no,no,float,no,report_utility_bills.wa_coal_energy_usd,$,out.utility_bills.wa_coal_energy..usd,out.bills.wa_energy_coal.usd,usd, 1,,,,,,,Annual energy charges for coal if calculated using WA utility rates.
Output,no,no,float,no,report_utility_bills.wa_coal_fixed_usd,$,out.utility_bills.wa_coal_fixed..usd,out.bills.wa_fixed_coal.usd,usd, 1,,,,,,,Annual fixed charges for coal if calculated using WA utility rates.
Output,no,no,float,no,report_utility_bills.wa_coal_total_usd,$,out.utility_bills.wa_coal_bill..usd,out.bills.wa_coal.usd,usd, 1,,,,,,,Annual total charges for coal if calculated using WA utility rates.
Output,no,no,float,no,report_utility_bills.wa_electricity_energy_usd,$,out.utility_bills.wa_electricity_energy..usd,out.bills.wa_energy_electricity.usd,usd, 1,,,,,,,Annual energy charges for electricity if calculated using WA utility rates.
Output,no,no,float,no,report_utility_bills.wa_electricity_fixed_usd,$,out.utility_bills.wa_electricity_fixed..usd,out.bills.wa_fixed_electricity.usd,usd, 1,,,,,,,Annual fixed charges for electricity if calculated using WA utility rates.
Output,no,no,float,no,report_utility_bills.wa_electricity_pv_credit_usd,$,out.utility_bills.wa_electricity_pv_credit..usd,out.bills.wa_pv_credit_electricity.usd,usd, 1,,,,,,,Annual PV generation credit for electricity if calculated using WA utility rates.
Output,yes,yes,float,no,report_utility_bills.wa_electricity_total_usd,$,out.utility_bills.wa_electricity_bill..usd,out.bills.wa_electricity.usd,usd, 1,,,,,,,Annual total charges for electricity if calculated using WA utility rates.
Output,no,no,float,no,report_utility_bills.wa_fuel_oil_energy_usd,$,out.utility_bills.wa_fuel_oil_energy..usd,out.bills.wa_energy_fuel_oil.usd,usd, 1,,,,,,,Annual energy charges for fuel_oil if calculated using WA utility rates.
Output,no,no,float,no,report_utility_bills.wa_fuel_oil_fixed_usd,$,out.utility_bills.wa_fuel_oil_fixed..usd,out.bills.wa_fixed_fuel_oil.usd,usd, 1,,,,,,,Annual fixed charges for fuel_oil if calculated using WA utility rates.
Output,yes,yes,float,no,report_utility_bills.wa_fuel_oil_total_usd,$,out.utility_bills.wa_fuel_oil_bill..usd,out.bills.wa_fuel_oil.usd,usd, 1,,,,,,,Annual total charges for fuel_oil if calculated using WA utility rates.
Output,no,no,float,no,report_utility_bills.wa_natural_gas_energy_usd,$,out.utility_bills.wa_natural_gas_energy..usd,out.bills.wa_energy_natural_gas.usd,usd, 1,,,,,,,Annual energy charges for natural_gas if calculated using WA utility rates.
Output,no,no,float,no,report_utility_bills.wa_natural_gas_fixed_usd,$,out.utility_bills.wa_natural_gas_fixed..usd,out.bills.wa_fixed_natural_gas.usd,usd, 1,,,,,,,Annual fixed charges for natural_gas if calculated using WA utility rates.
Output,yes,yes,float,no,report_utility_bills.wa_natural_gas_total_usd,$,out.utility_bills.wa_natural_gas_bill..usd,out.bills.wa_natural_gas.usd,usd, 1,,,,,,,Annual total charges for natural_gas if calculated using WA utility rates.
Output,no,no,float,no,report_utility_bills.wa_propane_energy_usd,$,out.utility_bills.wa_propane_energy..usd,out.bills.wa_energy_propane.usd,usd, 1,,,,,,,Annual energy charges for propane if calculated using WA utility rates.
Output,no,no,float,no,report_utility_bills.wa_propane_fixed_usd,$,out.utility_bills.wa_propane_fixed..usd,out.bills.wa_fixed_propane.usd,usd, 1,,,,,,,Annual fixed charges for propane if calculated using WA utility rates.
Output,yes,yes,float,no,report_utility_bills.wa_propane_total_usd,$,out.utility_bills.wa_propane_bill..usd,out.bills.wa_propane.usd,usd, 1,,,,,,,Annual total charges for propane if calculated using WA utility rates.
Output,yes,yes,float,no,report_utility_bills.wa_total_usd,$,out.utility_bills.wa_total_bill..usd,out.bills.wa_all_fuels.usd,usd, 1,,,,,,,Annual total charges for all fuels if calculated using WA utility rates.
Output,no,no,float,no,report_utility_bills.wa_wood_cord_energy_usd,$,out.utility_bills.wa_wood_cord_energy..usd,out.bills.wa_energy_wood_cord.usd,usd, 1,,,,,,,Annual energy charges for wood_cord if calculated using WA utility rates.
Output,no,no,float,no,report_utility_bills.wa_wood_cord_fixed_usd,$,out.utility_bills.wa_wood_cord_fixed..usd,out.bills.wa_fixed_wood_cord.usd,usd, 1,,,,,,,Annual fixed charges for wood_cord if calculated using WA utility rates.
Output,no,no,float,no,report_utility_bills.wa_wood_cord_total_usd,$,out.utility_bills.wa_wood_cord_bill..usd,out.bills.wa_wood_cord.usd,usd, 1,,,,,,,Annual total charges for wood_cord if calculated using WA utility rates.
Output,no,no,float,no,report_utility_bills.wa_wood_pellets_energy_usd,$,out.utility_bills.wa_wood_pellets_energy..usd,out.bills.wa_energy_wood_pellets.usd,usd, 1,,,,,,,Annual energy charges for wood_pellets if calculated using WA utility rates.
Output,no,no,float,no,report_utility_bills.wa_wood_pellets_fixed_usd,$,out.utility_bills.wa_wood_pellets_fixed..usd,out.bills.wa_fixed_wood_pellets.usd,usd, 1,,,,,,,Annual fixed charges for wood_pellets if calculated using WA utility rates.
Output,no,no,float,no,report_utility_bills.wa_wood_pellets_total_usd,$,out.utility_bills.wa_wood_pellets_bill..usd,out.bills.wa_wood_pellets.usd,usd, 1,,,,,,,Annual total charges for wood_pellets if calculated using WA utility rates.
Output,no,no,float,no,report_utility_bills.wi_coal_energy_usd,$,out.utility_bills.wi_coal_energy..usd,out.bills.wi_energy_coal.usd,usd, 1,,,,,,,Annual energy charges for coal if calculated using WI utility rates.
Output,no,no,float,no,report_utility_bills.wi_coal_fixed_usd,$,out.utility_bills.wi_coal_fixed..usd,out.bills.wi_fixed_coal.usd,usd, 1,,,,,,,Annual fixed charges for coal if calculated using WI utility rates.
Output,no,no,float,no,report_utility_bills.wi_coal_total_usd,$,out.utility_bills.wi_coal_bill..usd,out.bills.wi_coal.usd,usd, 1,,,,,,,Annual total charges for coal if calculated using WI utility rates.
Output,no,no,float,no,report_utility_bills.wi_electricity_energy_usd,$,out.utility_bills.wi_electricity_energy..usd,out.bills.wi_energy_electricity.usd,usd, 1,,,,,,,Annual energy charges for electricity if calculated using WI utility rates.
Output,no,no,float,no,report_utility_bills.wi_electricity_fixed_usd,$,out.utility_bills.wi_electricity_fixed..usd,out.bills.wi_fixed_electricity.usd,usd, 1,,,,,,,Annual fixed charges for electricity if calculated using WI utility rates.
Output,no,no,float,no,report_utility_bills.wi_electricity_pv_credit_usd,$,out.utility_bills.wi_electricity_pv_credit..usd,out.bills.wi_pv_credit_electricity.usd,usd, 1,,,,,,,Annual PV generation credit for electricity if calculated using WI utility rates.
Output,yes,yes,float,no,report_utility_bills.wi_electricity_total_usd,$,out.utility_bills.wi_electricity_bill..usd,out.bills.wi_electricity.usd,usd, 1,,,,,,,Annual total charges for electricity if calculated using WI utility rates.
Output,no,no,float,no,report_utility_bills.wi_fuel_oil_energy_usd,$,out.utility_bills.wi_fuel_oil_energy..usd,out.bills.wi_energy_fuel_oil.usd,usd, 1,,,,,,,Annual energy charges for fuel_oil if calculated using WI utility rates.
Output,no,no,float,no,report_utility_bills.wi_fuel_oil_fixed_usd,$,out.utility_bills.wi_fuel_oil_fixed..usd,out.bills.wi_fixed_fuel_oil.usd,usd, 1,,,,,,,Annual fixed charges for fuel_oil if calculated using WI utility rates.
Output,yes,yes,float,no,report_utility_bills.wi_fuel_oil_total_usd,$,out.utility_bills.wi_fuel_oil_bill..usd,out.bills.wi_fuel_oil.usd,usd, 1,,,,,,,Annual total charges for fuel_oil if calculated using WI utility rates.
Output,no,no,float,no,report_utility_bills.wi_natural_gas_energy_usd,$,out.utility_bills.wi_natural_gas_energy..usd,out.bills.wi_energy_natural_gas.usd,usd, 1,,,,,,,Annual energy charges for natural_gas if calculated using WI utility rates.
Output,no,no,float,no,report_utility_bills.wi_natural_gas_fixed_usd,$,out.utility_bills.wi_natural_gas_fixed..usd,out.bills.wi_fixed_natural_gas.usd,usd, 1,,,,,,,Annual fixed charges for natural_gas if calculated using WI utility rates.
Output,yes,yes,float,no,report_utility_bills.wi_natural_gas_total_usd,$,out.utility_bills.wi_natural_gas_bill..usd,out.bills.wi_natural_gas.usd,usd, 1,,,,,,,Annual total charges for natural_gas if calculated using WI utility rates.
Output,no,no,float,no,report_utility_bills.wi_propane_energy_usd,$,out.utility_bills.wi_propane_energy..usd,out.bills.wi_energy_propane.usd,usd, 1,,,,,,,Annual energy charges for propane if calculated using WI utility rates.
Output,no,no,float,no,report_utility_bills.wi_propane_fixed_usd,$,out.utility_bills.wi_propane_fixed..usd,out.bills.wi_fixed_propane.usd,usd, 1,,,,,,,Annual fixed charges for propane if calculated using WI utility rates.
Output,yes,yes,float,no,report_utility_bills.wi_propane_total_usd,$,out.utility_bills.wi_propane_bill..usd,out.bills.wi_propane.usd,usd, 1,,,,,,,Annual total charges for propane if calculated using WI utility rates.
Output,yes,yes,float,no,report_utility_bills.wi_total_usd,$,out.utility_bills.wi_total_bill..usd,out.bills.wi_all_fuels.usd,usd, 1,,,,,,,Annual total charges for all fuels if calculated using WI utility rates.
Output,no,no,float,no,report_utility_bills.wi_wood_cord_energy_usd,$,out.utility_bills.wi_wood_cord_energy..usd,out.bills.wi_energy_wood_cord.usd,usd, 1,,,,,,,Annual energy charges for wood_cord if calculated using WI utility rates.
Output,no,no,float,no,report_utility_bills.wi_wood_cord_fixed_usd,$,out.utility_bills.wi_wood_cord_fixed..usd,out.bills.wi_fixed_wood_cord.usd,usd, 1,,,,,,,Annual fixed charges for wood_cord if calculated using WI utility rates.
Output,no,no,float,no,report_utility_bills.wi_wood_cord_total_usd,$,out.utility_bills.wi_wood_cord_bill..usd,out.bills.wi_wood_cord.usd,usd, 1,,,,,,,Annual total charges for wood_cord if calculated using WI utility rates.
Output,no,no,float,no,report_utility_bills.wi_wood_pellets_energy_usd,$,out.utility_bills.wi_wood_pellets_energy..usd,out.bills.wi_energy_wood_pellets.usd,usd, 1,,,,,,,Annual energy charges for wood_pellets if calculated using WI utility rates.
Output,no,no,float,no,report_utility_bills.wi_wood_pellets_fixed_usd,$,out.utility_bills.wi_wood_pellets_fixed..usd,out.bills.wi_fixed_wood_pellets.usd,usd, 1,,,,,,,Annual fixed charges for wood_pellets if calculated using WI utility rates.
Output,no,no,float,no,report_utility_bills.wi_wood_pellets_total_usd,$,out.utility_bills.wi_wood_pellets_bill..usd,out.bills.wi_wood_pellets.usd,usd, 1,,,,,,,Annual total charges for wood_pellets if calculated using WI utility rates.
Output,no,no,float,no,report_utility_bills.wv_coal_energy_usd,$,out.utility_bills.wv_coal_energy..usd,out.bills.wv_energy_coal.usd,usd, 1,,,,,,,Annual energy charges for coal if calculated using WV utility rates.
Output,no,no,float,no,report_utility_bills.wv_coal_fixed_usd,$,out.utility_bills.wv_coal_fixed..usd,out.bills.wv_fixed_coal.usd,usd, 1,,,,,,,Annual fixed charges for coal if calculated using WV utility rates.
Output,no,no,float,no,report_utility_bills.wv_coal_total_usd,$,out.utility_bills.wv_coal_bill..usd,out.bills.wv_coal.usd,usd, 1,,,,,,,Annual total charges for coal if calculated using WV utility rates.
Output,no,no,float,no,report_utility_bills.wv_electricity_energy_usd,$,out.utility_bills.wv_electricity_energy..usd,out.bills.wv_energy_electricity.usd,usd, 1,,,,,,,Annual energy charges for electricity if calculated using WV utility rates.
Output,no,no,float,no,report_utility_bills.wv_electricity_fixed_usd,$,out.utility_bills.wv_electricity_fixed..usd,out.bills.wv_fixed_electricity.usd,usd, 1,,,,,,,Annual fixed charges for electricity if calculated using WV utility rates.
Output,no,no,float,no,report_utility_bills.wv_electricity_pv_credit_usd,$,out.utility_bills.wv_electricity_pv_credit..usd,out.bills.wv_pv_credit_electricity.usd,usd, 1,,,,,,,Annual PV generation credit for electricity if calculated using WV utility rates.
Output,yes,yes,float,no,report_utility_bills.wv_electricity_total_usd,$,out.utility_bills.wv_electricity_bill..usd,out.bills.wv_electricity.usd,usd, 1,,,,,,,Annual total charges for electricity if calculated using WV utility rates.
Output,no,no,float,no,report_utility_bills.wv_fuel_oil_energy_usd,$,out.utility_bills.wv_fuel_oil_energy..usd,out.bills.wv_energy_fuel_oil.usd,usd, 1,,,,,,,Annual energy charges for fuel_oil if calculated using WV utility rates.
Output,no,no,float,no,report_utility_bills.wv_fuel_oil_fixed_usd,$,out.utility_bills.wv_fuel_oil_fixed..usd,out.bills.wv_fixed_fuel_oil.usd,usd, 1,,,,,,,Annual fixed charges for fuel_oil if calculated using WV utility rates.
Output,yes,yes,float,no,report_utility_bills.wv_fuel_oil_total_usd,$,out.utility_bills.wv_fuel_oil_bill..usd,out.bills.wv_fuel_oil.usd,usd, 1,,,,,,,Annual total charges for fuel_oil if calculated using WV utility rates.
Output,no,no,float,no,report_utility_bills.wv_natural_gas_energy_usd,$,out.utility_bills.wv_natural_gas_energy..usd,out.bills.wv_energy_natural_gas.usd,usd, 1,,,,,,,Annual energy charges for natural_gas if calculated using WV utility rates.
Output,no,no,float,no,report_utility_bills.wv_natural_gas_fixed_usd,$,out.utility_bills.wv_natural_gas_fixed..usd,out.bills.wv_fixed_natural_gas.usd,usd, 1,,,,,,,Annual fixed charges for natural_gas if calculated using WV utility rates.
Output,yes,yes,float,no,report_utility_bills.wv_natural_gas_total_usd,$,out.utility_bills.wv_natural_gas_bill..usd,out.bills.wv_natural_gas.usd,usd, 1,,,,,,,Annual total charges for natural_gas if calculated using WV utility rates.
Output,no,no,float,no,report_utility_bills.wv_propane_energy_usd,$,out.utility_bills.wv_propane_energy..usd,out.bills.wv_energy_propane.usd,usd, 1,,,,,,,Annual energy charges for propane if calculated using WV utility rates.
Output,no,no,float,no,report_utility_bills.wv_propane_fixed_usd,$,out.utility_bills.wv_propane_fixed..usd,out.bills.wv_fixed_propane.usd,usd, 1,,,,,,,Annual fixed charges for propane if calculated using WV utility rates.
Output,yes,yes,float,no,report_utility_bills.wv_propane_total_usd,$,out.utility_bills.wv_propane_bill..usd,out.bills.wv_propane.usd,usd, 1,,,,,,,Annual total charges for propane if calculated using WV utility rates.
Output,yes,yes,float,no,report_utility_bills.wv_total_usd,$,out.utility_bills.wv_total_bill..usd,out.bills.wv_all_fuels.usd,usd, 1,,,,,,,Annual total charges for all fuels if calculated using WV utility rates.
Output,no,no,float,no,report_utility_bills.wv_wood_cord_energy_usd,$,out.utility_bills.wv_wood_cord_energy..usd,out.bills.wv_energy_wood_cord.usd,usd, 1,,,,,,,Annual energy charges for wood_cord if calculated using WV utility rates.
Output,no,no,float,no,report_utility_bills.wv_wood_cord_fixed_usd,$,out.utility_bills.wv_wood_cord_fixed..usd,out.bills.wv_fixed_wood_cord.usd,usd, 1,,,,,,,Annual fixed charges for wood_cord if calculated using WV utility rates.
Output,no,no,float,no,report_utility_bills.wv_wood_cord_total_usd,$,out.utility_bills.wv_wood_cord_bill..usd,out.bills.wv_wood_cord.usd,usd, 1,,,,,,,Annual total charges for wood_cord if calculated using WV utility rates.
Output,no,no,float,no,report_utility_bills.wv_wood_pellets_energy_usd,$,out.utility_bills.wv_wood_pellets_energy..usd,out.bills.wv_energy_wood_pellets.usd,usd, 1,,,,,,,Annual energy charges for wood_pellets if calculated using WV utility rates.
Output,no,no,float,no,report_utility_bills.wv_wood_pellets_fixed_usd,$,out.utility_bills.wv_wood_pellets_fixed..usd,out.bills.wv_fixed_wood_pellets.usd,usd, 1,,,,,,,Annual fixed charges for wood_pellets if calculated using WV utility rates.
Output,no,no,float,no,report_utility_bills.wv_wood_pellets_total_usd,$,out.utility_bills.wv_wood_pellets_bill..usd,out.bills.wv_wood_pellets.usd,usd, 1,,,,,,,Annual total charges for wood_pellets if calculated using WV utility rates.
Output,no,no,float,no,report_utility_bills.wy_coal_energy_usd,$,out.utility_bills.wy_coal_energy..usd,out.bills.wy_energy_coal.usd,usd, 1,,,,,,,Annual energy charges for coal if calculated using WY utility rates.
Output,no,no,float,no,report_utility_bills.wy_coal_fixed_usd,$,out.utility_bills.wy_coal_fixed..usd,out.bills.wy_fixed_coal.usd,usd, 1,,,,,,,Annual fixed charges for coal if calculated using WY utility rates.
Output,no,no,float,no,report_utility_bills.wy_coal_total_usd,$,out.utility_bills.wy_coal_bill..usd,out.bills.wy_coal.usd,usd, 1,,,,,,,Annual total charges for coal if calculated using WY utility rates.
Output,no,no,float,no,report_utility_bills.wy_electricity_energy_usd,$,out.utility_bills.wy_electricity_energy..usd,out.bills.wy_energy_electricity.usd,usd, 1,,,,,,,Annual energy charges for electricity if calculated using WY utility rates.
Output,no,no,float,no,report_utility_bills.wy_electricity_fixed_usd,$,out.utility_bills.wy_electricity_fixed..usd,out.bills.wy_fixed_electricity.usd,usd, 1,,,,,,,Annual fixed charges for electricity if calculated using WY utility rates.
Output,no,no,float,no,report_utility_bills.wy_electricity_pv_credit_usd,$,out.utility_bills.wy_electricity_pv_credit..usd,out.bills.wy_pv_credit_electricity.usd,usd, 1,,,,,,,Annual PV generation credit for electricity if calculated using WY utility rates.
Output,yes,yes,float,no,report_utility_bills.wy_electricity_total_usd,$,out.utility_bills.wy_electricity_bill..usd,out.bills.wy_electricity.usd,usd, 1,,,,,,,Annual total charges for electricity if calculated using WY utility rates.
Output,no,no,float,no,report_utility_bills.wy_fuel_oil_energy_usd,$,out.utility_bills.wy_fuel_oil_energy..usd,out.bills.wy_energy_fuel_oil.usd,usd, 1,,,,,,,Annual energy charges for fuel_oil if calculated using WY utility rates.
Output,no,no,float,no,report_utility_bills.wy_fuel_oil_fixed_usd,$,out.utility_bills.wy_fuel_oil_fixed..usd,out.bills.wy_fixed_fuel_oil.usd,usd, 1,,,,,,,Annual fixed charges for fuel_oil if calculated using WY utility rates.
Output,yes,yes,float,no,report_utility_bills.wy_fuel_oil_total_usd,$,out.utility_bills.wy_fuel_oil_bill..usd,out.bills.wy_fuel_oil.usd,usd, 1,,,,,,,Annual total charges for fuel_oil if calculated using WY utility rates.
Output,no,no,float,no,report_utility_bills.wy_natural_gas_energy_usd,$,out.utility_bills.wy_natural_gas_energy..usd,out.bills.wy_energy_natural_gas.usd,usd, 1,,,,,,,Annual energy charges for natural_gas if calculated using WY utility rates.
Output,no,no,float,no,report_utility_bills.wy_natural_gas_fixed_usd,$,out.utility_bills.wy_natural_gas_fixed..usd,out.bills.wy_fixed_natural_gas.usd,usd, 1,,,,,,,Annual fixed charges for natural_gas if calculated using WY utility rates.
Output,yes,yes,float,no,report_utility_bills.wy_natural_gas_total_usd,$,out.utility_bills.wy_natural_gas_bill..usd,out.bills.wy_natural_gas.usd,usd, 1,,,,,,,Annual total charges for natural_gas if calculated using WY utility rates.
Output,no,no,float,no,report_utility_bills.wy_propane_energy_usd,$,out.utility_bills.wy_propane_energy..usd,out.bills.wy_energy_propane.usd,usd, 1,,,,,,,Annual energy charges for propane if calculated using WY utility rates.
Output,no,no,float,no,report_utility_bills.wy_propane_fixed_usd,$,out.utility_bills.wy_propane_fixed..usd,out.bills.wy_fixed_propane.usd,usd, 1,,,,,,,Annual fixed charges for propane if calculated using WY utility rates.
Output,yes,yes,float,no,report_utility_bills.wy_propane_total_usd,$,out.utility_bills.wy_propane_bill..usd,out.bills.wy_propane.usd,usd, 1,,,,,,,Annual total charges for propane if calculated using WY utility rates.
Output,yes,yes,float,no,report_utility_bills.wy_total_usd,$,out.utility_bills.wy_total_bill..usd,out.bills.wy_all_fuels.usd,usd, 1,,,,,,,Annual total charges for all fuels if calculated using WY utility rates.
Output,no,no,float,no,report_utility_bills.wy_wood_cord_energy_usd,$,out.utility_bills.wy_wood_cord_energy..usd,out.bills.wy_energy_wood_cord.usd,usd, 1,,,,,,,Annual energy charges for wood_cord if calculated using WY utility rates.
Output,no,no,float,no,report_utility_bills.wy_wood_cord_fixed_usd,$,out.utility_bills.wy_wood_cord_fixed..usd,out.bills.wy_fixed_wood_cord.usd,usd, 1,,,,,,,Annual fixed charges for wood_cord if calculated using WY utility rates.
Output,no,no,float,no,report_utility_bills.wy_wood_cord_total_usd,$,out.utility_bills.wy_wood_cord_bill..usd,out.bills.wy_wood_cord.usd,usd, 1,,,,,,,Annual total charges for wood_cord if calculated using WY utility rates.
Output,no,no,float,no,report_utility_bills.wy_wood_pellets_energy_usd,$,out.utility_bills.wy_wood_pellets_energy..usd,out.bills.wy_energy_wood_pellets.usd,usd, 1,,,,,,,Annual energy charges for wood_pellets if calculated using WY utility rates.
Output,no,no,float,no,report_utility_bills.wy_wood_pellets_fixed_usd,$,out.utility_bills.wy_wood_pellets_fixed..usd,out.bills.wy_fixed_wood_pellets.usd,usd, 1,,,,,,,Annual fixed charges for wood_pellets if calculated using WY utility rates.
Output,no,no,float,no,report_utility_bills.wy_wood_pellets_total_usd,$,out.utility_bills.wy_wood_pellets_bill..usd,out.bills.wy_wood_pellets.usd,usd, 1,,,,,,,Annual total charges for wood_pellets if calculated using WY utility rates.
Output,no,no,boolean,no,report_utility_bills.applicable,,,,,,,,,,,,
Output,no,no,boolean,no,report_utility_bills.include_annual_bills,,,,,,,,,,,,
Output,no,no,boolean,no,report_utility_bills.include_monthly_bills,,,,,,,,,,,,
Output,no,no,string,no,report_utility_bills.monthly_timestamp_convention,,,,,,,,,,,,
Output,no,no,string,no,report_utility_bills.output_format,,,,,,,,,,,,
Output,no,no,boolean,no,report_utility_bills.register_annual_bills,,,,,,,,,,,,
Output,no,no,boolean,no,report_utility_bills.register_monthly_bills,,,,,,,,,,,,
Output,yes,yes,float,no,report_simulation_output.electric_panel_load_2023_existing_dwelling_load_based_total_load_w,W,out.params.panel_load_total_load.2023_nec_existing_dwelling_load_based..w,out.panel.load.total_load.2023_nec_existing_dwelling_load_based.w,w,1,,,,,,,Total electric load calculated using load-based method for existing dwelings per 2023 National Electrical Code
Output,yes,yes,integer,no,report_simulation_output.electric_panel_load_2023_existing_dwelling_load_based_total_capacity_a,amp,out.params.panel_load_occupied_capacity.2023_nec_existing_dwelling_load_based..a,out.panel.load.occupied_capacity.2023_nec_existing_dwelling_load_based.a,amp,1,,,,,,,"Electric panel total occupied capacity, = out.panel.load.total_load.2023_nec_existing_dwelling_load_based.w  / 240"
Output,yes,yes,integer,no,report_simulation_output.electric_panel_load_2023_existing_dwelling_load_based_headroom_capacity_a,amp,out.params.panel_load_headroom_capacity.2023_nec_existing_dwelling_load_based..a,out.panel.load.headroom_capacity.2023_nec_existing_dwelling_load_based.a,amp,1,,,,,,,"Electric panel total headroom capacity, = in.electric_panel_service_rating - out.panel.load.occupied_capacity.2023_nec_existing_dwelling_load_based.a"
Output,yes,yes,float,no,report_simulation_output.electric_panel_load_clothes_dryer_w,W,out.params.panel_load_clothes_dryer..w,out.panel.load.clothes_dryer.w,w,1,,,,,,,"Electric load of clothes dryer, for electric only"
Output,yes,yes,float,no,report_simulation_output.electric_panel_load_cooling_w,W,out.params.panel_load_cooling..w,out.panel.load.cooling.w,w,1,,,,,,,"Electric load of space cooling. For the total load calculation, the max of heating or cooling is used, not both"
Output,yes,yes,float,no,report_simulation_output.electric_panel_load_dishwasher_w,W,out.params.panel_load_dishwasher..w,out.panel.load.dishwasher.w,w,1,,,,,,,Electric load of dishwasher
Output,yes,yes,float,no,report_simulation_output.electric_panel_load_electric_vehicle_charging_w,W,out.params.panel_load_ev_charging..w,out.panel.load.ev_charging.w,w,1,,,,,,,Electric load of electric vehicle charging equipment
Output,yes,yes,float,no,report_simulation_output.electric_panel_load_heating_w,W,out.params.panel_load_heating..w,out.panel.load.heating.w,w,1,,,,,,,"Electric load of space heating. For the total load calculation, the max of heating or cooling is used, not both"
Output,yes,yes,float,no,report_simulation_output.electric_panel_load_hot_water_w,W,out.params.panel_load_hot_water..w,out.panel.load.hot_water.w,w,1,,,,,,,"Electric load of water heater, for electric only"
Output,yes,yes,float,no,report_simulation_output.electric_panel_load_mech_vent_w,W,out.params.panel_load_mech_vent..w,out.panel.load.mech_vent.w,w,1,,,,,,,Electric load of mechanical ventilation
Output,yes,yes,float,no,report_simulation_output.electric_panel_load_other_w,W,out.params.panel_load_other..w,out.panel.load.other.w,w,1,,,,,,,"Other electric load, including but not limited to lighting/general receptacles at 3 W/sqft, refrigerator, microwave, and garbage disposal."
Output,yes,yes,float,no,report_simulation_output.electric_panel_load_permanent_spa_heater_w,W,out.params.panel_load_permanent_spa_heat..w,out.panel.load.permanent_spa_heat.w,w,1,,,,,,,"Electric load of permanent spa heater, for electric only"
Output,yes,yes,float,no,report_simulation_output.electric_panel_load_permanent_spa_pump_w,W,out.params.panel_load_permanent_spa_pump..w,out.panel.load.permanent_spa_pump.w,w,1,,,,,,,Electric load of permanent spa pump
Output,yes,yes,float,no,report_simulation_output.electric_panel_load_pool_heater_w,W,out.params.panel_load_pool_heater..w,out.panel.load.pool_heater.w,w,1,,,,,,,"Electric load of pool heater, for electric only"
Output,yes,yes,float,no,report_simulation_output.electric_panel_load_pool_pump_w,W,out.params.panel_load_pool_pump..w,out.panel.load.pool_pump.w,w,1,,,,,,,Electric load of pool pump
Output,yes,yes,float,no,report_simulation_output.electric_panel_load_range_oven_w,W,out.params.panel_load_range_oven..w,out.panel.load.range_oven.w,w,1,,,,,,,"Electric load of range oven, for electric only"
Output,yes,yes,float,no,report_simulation_output.electric_panel_load_well_pump_w,W,out.params.panel_load_well_pump..w,out.panel.load.well_pump.w,w,1,,,,,,,Electric load of well pump
Input,yes,yes,integer,no,report_simulation_output.electric_panel_breaker_spaces_total_count,,in.electric_panel_breaker_space_total_count,in.electric_panel_breaker_space_total_count,count,1,,,,,,,Total breaker spaces on electric panel
Output,yes,yes,integer,no,report_simulation_output.electric_panel_breaker_spaces_occupied_count,,out.params.panel_breaker_space_occupied_count,out.panel.breaker_space.occupied.count,count,1,,,,,,,Total occupied breaker spaces on electric panel
Output,yes,yes,integer,no,report_simulation_output.electric_panel_breaker_spaces_headroom_count,,out.params.panel_breaker_space_headroom_count,out.panel.breaker_space.headroom.count,count,1,,,,,,,"Total headroom breaker spaces on electric panel, = in.electric_panel_breaker_space_total_count - out.panel.breaker_space.occupied.count"
Output,yes,yes,integer,no,report_simulation_output.electric_panel_breaker_spaces_clothes_dryer_count,,out.params.panel_breaker_space_clothes_dryer_count,out.panel.breaker_space.clothes_dryer.count,count,1,,,,,,,Breaker spaces occupied by clothes dryer
Output,yes,yes,integer,no,report_simulation_output.electric_panel_breaker_spaces_cooling_count,,out.params.panel_breaker_space_cooling_count,out.panel.breaker_space.cooling.count,count,1,,,,,,,Breaker spaces occupied by space cooling
Output,yes,yes,integer,no,report_simulation_output.electric_panel_breaker_spaces_dishwasher_count,,out.params.panel_breaker_space_dishwasher_count,out.panel.breaker_space.dishwasher.count,count,1,,,,,,,Breaker spaces occupied by dishwasher
Output,yes,yes,integer,no,report_simulation_output.electric_panel_breaker_spaces_electric_vehicle_charging_count,,out.params.panel_breaker_space_ev_charging_count,out.panel.breaker_space.ev_charging.count,count,1,,,,,,,Breaker spaces occupied by electric vehicle charging equipment
Output,yes,yes,integer,no,report_simulation_output.electric_panel_breaker_spaces_heating_count,,out.params.panel_breaker_space_heating_count,out.panel.breaker_space.heating.count,count,1,,,,,,,Breaker spaces occupied by space heating
Output,yes,yes,integer,no,report_simulation_output.electric_panel_breaker_spaces_hot_water_count,,out.params.panel_breaker_space_hot_water_count,out.panel.breaker_space.hot_water.count,count,1,,,,,,,Breaker spaces occupied by water heater
Output,yes,yes,integer,no,report_simulation_output.electric_panel_breaker_spaces_mech_vent_count,,out.params.panel_breaker_space_mech_vent_count,out.panel.breaker_space.mech_vent.count,count,1,,,,,,,Breaker spaces occupied by mechanical ventilation
Output,yes,yes,integer,no,report_simulation_output.electric_panel_breaker_spaces_other_count,,out.params.panel_breaker_space_other_count,out.panel.breaker_space.other.count,count,1,,,,,,,Breaker spaces occupied by other loads
Output,yes,yes,integer,no,report_simulation_output.electric_panel_breaker_spaces_permanent_spa_heater_count,,out.params.panel_breaker_space_permanent_spa_heat_count,out.panel.breaker_space.permanent_spa_heat.count,count,1,,,,,,,Breaker spaces occupied by permanent spa heater
Output,yes,yes,integer,no,report_simulation_output.electric_panel_breaker_spaces_permanent_spa_pump_count,,out.params.panel_breaker_space_permanent_spa_pump_count,out.panel.breaker_space.permanent_spa_pump.count,count,1,,,,,,,Breaker spaces occupied by permanent spa pump
Output,yes,yes,integer,no,report_simulation_output.electric_panel_breaker_spaces_pool_heater_count,,out.params.panel_breaker_space_pool_heater_count,out.panel.breaker_space.pool_heater.count,count,1,,,,,,,Breaker spaces occupied by pool heater
Output,yes,yes,integer,no,report_simulation_output.electric_panel_breaker_spaces_pool_pump_count,,out.params.panel_breaker_space_pool_pump_count,out.panel.breaker_space.pool_pump.count,count,1,,,,,,,Breaker spaces occupied by pool pump
Output,yes,yes,integer,no,report_simulation_output.electric_panel_breaker_spaces_range_oven_count,,out.params.panel_breaker_space_range_oven_count,out.panel.breaker_space.range_oven.count,count,1,,,,,,,Breaker spaces occupied by range oven
Output,yes,yes,integer,no,report_simulation_output.electric_panel_breaker_spaces_well_pump_count,,out.params.panel_breaker_space_well_pump_count,out.panel.breaker_space.well_pump.count,count,1,,,,,,,Breaker spaces occupied by well pump
Output,yes,yes,float,no,report_simulation_output.component_load_cooling_ceilings_m_btu,MBtu,out.component_load.cooling.ceilings..kwh,out.component_load.cooling.ceilings.kwh,kwh,293.0710702,Component Load: Cooling: Ceilings,kBtu,out.component_load.cooling.ceilings,out.component_load.cooling.ceilings,kWh,0.29307107,Cooling consumed by ceilings. Positive value for charging (including efficiency losoads); negative value for discharging
Output,yes,yes,float,no,report_simulation_output.component_load_cooling_doors_m_btu,MBtu,out.component_load.cooling.doors..kwh,out.component_load.cooling.doors.kwh,kwh,293.0710702,Component Load: Cooling: Doors,kBtu,out.component_load.cooling.doors,out.component_load.cooling.doors,kWh,0.29307107,Cooling consumed by doors. Positive value for charging (including efficiency losoads); negative value for discharging
Output,yes,yes,float,no,report_simulation_output.component_load_cooling_ducts_m_btu,MBtu,out.component_load.cooling.ducts..kwh,out.component_load.cooling.ducts.kwh,kwh,293.0710702,Component Load: Cooling: Ducts,kBtu,out.component_load.cooling.ducts,out.component_load.cooling.ducts,kWh,0.29307107,Cooling consumed by ducts. Positive value for charging (including efficiency losoads); negative value for discharging
Output,yes,yes,float,no,report_simulation_output.component_load_cooling_floors_m_btu,MBtu,out.component_load.cooling.floors..kwh,out.component_load.cooling.floors.kwh,kwh,293.0710702,Component Load: Cooling: Floors,kBtu,out.component_load.cooling.floors,out.component_load.cooling.floors,kWh,0.29307107,Cooling consumed by floors. Positive value for charging (including efficiency losoads); negative value for discharging
Output,yes,yes,float,no,report_simulation_output.component_load_cooling_foundation_walls_m_btu,MBtu,out.component_load.cooling.foundation_walls..kwh,out.component_load.cooling.foundation_walls.kwh,kwh,293.0710702,Component Load: Cooling: Foundation Walls,kBtu,out.component_load.cooling.foundation_walls,out.component_load.cooling.foundation_walls,kWh,0.29307107,Cooling consumed by walls. Positive value for charging (including efficiency losoads); negative value for discharging
Output,yes,yes,float,no,report_simulation_output.component_load_cooling_infiltration_m_btu,MBtu,out.component_load.cooling.infiltration..kwh,out.component_load.cooling.infiltration.kwh,kwh,293.0710702,Component Load: Cooling: Infiltration,kBtu,out.component_load.cooling.infiltration,out.component_load.cooling.infiltration,kWh,0.29307107,Cooling consumed by infiltration. Positive value for charging (including efficiency losoads); negative value for discharging
Output,yes,yes,float,no,report_simulation_output.component_load_cooling_internal_gains_m_btu,MBtu,out.component_load.cooling.internal_gains..kwh,out.component_load.cooling.internal_gains.kwh,kwh,293.0710702,Component Load: Cooling: Internal Gains,kBtu,out.component_load.cooling.internal_gains,out.component_load.cooling.internal_gains,kWh,0.29307107,Cooling consumed by gains. Positive value for charging (including efficiency losoads); negative value for discharging
Output,yes,yes,float,no,report_simulation_output.component_load_cooling_internal_mass_m_btu,MBtu,out.component_load.cooling.internal_mass..kwh,out.component_load.cooling.internal_mass.kwh,kwh,293.0710702,Component Load: Cooling: Internal Mass,kBtu,out.component_load.cooling.internal_mass,out.component_load.cooling.internal_mass,kWh,0.29307107,Cooling consumed by mass. Positive value for charging (including efficiency losoads); negative value for discharging
Output,yes,yes,float,no,report_simulation_output.component_load_cooling_lighting_m_btu,MBtu,out.component_load.cooling.lighting..kwh,out.component_load.cooling.lighting.kwh,kwh,293.0710702,Component Load: Cooling: Lighting,kBtu,out.component_load.cooling.lighting,out.component_load.cooling.lighting,kWh,0.29307107,Cooling consumed by lighting. Positive value for charging (including efficiency losoads); negative value for discharging
Output,yes,yes,float,no,report_simulation_output.component_load_cooling_mechanical_ventilation_m_btu,MBtu,out.component_load.cooling.mechanical_ventilation..kwh,out.component_load.cooling.mechanical_ventilation.kwh,kwh,293.0710702,Component Load: Cooling: Mechanical Ventilation,kBtu,out.component_load.cooling.mechanical_ventilation,out.component_load.cooling.mechanical_ventilation,kWh,0.29307107,Cooling consumed by ventilation. Positive value for charging (including efficiency losoads); negative value for discharging
Output,yes,yes,float,no,report_simulation_output.component_load_cooling_natural_ventilation_m_btu,MBtu,out.component_load.cooling.natural_ventilation..kwh,out.component_load.cooling.natural_ventilation.kwh,kwh,293.0710702,Component Load: Cooling: Natural Ventilation,kBtu,out.component_load.cooling.natural_ventilation,out.component_load.cooling.natural_ventilation,kWh,0.29307107,Cooling consumed by ventilation. Positive value for charging (including efficiency losoads); negative value for discharging
Output,yes,yes,float,no,report_simulation_output.component_load_cooling_rim_joists_m_btu,MBtu,out.component_load.cooling.rim_joists..kwh,out.component_load.cooling.rim_joists.kwh,kwh,293.0710702,Component Load: Cooling: Rim Joists,kBtu,out.component_load.cooling.rim_joists,out.component_load.cooling.rim_joists,kWh,0.29307107,Cooling consumed by joists. Positive value for charging (including efficiency losoads); negative value for discharging
Output,yes,yes,float,no,report_simulation_output.component_load_cooling_roofs_m_btu,MBtu,out.component_load.cooling.roofs..kwh,out.component_load.cooling.roofs.kwh,kwh,293.0710702,Component Load: Cooling: Roofs,kBtu,out.component_load.cooling.roofs,out.component_load.cooling.roofs,kWh,0.29307107,Cooling consumed by roofs. Positive value for charging (including efficiency losoads); negative value for discharging
Output,yes,yes,float,no,report_simulation_output.component_load_cooling_skylights_conduction_m_btu,MBtu,out.component_load.cooling.skylights_conduction..kwh,out.component_load.cooling.skylights_conduction.kwh,kwh,293.0710702,Component Load: Cooling: Skylights Conduction,kBtu,out.component_load.cooling.skylights_conduction,out.component_load.cooling.skylights_conduction,kWh,0.29307107,Cooling consumed by conduction. Positive value for charging (including efficiency losoads); negative value for discharging
Output,yes,yes,float,no,report_simulation_output.component_load_cooling_skylights_solar_m_btu,MBtu,out.component_load.cooling.skylights_solar..kwh,out.component_load.cooling.skylights_solar.kwh,kwh,293.0710702,Component Load: Cooling: Skylights Solar,kBtu,out.component_load.cooling.skylights_solar,out.component_load.cooling.skylights_solar,kWh,0.29307107,Cooling consumed by solar. Positive value for charging (including efficiency losoads); negative value for discharging
Output,yes,yes,float,no,report_simulation_output.component_load_cooling_slabs_m_btu,MBtu,out.component_load.cooling.slabs..kwh,out.component_load.cooling.slabs.kwh,kwh,293.0710702,Component Load: Cooling: Slabs,kBtu,out.component_load.cooling.slabs,out.component_load.cooling.slabs,kWh,0.29307107,Cooling consumed by slabs. Positive value for charging (including efficiency losoads); negative value for discharging
Output,yes,yes,float,no,report_simulation_output.component_load_cooling_walls_m_btu,MBtu,out.component_load.cooling.walls..kwh,out.component_load.cooling.walls.kwh,kwh,293.0710702,Component Load: Cooling: Walls,kBtu,out.component_load.cooling.walls,out.component_load.cooling.walls,kWh,0.29307107,Cooling consumed by walls. Positive value for charging (including efficiency losoads); negative value for discharging
Output,yes,yes,float,no,report_simulation_output.component_load_cooling_whole_house_fan_m_btu,MBtu,out.component_load.cooling.whole_house_fan..kwh,out.component_load.cooling.whole_house_fan.kwh,kwh,293.0710702,Component Load: Cooling: Whole House Fan,kBtu,out.component_load.cooling.whole_house_fan,out.component_load.cooling.whole_house_fan,kWh,0.29307107,Cooling consumed by supply hou (air distribution) or circulating fan_ (geothermal loop)
Output,yes,yes,float,no,report_simulation_output.component_load_cooling_windows_conduction_m_btu,MBtu,out.component_load.cooling.windows_conduction..kwh,out.component_load.cooling.windows_conduction.kwh,kwh,293.0710702,Component Load: Cooling: Windows Conduction,kBtu,out.component_load.cooling.windows_conduction,out.component_load.cooling.windows_conduction,kWh,0.29307107,Cooling consumed by conduction. Positive value for charging (including efficiency losoads); negative value for discharging
Output,yes,yes,float,no,report_simulation_output.component_load_cooling_windows_solar_m_btu,MBtu,out.component_load.cooling.windows_solar..kwh,out.component_load.cooling.windows_solar.kwh,kwh,293.0710702,Component Load: Cooling: Windows Solar,kBtu,out.component_load.cooling.windows_solar,out.component_load.cooling.windows_solar,kWh,0.29307107,Cooling consumed by solar. Positive value for charging (including efficiency losoads); negative value for discharging
Output,yes,yes,float,no,report_simulation_output.component_load_heating_ceilings_m_btu,MBtu,out.component_load.heating.ceilings..kwh,out.component_load.heating.ceilings.kwh,kwh,293.0710702,Component Load: Heating: Ceilings,kBtu,out.component_load.heating.ceilings,out.component_load.heating.ceilings,kWh,0.29307107,Heating consumed by ceilings. Positive value for charging (including efficiency losoads); negative value for discharging
Output,yes,yes,float,no,report_simulation_output.component_load_heating_doors_m_btu,MBtu,out.component_load.heating.doors..kwh,out.component_load.heating.doors.kwh,kwh,293.0710702,Component Load: Heating: Doors,kBtu,out.component_load.heating.doors,out.component_load.heating.doors,kWh,0.29307107,Heating consumed by doors. Positive value for charging (including efficiency losoads); negative value for discharging
Output,yes,yes,float,no,report_simulation_output.component_load_heating_ducts_m_btu,MBtu,out.component_load.heating.ducts..kwh,out.component_load.heating.ducts.kwh,kwh,293.0710702,Component Load: Heating: Ducts,kBtu,out.component_load.heating.ducts,out.component_load.heating.ducts,kWh,0.29307107,Heating consumed by ducts. Positive value for charging (including efficiency losoads); negative value for discharging
Output,yes,yes,float,no,report_simulation_output.component_load_heating_floors_m_btu,MBtu,out.component_load.heating.floors..kwh,out.component_load.heating.floors.kwh,kwh,293.0710702,Component Load: Heating: Floors,kBtu,out.component_load.heating.floors,out.component_load.heating.floors,kWh,0.29307107,Heating consumed by floors. Positive value for charging (including efficiency losoads); negative value for discharging
Output,yes,yes,float,no,report_simulation_output.component_load_heating_foundation_walls_m_btu,MBtu,out.component_load.heating.foundation_walls..kwh,out.component_load.heating.foundation_walls.kwh,kwh,293.0710702,Component Load: Heating: Foundation Walls,kBtu,out.component_load.heating.foundation_walls,out.component_load.heating.foundation_walls,kWh,0.29307107,Heating consumed by walls. Positive value for charging (including efficiency losoads); negative value for discharging
Output,yes,yes,float,no,report_simulation_output.component_load_heating_infiltration_m_btu,MBtu,out.component_load.heating.infiltration..kwh,out.component_load.heating.infiltration.kwh,kwh,293.0710702,Component Load: Heating: Infiltration,kBtu,out.component_load.heating.infiltration,out.component_load.heating.infiltration,kWh,0.29307107,Heating consumed by infiltration. Positive value for charging (including efficiency losoads); negative value for discharging
Output,yes,yes,float,no,report_simulation_output.component_load_heating_internal_gains_m_btu,MBtu,out.component_load.heating.internal_gains..kwh,out.component_load.heating.internal_gains.kwh,kwh,293.0710702,Component Load: Heating: Internal Gains,kBtu,out.component_load.heating.internal_gains,out.component_load.heating.internal_gains,kWh,0.29307107,Heating consumed by gains. Positive value for charging (including efficiency losoads); negative value for discharging
Output,yes,yes,float,no,report_simulation_output.component_load_heating_internal_mass_m_btu,MBtu,out.component_load.heating.internal_mass..kwh,out.component_load.heating.internal_mass.kwh,kwh,293.0710702,Component Load: Heating: Internal Mass,kBtu,out.component_load.heating.internal_mass,out.component_load.heating.internal_mass,kWh,0.29307107,Heating consumed by mass. Positive value for charging (including efficiency losoads); negative value for discharging
Output,yes,yes,float,no,report_simulation_output.component_load_heating_lighting_m_btu,MBtu,out.component_load.heating.lighting..kwh,out.component_load.heating.lighting.kwh,kwh,293.0710702,Component Load: Heating: Lighting,kBtu,out.component_load.heating.lighting,out.component_load.heating.lighting,kWh,0.29307107,Heating consumed by lighting. Positive value for charging (including efficiency losoads); negative value for discharging
Output,yes,yes,float,no,report_simulation_output.component_load_heating_mechanical_ventilation_m_btu,MBtu,out.component_load.heating.mechanical_ventilation..kwh,out.component_load.heating.mechanical_ventilation.kwh,kwh,293.0710702,Component Load: Heating: Mechanical Ventilation,kBtu,out.component_load.heating.mechanical_ventilation,out.component_load.heating.mechanical_ventilation,kWh,0.29307107,Heating consumed by ventilation. Positive value for charging (including efficiency losoads); negative value for discharging
Output,yes,yes,float,no,report_simulation_output.component_load_heating_natural_ventilation_m_btu,MBtu,out.component_load.heating.natural_ventilation..kwh,out.component_load.heating.natural_ventilation.kwh,kwh,293.0710702,Component Load: Heating: Natural Ventilation,kBtu,out.component_load.heating.natural_ventilation,out.component_load.heating.natural_ventilation,kWh,0.29307107,Heating consumed by ventilation. Positive value for charging (including efficiency losoads); negative value for discharging
Output,yes,yes,float,no,report_simulation_output.component_load_heating_rim_joists_m_btu,MBtu,out.component_load.heating.rim_joists..kwh,out.component_load.heating.rim_joists.kwh,kwh,293.0710702,Component Load: Heating: Rim Joists,kBtu,out.component_load.heating.rim_joists,out.component_load.heating.rim_joists,kWh,0.29307107,Heating consumed by joists. Positive value for charging (including efficiency losoads); negative value for discharging
Output,yes,yes,float,no,report_simulation_output.component_load_heating_roofs_m_btu,MBtu,out.component_load.heating.roofs..kwh,out.component_load.heating.roofs.kwh,kwh,293.0710702,Component Load: Heating: Roofs,kBtu,out.component_load.heating.roofs,out.component_load.heating.roofs,kWh,0.29307107,Heating consumed by roofs. Positive value for charging (including efficiency losoads); negative value for discharging
Output,yes,yes,float,no,report_simulation_output.component_load_heating_skylights_conduction_m_btu,MBtu,out.component_load.heating.skylights_conduction..kwh,out.component_load.heating.skylights_conduction.kwh,kwh,293.0710702,Component Load: Heating: Skylights Conduction,kBtu,out.component_load.heating.skylights_conduction,out.component_load.heating.skylights_conduction,kWh,0.29307107,Heating consumed by conduction. Positive value for charging (including efficiency losoads); negative value for discharging
Output,yes,yes,float,no,report_simulation_output.component_load_heating_skylights_solar_m_btu,MBtu,out.component_load.heating.skylights_solar..kwh,out.component_load.heating.skylights_solar.kwh,kwh,293.0710702,Component Load: Heating: Skylights Solar,kBtu,out.component_load.heating.skylights_solar,out.component_load.heating.skylights_solar,kWh,0.29307107,Heating consumed by solar. Positive value for charging (including efficiency losoads); negative value for discharging
Output,yes,yes,float,no,report_simulation_output.component_load_heating_slabs_m_btu,MBtu,out.component_load.heating.slabs..kwh,out.component_load.heating.slabs.kwh,kwh,293.0710702,Component Load: Heating: Slabs,kBtu,out.component_load.heating.slabs,out.component_load.heating.slabs,kWh,0.29307107,Heating consumed by slabs. Positive value for charging (including efficiency losoads); negative value for discharging
Output,yes,yes,float,no,report_simulation_output.component_load_heating_walls_m_btu,MBtu,out.component_load.heating.walls..kwh,out.component_load.heating.walls.kwh,kwh,293.0710702,Component Load: Heating: Walls,kBtu,out.component_load.heating.walls,out.component_load.heating.walls,kWh,0.29307107,Heating consumed by walls. Positive value for charging (including efficiency losoads); negative value for discharging
Output,yes,yes,float,no,report_simulation_output.component_load_heating_whole_house_fan_m_btu,MBtu,out.component_load.heating.whole_house_fan..kwh,out.component_load.heating.whole_house_fan.kwh,kwh,293.0710702,Component Load: Heating: Whole House Fan,kBtu,out.component_load.heating.whole_house_fan,out.component_load.heating.whole_house_fan,kWh,0.29307107,Heating consumed by supply hou (air distribution) or circulating fan_ (geothermal loop)
Output,yes,yes,float,no,report_simulation_output.component_load_heating_windows_conduction_m_btu,MBtu,out.component_load.heating.windows_conduction..kwh,out.component_load.heating.windows_conduction.kwh,kwh,293.0710702,Component Load: Heating: Windows Conduction,kBtu,out.component_load.heating.windows_conduction,out.component_load.heating.windows_conduction,kWh,0.29307107,Heating consumed by conduction. Positive value for charging (including efficiency losoads); negative value for discharging
Output,yes,yes,float,no,report_simulation_output.component_load_heating_windows_solar_m_btu,MBtu,out.component_load.heating.windows_solar..kwh,out.component_load.heating.windows_solar.kwh,kwh,293.0710702,Component Load: Heating: Windows Solar,kBtu,out.component_load.heating.windows_solar,out.component_load.heating.windows_solar,kWh,0.29307107,Heating consumed by solar. Positive value for charging (including efficiency losoads); negative value for discharging
Calculated,yes,yes,float,no,,,out.params.panel_load_total_load_savings.2023_nec_existing_dwelling_load_based..w,out.panel.load.total_load.2023_nec_existing_dwelling_load_based.w.savings,w,,,,,,,,Total amount of electrical load reduced from an energy measure per load-based method for existing dwelings per 2023 National Electrical Code
Calculated,yes,yes,integer,no,,,out.params.panel_load_occupied_capacity_savings.2023_nec_existing_dwelling_load_based..a,out.panel.load.occupied_capacity.2023_nec_existing_dwelling_load_based.a.savings,amp,,,,,,,,Total amount of occupied electrical capacity reduced from an energy measure per load-based method for existing dwelings per 2023 National Electrical Code
Calculated,yes,yes,integer,no,,,out.params.panel_breaker_space_occupied_savings_count,out.panel.breaker_space.occupied.count.savings,count,,,,,,,,Number of breaker spaces reduced from an energy measure
Calculated,yes,yes,boolean,no,,,out.params.panel_constraint_capacity.2023_nec_existing_dwelling_load_based,out.panel.constraint.capacity.2023_nec_existing_dwelling_load_based,bool,,,,,,,,"Whether electric panel is capacity-constrained per the given method, defined as when out.panel.load.headroom_capacity.2023_nec_existing_dwelling_load_based.a < 0"
Calculated,yes,yes,boolean,no,,,out.params.panel_constraint_breaker_space,out.panel.constraint.breaker_space,bool,,,,,,,,"Whether electric panel is space-constrained, defined as when out.panel.breaker_space.headroom.count < 0"
Calculated,yes,yes,string,no,,,out.params.panel_constraint_overall.2023_nec_existing_dwelling_load_based,out.panel.constraint.overall.2023_nec_existing_dwelling_load_based,categorical,,,,,,,,"Summarize overall electric panel constraint per the given method as ""No Constraint"", ""Space Constrained Only"", ""Capacity Constrained Only"", or ""Capacity and Space Constrained"""
Calculated,yes,yes,float,no,,,out.energy_burden..percentage,out.energy_burden.percentage,percentage,,,,,,,,Percentage of income spent on energy
Calculated,yes,yes,float,no,,,,out.electricity.battery.energy_consumption_intensity,kwh/sqft,,,,out.electricity.battery.energy_consumption_intensity,out.electricity.battery.energy_consumption_intensity,kwh/sqft,,Calculated from annual energy consumption by dividing by conditioned floor area
Calculated,yes,yes,float,no,,,,out.electricity.ceiling_fan.energy_consumption_intensity,kwh/sqft,,,,out.electricity.ceiling_fan.energy_consumption_intensity,out.electricity.ceiling_fan.energy_consumption_intensity,kwh/sqft,,Calculated from annual energy consumption by dividing by conditioned floor area
Calculated,yes,yes,float,no,,,,out.electricity.clothes_dryer.energy_consumption_intensity,kwh/sqft,,,,out.electricity.clothes_dryer.energy_consumption_intensity,out.electricity.clothes_dryer.energy_consumption_intensity,kwh/sqft,,Calculated from annual energy consumption by dividing by conditioned floor area
Calculated,yes,yes,float,no,,,,out.electricity.clothes_washer.energy_consumption_intensity,kwh/sqft,,,,out.electricity.clothes_washer.energy_consumption_intensity,out.electricity.clothes_washer.energy_consumption_intensity,kwh/sqft,,Calculated from annual energy consumption by dividing by conditioned floor area
Calculated,yes,yes,float,no,,,,out.electricity.cooling_fans_pumps.energy_consumption_intensity,kwh/sqft,,,,out.electricity.cooling_fans_pumps.energy_consumption_intensity,out.electricity.cooling_fans_pumps.energy_consumption_intensity,kwh/sqft,,Calculated from annual energy consumption by dividing by conditioned floor area
Calculated,yes,yes,float,no,,,,out.electricity.cooling.energy_consumption_intensity,kwh/sqft,,,,out.electricity.cooling.energy_consumption_intensity,out.electricity.cooling.energy_consumption_intensity,kwh/sqft,,Calculated from annual energy consumption by dividing by conditioned floor area
Calculated,yes,yes,float,no,,,,out.electricity.dehumidifier.energy_consumption_intensity,kwh/sqft,,,,out.electricity.dehumidifier.energy_consumption_intensity,out.electricity.dehumidifier.energy_consumption_intensity,kwh/sqft,,Calculated from annual energy consumption by dividing by conditioned floor area
Calculated,yes,yes,float,no,,,,out.electricity.dishwasher.energy_consumption_intensity,kwh/sqft,,,,out.electricity.dishwasher.energy_consumption_intensity,out.electricity.dishwasher.energy_consumption_intensity,kwh/sqft,,Calculated from annual energy consumption by dividing by conditioned floor area
Calculated,yes,yes,float,no,,,,out.electricity.ev_charging.energy_consumption_intensity,kwh/sqft,,,,out.electricity.ev_charging.energy_consumption_intensity,out.electricity.ev_charging.energy_consumption_intensity,kwh/sqft,,Calculated from annual energy consumption by dividing by conditioned floor area
Calculated,yes,yes,float,no,,,,out.electricity.freezer.energy_consumption_intensity,kwh/sqft,,,,out.electricity.freezer.energy_consumption_intensity,out.electricity.freezer.energy_consumption_intensity,kwh/sqft,,Calculated from annual energy consumption by dividing by conditioned floor area
Calculated,yes,yes,float,no,,,,out.electricity.generator.energy_consumption_intensity,kwh/sqft,,,,out.electricity.generator.energy_consumption_intensity,out.electricity.generator.energy_consumption_intensity,kwh/sqft,,Calculated from annual energy consumption by dividing by conditioned floor area
Calculated,yes,yes,float,no,,,,out.electricity.heating_fans_pumps.energy_consumption_intensity,kwh/sqft,,,,out.electricity.heating_fans_pumps.energy_consumption_intensity,out.electricity.heating_fans_pumps.energy_consumption_intensity,kwh/sqft,,Calculated from annual energy consumption by dividing by conditioned floor area
Calculated,yes,yes,float,no,,,,out.electricity.heating_hp_bkup.energy_consumption_intensity,kwh/sqft,,,,out.electricity.heating_hp_bkup.energy_consumption_intensity,out.electricity.heating_hp_bkup.energy_consumption_intensity,kwh/sqft,,Calculated from annual energy consumption by dividing by conditioned floor area
Calculated,yes,yes,float,no,,,,out.electricity.heating_hp_bkup_fa.energy_consumption_intensity,kwh/sqft,,,,out.electricity.heating_hp_bkup_fa.energy_consumption_intensity,out.electricity.heating_hp_bkup_fa.energy_consumption_intensity,kwh/sqft,,Calculated from annual energy consumption by dividing by conditioned floor area
Calculated,yes,yes,float,no,,,,out.electricity.heating.energy_consumption_intensity,kwh/sqft,,,,out.electricity.heating.energy_consumption_intensity,out.electricity.heating.energy_consumption_intensity,kwh/sqft,,Calculated from annual energy consumption by dividing by conditioned floor area
Calculated,yes,yes,float,no,,,,out.electricity.permanent_spa_heat.energy_consumption_intensity,kwh/sqft,,,,out.electricity.permanent_spa_heat.energy_consumption_intensity,out.electricity.permanent_spa_heat.energy_consumption_intensity,kwh/sqft,,Calculated from annual energy consumption by dividing by conditioned floor area
Calculated,yes,yes,float,no,,,,out.electricity.permanent_spa_pump.energy_consumption_intensity,kwh/sqft,,,,out.electricity.permanent_spa_pump.energy_consumption_intensity,out.electricity.permanent_spa_pump.energy_consumption_intensity,kwh/sqft,,Calculated from annual energy consumption by dividing by conditioned floor area
Calculated,yes,yes,float,no,,,,out.electricity.hot_water.energy_consumption_intensity,kwh/sqft,,,,out.electricity.hot_water.energy_consumption_intensity,out.electricity.hot_water.energy_consumption_intensity,kwh/sqft,,Calculated from annual energy consumption by dividing by conditioned floor area
Calculated,yes,yes,float,no,,,,out.electricity.hot_water_recirc_p.energy_consumption_intensity,kwh/sqft,,,,out.electricity.hot_water_recirc_p.energy_consumption_intensity,out.electricity.hot_water_recirc_p.energy_consumption_intensity,kwh/sqft,,Calculated from annual energy consumption by dividing by conditioned floor area
Calculated,yes,yes,float,no,,,,out.electricity.hot_water_solar_th.energy_consumption_intensity,kwh/sqft,,,,out.electricity.hot_water_solar_th.energy_consumption_intensity,out.electricity.hot_water_solar_th.energy_consumption_intensity,kwh/sqft,,Calculated from annual energy consumption by dividing by conditioned floor area
Calculated,yes,yes,float,no,,,,out.electricity.lighting_exterior.energy_consumption_intensity,kwh/sqft,,,,out.electricity.lighting_exterior.energy_consumption_intensity,out.electricity.lighting_exterior.energy_consumption_intensity,kwh/sqft,,Calculated from annual energy consumption by dividing by conditioned floor area
Calculated,yes,yes,float,no,,,,out.electricity.lighting_garage.energy_consumption_intensity,kwh/sqft,,,,out.electricity.lighting_garage.energy_consumption_intensity,out.electricity.lighting_garage.energy_consumption_intensity,kwh/sqft,,Calculated from annual energy consumption by dividing by conditioned floor area
Calculated,yes,yes,float,no,,,,out.electricity.lighting_interior.energy_consumption_intensity,kwh/sqft,,,,out.electricity.lighting_interior.energy_consumption_intensity,out.electricity.lighting_interior.energy_consumption_intensity,kwh/sqft,,Calculated from annual energy consumption by dividing by conditioned floor area
Calculated,yes,yes,float,no,,,,out.electricity.mech_vent.energy_consumption_intensity,kwh/sqft,,,,out.electricity.mech_vent.energy_consumption_intensity,out.electricity.mech_vent.energy_consumption_intensity,kwh/sqft,,Calculated from annual energy consumption by dividing by conditioned floor area
Calculated,yes,yes,float,no,,,,out.electricity.mech_vent_precool.energy_consumption_intensity,kwh/sqft,,,,out.electricity.mech_vent_precool.energy_consumption_intensity,out.electricity.mech_vent_precool.energy_consumption_intensity,kwh/sqft,,Calculated from annual energy consumption by dividing by conditioned floor area
Calculated,yes,yes,float,no,,,,out.electricity.mech_vent_preheat.energy_consumption_intensity,kwh/sqft,,,,out.electricity.mech_vent_preheat.energy_consumption_intensity,out.electricity.mech_vent_preheat.energy_consumption_intensity,kwh/sqft,,Calculated from annual energy consumption by dividing by conditioned floor area
Calculated,yes,yes,float,no,,,,out.electricity.plug_loads.energy_consumption_intensity,kwh/sqft,,,,out.electricity.plug_loads.energy_consumption_intensity,out.electricity.plug_loads.energy_consumption_intensity,kwh/sqft,,Calculated from annual energy consumption by dividing by conditioned floor area
Calculated,yes,yes,float,no,,,,out.electricity.pool_heater.energy_consumption_intensity,kwh/sqft,,,,out.electricity.pool_heater.energy_consumption_intensity,out.electricity.pool_heater.energy_consumption_intensity,kwh/sqft,,Calculated from annual energy consumption by dividing by conditioned floor area
Calculated,yes,yes,float,no,,,,out.electricity.pool_pump.energy_consumption_intensity,kwh/sqft,,,,out.electricity.pool_pump.energy_consumption_intensity,out.electricity.pool_pump.energy_consumption_intensity,kwh/sqft,,Calculated from annual energy consumption by dividing by conditioned floor area
Calculated,yes,yes,float,no,,,,out.electricity.pv.energy_consumption_intensity,kwh/sqft,,,,out.electricity.pv.energy_consumption_intensity,out.electricity.pv.energy_consumption_intensity,kwh/sqft,,Calculated from annual energy consumption by dividing by conditioned floor area
Calculated,yes,yes,float,no,,,,out.electricity.range_oven.energy_consumption_intensity,kwh/sqft,,,,out.electricity.range_oven.energy_consumption_intensity,out.electricity.range_oven.energy_consumption_intensity,kwh/sqft,,Calculated from annual energy consumption by dividing by conditioned floor area
Calculated,yes,yes,float,no,,,,out.electricity.refrigerator.energy_consumption_intensity,kwh/sqft,,,,out.electricity.refrigerator.energy_consumption_intensity,out.electricity.refrigerator.energy_consumption_intensity,kwh/sqft,,Calculated from annual energy consumption by dividing by conditioned floor area
Calculated,yes,yes,float,no,,,,out.electricity.television.energy_consumption_intensity,kwh/sqft,,,,out.electricity.television.energy_consumption_intensity,out.electricity.television.energy_consumption_intensity,kwh/sqft,,Calculated from annual energy consumption by dividing by conditioned floor area
Calculated,yes,yes,float,no,,,,out.electricity.well_pump.energy_consumption_intensity,kwh/sqft,,,,out.electricity.well_pump.energy_consumption_intensity,out.electricity.well_pump.energy_consumption_intensity,kwh/sqft,,Calculated from annual energy consumption by dividing by conditioned floor area
Calculated,yes,yes,float,no,,,,out.electricity.whole_house_fan.energy_consumption_intensity,kwh/sqft,,,,out.electricity.whole_house_fan.energy_consumption_intensity,out.electricity.whole_house_fan.energy_consumption_intensity,kwh/sqft,,Calculated from annual energy consumption by dividing by conditioned floor area
Calculated,yes,yes,float,no,,,,out.fuel_oil.clothes_dryer.energy_consumption_intensity,kwh/sqft,,,,out.fuel_oil.clothes_dryer.energy_consumption_intensity,out.fuel_oil.clothes_dryer.energy_consumption_intensity,kwh/sqft,,Calculated from annual energy consumption by dividing by conditioned floor area
Calculated,yes,yes,float,no,,,,out.fuel_oil.fireplace.energy_consumption_intensity,kwh/sqft,,,,out.fuel_oil.fireplace.energy_consumption_intensity,out.fuel_oil.fireplace.energy_consumption_intensity,kwh/sqft,,Calculated from annual energy consumption by dividing by conditioned floor area
Calculated,yes,yes,float,no,,,,out.fuel_oil.generator.energy_consumption_intensity,kwh/sqft,,,,out.fuel_oil.generator.energy_consumption_intensity,out.fuel_oil.generator.energy_consumption_intensity,kwh/sqft,,Calculated from annual energy consumption by dividing by conditioned floor area
Calculated,yes,yes,float,no,,,,out.fuel_oil.grill.energy_consumption_intensity,kwh/sqft,,,,out.fuel_oil.grill.energy_consumption_intensity,out.fuel_oil.grill.energy_consumption_intensity,kwh/sqft,,Calculated from annual energy consumption by dividing by conditioned floor area
Calculated,yes,yes,float,no,,,,out.fuel_oil.heating_hp_bkup.energy_consumption_intensity,kwh/sqft,,,,out.fuel_oil.heating_hp_bkup.energy_consumption_intensity,out.fuel_oil.heating_hp_bkup.energy_consumption_intensity,kwh/sqft,,Calculated from annual energy consumption by dividing by conditioned floor area
Calculated,yes,yes,float,no,,,,out.fuel_oil.heating.energy_consumption_intensity,kwh/sqft,,,,out.fuel_oil.heating.energy_consumption_intensity,out.fuel_oil.heating.energy_consumption_intensity,kwh/sqft,,Calculated from annual energy consumption by dividing by conditioned floor area
Calculated,yes,yes,float,no,,,,out.fuel_oil.hot_water.energy_consumption_intensity,kwh/sqft,,,,out.fuel_oil.hot_water.energy_consumption_intensity,out.fuel_oil.hot_water.energy_consumption_intensity,kwh/sqft,,Calculated from annual energy consumption by dividing by conditioned floor area
Calculated,yes,yes,float,no,,,,out.fuel_oil.lighting.energy_consumption_intensity,kwh/sqft,,,,out.fuel_oil.lighting.energy_consumption_intensity,out.fuel_oil.lighting.energy_consumption_intensity,kwh/sqft,,Calculated from annual energy consumption by dividing by conditioned floor area
Calculated,yes,yes,float,no,,,,out.fuel_oil.mech_vent_preheating.energy_consumption_intensity,kwh/sqft,,,,out.fuel_oil.mech_vent_preheating.energy_consumption_intensity,out.fuel_oil.mech_vent_preheating.energy_consumption_intensity,kwh/sqft,,Calculated from annual energy consumption by dividing by conditioned floor area
Calculated,yes,yes,float,no,,,,out.fuel_oil.range_oven.energy_consumption_intensity,kwh/sqft,,,,out.fuel_oil.range_oven.energy_consumption_intensity,out.fuel_oil.range_oven.energy_consumption_intensity,kwh/sqft,,Calculated from annual energy consumption by dividing by conditioned floor area
Calculated,yes,yes,float,no,,,,out.natural_gas.clothes_dryer.energy_consumption_intensity,kwh/sqft,,,,out.natural_gas.clothes_dryer.energy_consumption_intensity,out.natural_gas.clothes_dryer.energy_consumption_intensity,kwh/sqft,,Calculated from annual energy consumption by dividing by conditioned floor area
Calculated,yes,yes,float,no,,,,out.natural_gas.fireplace.energy_consumption_intensity,kwh/sqft,,,,out.natural_gas.fireplace.energy_consumption_intensity,out.natural_gas.fireplace.energy_consumption_intensity,kwh/sqft,,Calculated from annual energy consumption by dividing by conditioned floor area
Calculated,yes,yes,float,no,,,,out.natural_gas.generator.energy_consumption_intensity,kwh/sqft,,,,out.natural_gas.generator.energy_consumption_intensity,out.natural_gas.generator.energy_consumption_intensity,kwh/sqft,,Calculated from annual energy consumption by dividing by conditioned floor area
Calculated,yes,yes,float,no,,,,out.natural_gas.grill.energy_consumption_intensity,kwh/sqft,,,,out.natural_gas.grill.energy_consumption_intensity,out.natural_gas.grill.energy_consumption_intensity,kwh/sqft,,Calculated from annual energy consumption by dividing by conditioned floor area
Calculated,yes,yes,float,no,,,,out.natural_gas.heating_hp_bkup.energy_consumption_intensity,kwh/sqft,,,,out.natural_gas.heating_hp_bkup.energy_consumption_intensity,out.natural_gas.heating_hp_bkup.energy_consumption_intensity,kwh/sqft,,Calculated from annual energy consumption by dividing by conditioned floor area
Calculated,yes,yes,float,no,,,,out.natural_gas.heating.energy_consumption_intensity,kwh/sqft,,,,out.natural_gas.heating.energy_consumption_intensity,out.natural_gas.heating.energy_consumption_intensity,kwh/sqft,,Calculated from annual energy consumption by dividing by conditioned floor area
Calculated,yes,yes,float,no,,,,out.natural_gas.permanent_spa_heat.energy_consumption_intensity,kwh/sqft,,,,out.natural_gas.permanent_spa_heat.energy_consumption_intensity,out.natural_gas.permanent_spa_heat.energy_consumption_intensity,kwh/sqft,,Calculated from annual energy consumption by dividing by conditioned floor area
Calculated,yes,yes,float,no,,,,out.natural_gas.hot_water.energy_consumption_intensity,kwh/sqft,,,,out.natural_gas.hot_water.energy_consumption_intensity,out.natural_gas.hot_water.energy_consumption_intensity,kwh/sqft,,Calculated from annual energy consumption by dividing by conditioned floor area
Calculated,yes,yes,float,no,,,,out.natural_gas.lighting.energy_consumption_intensity,kwh/sqft,,,,out.natural_gas.lighting.energy_consumption_intensity,out.natural_gas.lighting.energy_consumption_intensity,kwh/sqft,,Calculated from annual energy consumption by dividing by conditioned floor area
Calculated,yes,yes,float,no,,,,out.natural_gas.mech_vent_preheat.energy_consumption_intensity,kwh/sqft,,,,out.natural_gas.mech_vent_preheat.energy_consumption_intensity,out.natural_gas.mech_vent_preheat.energy_consumption_intensity,kwh/sqft,,Calculated from annual energy consumption by dividing by conditioned floor area
Calculated,yes,yes,float,no,,,,out.natural_gas.pool_heater.energy_consumption_intensity,kwh/sqft,,,,out.natural_gas.pool_heater.energy_consumption_intensity,out.natural_gas.pool_heater.energy_consumption_intensity,kwh/sqft,,Calculated from annual energy consumption by dividing by conditioned floor area
Calculated,yes,yes,float,no,,,,out.natural_gas.range_oven.energy_consumption_intensity,kwh/sqft,,,,out.natural_gas.range_oven.energy_consumption_intensity,out.natural_gas.range_oven.energy_consumption_intensity,kwh/sqft,,Calculated from annual energy consumption by dividing by conditioned floor area
Calculated,yes,yes,float,no,,,,out.propane.clothes_dryer.energy_consumption_intensity,kwh/sqft,,,,out.propane.clothes_dryer.energy_consumption_intensity,out.propane.clothes_dryer.energy_consumption_intensity,kwh/sqft,,Calculated from annual energy consumption by dividing by conditioned floor area
Calculated,yes,yes,float,no,,,,out.propane.fireplace.energy_consumption_intensity,kwh/sqft,,,,out.propane.fireplace.energy_consumption_intensity,out.propane.fireplace.energy_consumption_intensity,kwh/sqft,,Calculated from annual energy consumption by dividing by conditioned floor area
Calculated,yes,yes,float,no,,,,out.propane.generator.energy_consumption_intensity,kwh/sqft,,,,out.propane.generator.energy_consumption_intensity,out.propane.generator.energy_consumption_intensity,kwh/sqft,,Calculated from annual energy consumption by dividing by conditioned floor area
Calculated,yes,yes,float,no,,,,out.propane.grill.energy_consumption_intensity,kwh/sqft,,,,out.propane.grill.energy_consumption_intensity,out.propane.grill.energy_consumption_intensity,kwh/sqft,,Calculated from annual energy consumption by dividing by conditioned floor area
Calculated,yes,yes,float,no,,,,out.propane.heating_hp_bkup.energy_consumption_intensity,kwh/sqft,,,,out.propane.heating_hp_bkup.energy_consumption_intensity,out.propane.heating_hp_bkup.energy_consumption_intensity,kwh/sqft,,Calculated from annual energy consumption by dividing by conditioned floor area
Calculated,yes,yes,float,no,,,,out.propane.heating.energy_consumption_intensity,kwh/sqft,,,,out.propane.heating.energy_consumption_intensity,out.propane.heating.energy_consumption_intensity,kwh/sqft,,Calculated from annual energy consumption by dividing by conditioned floor area
Calculated,yes,yes,float,no,,,,out.propane.hot_water.energy_consumption_intensity,kwh/sqft,,,,out.propane.hot_water.energy_consumption_intensity,out.propane.hot_water.energy_consumption_intensity,kwh/sqft,,Calculated from annual energy consumption by dividing by conditioned floor area
Calculated,yes,yes,float,no,,,,out.propane.lighting.energy_consumption_intensity,kwh/sqft,,,,out.propane.lighting.energy_consumption_intensity,out.propane.lighting.energy_consumption_intensity,kwh/sqft,,Calculated from annual energy consumption by dividing by conditioned floor area
Calculated,yes,yes,float,no,,,,out.propane.mech_vent_preheating.energy_consumption_intensity,kwh/sqft,,,,out.propane.mech_vent_preheating.energy_consumption_intensity,out.propane.mech_vent_preheating.energy_consumption_intensity,kwh/sqft,,Calculated from annual energy consumption by dividing by conditioned floor area
Calculated,yes,yes,float,no,,,,out.propane.range_oven.energy_consumption_intensity,kwh/sqft,,,,out.propane.range_oven.energy_consumption_intensity,out.propane.range_oven.energy_consumption_intensity,kwh/sqft,,Calculated from annual energy consumption by dividing by conditioned floor area
Calculated,yes,yes,float,no,,,,out.site_energy.net.energy_consumption_intensity,kwh/sqft,,,,out.site_energy.net.energy_consumption_intensity,out.site_energy.net.energy_consumption_intensity,kwh/sqft,,Calculated from annual energy consumption by dividing by conditioned floor area
Calculated,yes,yes,float,no,,,,out.site_energy.total.energy_consumption_intensity,kwh/sqft,,,,out.site_energy.total.energy_consumption_intensity,out.site_energy.total.energy_consumption_intensity,kwh/sqft,,Calculated from annual energy consumption by dividing by conditioned floor area
Calculated,yes,yes,float,no,,,,out.electricity.net.energy_consumption_intensity,kwh/sqft,,,,out.electricity.net.energy_consumption_intensity,out.electricity.net.energy_consumption_intensity,kwh/sqft,,Calculated from annual energy consumption by dividing by conditioned floor area
Calculated,yes,yes,float,no,,,,out.electricity.total.energy_consumption_intensity,kwh/sqft,,,,out.electricity.total.energy_consumption_intensity,out.electricity.total.energy_consumption_intensity,kwh/sqft,,Calculated from annual energy consumption by dividing by conditioned floor area
Calculated,yes,yes,float,no,,,,out.fuel_oil.total.energy_consumption_intensity,kwh/sqft,,,,out.fuel_oil.total.energy_consumption_intensity,out.fuel_oil.total.energy_consumption_intensity,kwh/sqft,,Calculated from annual energy consumption by dividing by conditioned floor area
Calculated,yes,yes,float,no,,,,out.natural_gas.total.energy_consumption_intensity,kwh/sqft,,,,out.natural_gas.total.energy_consumption_intensity,out.natural_gas.total.energy_consumption_intensity,kwh/sqft,,Calculated from annual energy consumption by dividing by conditioned floor area
Calculated,yes,yes,float,no,,,,out.propane.total.energy_consumption_intensity,kwh/sqft,,,,out.propane.total.energy_consumption_intensity,out.propane.total.energy_consumption_intensity,kwh/sqft,,Calculated from annual energy consumption by dividing by conditioned floor area
Calculated,no,no,float,no,,,out.electricity.battery.energy_savings..kwh,out.electricity.battery.energy_consumption.savings,kwh,,,,out.electricity.battery.energy_consumption.savings,out.electricity.battery.energy_consumption.savings,kWh,,Electricity savings from battery. Positive value for charging (including efficiency losses); negative value for discharging.
Calculated,yes,yes,float,no,,,out.electricity.ceiling_fan.energy_savings..kwh,out.electricity.ceiling_fan.energy_consumption.savings,kwh,,,,out.electricity.ceiling_fan.energy_consumption.savings,out.electricity.ceiling_fan.energy_consumption.savings,kWh,,Electricity savings from ceiling fan.
Calculated,yes,yes,float,no,,,out.electricity.clothes_dryer.energy_savings..kwh,out.electricity.clothes_dryer.energy_consumption.savings,kwh,,,,out.electricity.clothes_dryer.energy_consumption.savings,out.electricity.clothes_dryer.energy_consumption.savings,kWh,,Electricity savings from clothes dryer.
Calculated,yes,yes,float,no,,,out.electricity.clothes_washer.energy_savings..kwh,out.electricity.clothes_washer.energy_consumption.savings,kwh,,,,out.electricity.clothes_washer.energy_consumption.savings,out.electricity.clothes_washer.energy_consumption.savings,kWh,,Electricity savings from clothes washer.
Calculated,yes,yes,float,no,,,out.electricity.cooling_fans_pumps.energy_savings..kwh,out.electricity.cooling_fans_pumps.energy_consumption.savings,kwh,,,,out.electricity.cooling_fans_pumps.energy_consumption.savings,out.electricity.cooling_fans_pumps.energy_consumption.savings,kWh,,Electricity savings from supply fan (air distribution) or circulating pump (geothermal loop) during cooling.
Calculated,yes,yes,float,no,,,out.electricity.cooling.energy_savings..kwh,out.electricity.cooling.energy_consumption.savings,kwh,,,,out.electricity.cooling.energy_consumption.savings,out.electricity.cooling.energy_consumption.savings,kWh,,Electricity savings from cooling systems excludes usage by fans/pumps.
Calculated,no,no,float,no,,,out.electricity.dehumidifier.energy_savings..kwh,out.electricity.dehumidifier.energy_consumption.savings,kwh,,,,out.electricity.dehumidifier.energy_consumption.savings,out.electricity.dehumidifier.energy_consumption.savings,kWh,,Electricity savings from dehumidifier.
Calculated,yes,yes,float,no,,,out.electricity.dishwasher.energy_savings..kwh,out.electricity.dishwasher.energy_consumption.savings,kwh,,,,out.electricity.dishwasher.energy_consumption.savings,out.electricity.dishwasher.energy_consumption.savings,kWh,,Electricity savings from dishwasher. 
Calculated,yes,yes,float,no,,,out.electricity.ev_charging.energy_savings..kwh,out.electricity.ev_charging.energy_consumption.savings,kwh,,,,out.electricity.ev_charging.energy_consumption.savings,out.electricity.ev_charging.energy_consumption.savings,kWh,,Electricity savings from electric vehicle charging.
Calculated,yes,yes,float,no,,,out.electricity.freezer.energy_savings..kwh,out.electricity.freezer.energy_consumption.savings,kwh,,,,out.electricity.freezer.energy_consumption.savings,out.electricity.freezer.energy_consumption.savings,kWh,,Electricity savings from standalone freezers.
Calculated,no,no,float,no,,,out.electricity.generator.energy_savings..kwh,out.electricity.generator.energy_consumption.savings,kwh,,,,out.electricity.generator.energy_consumption.savings,out.electricity.generator.energy_consumption.savings,kWh,,Electricity savings from generator. Negative value for any power produced.
Calculated,yes,yes,float,no,,,out.electricity.heating_fans_pumps.energy_savings..kwh,out.electricity.heating_fans_pumps.energy_consumption.savings,kwh,,,,out.electricity.heating_fans_pumps.energy_consumption.savings,out.electricity.heating_fans_pumps.energy_consumption.savings,kWh,,Electricity savings from supply fan (air distribution) or circulating pump (hydronic distribution or geothermal loop) during heating.
Calculated,yes,yes,float,no,,,out.electricity.heating_hp_bkup.energy_savings..kwh,out.electricity.heating_hp_bkup.energy_consumption.savings,kwh,,,,out.electricity.heating_hp_bkup.energy_consumption.savings,out.electricity.heating_hp_bkup.energy_consumption.savings,kWh,,"Electricity savings from heat pump backup, excludes usage by heat pump backup fans/pumps."
Calculated,yes,yes,float,no,,,out.electricity.heating_hp_bkup_fa.energy_savings..kwh,out.electricity.heating_hp_bkup_fa.energy_consumption.savings,kwh,,,,out.electricity.heating_hp_bkup_fa.energy_consumption.savings,out.electricity.heating_hp_bkup_fa.energy_consumption.savings,kWh,,Electricity savings from supply fan (air distribution) or circulating pump (hydronic distribution) during heat pump backup.
Calculated,yes,yes,float,no,,,out.electricity.heating.energy_savings..kwh,out.electricity.heating.energy_consumption.savings,kwh,,,,out.electricity.heating.energy_consumption.savings,out.electricity.heating.energy_consumption.savings,kWh,,Electricity savings from heating systems excludes usage by fans/pumps.
Calculated,yes,yes,float,no,,,out.electricity.permanent_spa_heat.energy_savings..kwh,out.electricity.permanent_spa_heat.energy_consumption.savings,kwh,,,,out.electricity.permanent_spa_heat.energy_consumption.savings,out.electricity.permanent_spa_heat.energy_consumption.savings,kWh,,Electricity savings from spa heating.
Calculated,yes,yes,float,no,,,out.electricity.permanent_spa_pump.energy_savings..kwh,out.electricity.permanent_spa_pump.energy_consumption.savings,kwh,,,,out.electricity.permanent_spa_pump.energy_consumption.savings,out.electricity.permanent_spa_pump.energy_consumption.savings,kWh,,Electricity savings from spa pump.
Calculated,yes,yes,float,no,,,out.electricity.hot_water.energy_savings..kwh,out.electricity.hot_water.energy_consumption.savings,kwh,,,,out.electricity.hot_water.energy_consumption.savings,out.electricity.hot_water.energy_consumption.savings,kWh,,Electricity savings from hot water system excludes recirc pump and solar thermal pump. 
Calculated,no,no,float,no,,,out.electricity.hot_water_recirc_p.energy_savings..kwh,out.electricity.hot_water_recirc_p.energy_consumption.savings,kwh,,,,out.electricity.hot_water_recirc_p.energy_consumption.savings,out.electricity.hot_water_recirc_p.energy_consumption.savings,kWh,,Electricity savings from hot water recirc pump and solar thermal pump. 
Calculated,yes,yes,float,no,,,out.electricity.hot_water_solar_th.energy_savings..kwh,out.electricity.hot_water_solar_th.energy_consumption.savings,kwh,,,,out.electricity.hot_water_solar_th.energy_consumption.savings,out.electricity.hot_water_solar_th.energy_consumption.savings,kWh,,Electricity savings from solar thermal hot water system. Non-zero only when using detailed (not simple) solar thermal inputs
Calculated,yes,yes,float,no,,,out.electricity.lighting_exterior.energy_savings..kwh,out.electricity.lighting_exterior.energy_consumption.savings,kwh,,,,out.electricity.lighting_exterior.energy_consumption.savings,out.electricity.lighting_exterior.energy_consumption.savings,kWh,,"Electricity savings from exterior lighting, includes exterior holiday lighting."
Calculated,yes,yes,float,no,,,out.electricity.lighting_garage.energy_savings..kwh,out.electricity.lighting_garage.energy_consumption.savings,kwh,,,,out.electricity.lighting_garage.energy_consumption.savings,out.electricity.lighting_garage.energy_consumption.savings,kWh,,Electricity savings from lighting in the garage.
Calculated,yes,yes,float,no,,,out.electricity.lighting_interior.energy_savings..kwh,out.electricity.lighting_interior.energy_consumption.savings,kwh,,,,out.electricity.lighting_interior.energy_consumption.savings,out.electricity.lighting_interior.energy_consumption.savings,kWh,,Electricity savings from interior lighting.
Calculated,yes,yes,float,no,,,out.electricity.mech_vent.energy_savings..kwh,out.electricity.mech_vent.energy_consumption.savings,kwh,,,,out.electricity.mech_vent.energy_consumption.savings,out.electricity.mech_vent.energy_consumption.savings,kWh,,"Electricity savings from mechanical ventilation system, excludes preheating/precooling"
Calculated,no,no,float,no,,,out.electricity.mech_vent_precool.energy_savings..kwh,out.electricity.mech_vent_precool.energy_consumption.savings,kwh,,,,out.electricity.mech_vent_precool.energy_consumption.savings,out.electricity.mech_vent_precool.energy_consumption.savings,kWh,,Electricity savings from mechanical ventilation for precooling.
Calculated,no,no,float,no,,,out.electricity.mech_vent_preheat.energy_savings..kwh,out.electricity.mech_vent_preheat.energy_consumption.savings,kwh,,,,out.electricity.mech_vent_preheat.energy_consumption.savings,out.electricity.mech_vent_preheat.energy_consumption.savings,kWh,,Electricity savings from mechanical ventilation for preheating.
Calculated,yes,yes,float,no,,,out.electricity.plug_loads.energy_savings..kwh,out.electricity.plug_loads.energy_consumption.savings,kwh,,,,out.electricity.plug_loads.energy_consumption.savings,out.electricity.plug_loads.energy_consumption.savings,kWh,,"Electricity savings from plug loads, excludes independently reported plug loads (e.g., well pump)."
Calculated,yes,yes,float,no,,,out.electricity.pool_heater.energy_savings..kwh,out.electricity.pool_heater.energy_consumption.savings,kwh,,,,out.electricity.pool_heater.energy_consumption.savings,out.electricity.pool_heater.energy_consumption.savings,kWh,,Electricity savings from pool heater.
Calculated,yes,yes,float,no,,,out.electricity.pool_pump.energy_savings..kwh,out.electricity.pool_pump.energy_consumption.savings,kwh,,,,out.electricity.pool_pump.energy_consumption.savings,out.electricity.pool_pump.energy_consumption.savings,kWh,,Electricity savings from pool pump.
Calculated,yes,yes,float,no,,,out.electricity.pv.energy_savings..kwh,out.electricity.pv.energy_consumption.savings,kwh,,,,out.electricity.pv.energy_consumption.savings,out.electricity.pv.energy_consumption.savings,kWh,,Energy produced by rooftop PV systems. Negative value for any power produced
Calculated,yes,yes,float,no,,,out.electricity.range_oven.energy_savings..kwh,out.electricity.range_oven.energy_consumption.savings,kwh,,,,out.electricity.range_oven.energy_consumption.savings,out.electricity.range_oven.energy_consumption.savings,kWh,,Electricity savings from range oven.
Calculated,yes,yes,float,no,,,out.electricity.refrigerator.energy_savings..kwh,out.electricity.refrigerator.energy_consumption.savings,kwh,,,,out.electricity.refrigerator.energy_consumption.savings,out.electricity.refrigerator.energy_consumption.savings,kWh,,Electricity savings from refrigerator. 
Calculated,yes,yes,float,no,,,out.electricity.television.energy_savings..kwh,out.electricity.television.energy_consumption.savings,kwh,,,,out.electricity.television.energy_consumption.savings,out.electricity.television.energy_consumption.savings,kWh,,Electricity savings from television.
Calculated,yes,yes,float,no,,,out.electricity.well_pump.energy_savings..kwh,out.electricity.well_pump.energy_consumption.savings,kwh,,,,out.electricity.well_pump.energy_consumption.savings,out.electricity.well_pump.energy_consumption.savings,kWh,,Electricity savings from well pump.
Calculated,no,no,float,no,,,out.electricity.whole_house_fan.energy_savings..kwh,out.electricity.whole_house_fan.energy_consumption.savings,kwh,,,,out.electricity.whole_house_fan.energy_consumption.savings,out.electricity.whole_house_fan.energy_consumption.savings,kWh,,Electricity savings from whole house fan system.
Calculated,no,no,float,no,,,out.fuel_oil.clothes_dryer.energy_savings..kwh,out.fuel_oil.clothes_dryer.energy_consumption.savings,kwh,,,,out.fuel_oil.clothes_dryer.energy_consumption.savings,out.fuel_oil.clothes_dryer.energy_consumption.savings,kWh,,Fuel oil savings from clothes dryer.
Calculated,no,no,float,no,,,out.fuel_oil.fireplace.energy_savings..kwh,out.fuel_oil.fireplace.energy_consumption.savings,kwh,,,,out.fuel_oil.fireplace.energy_consumption.savings,out.fuel_oil.fireplace.energy_consumption.savings,kWh,,Fuel oil savings from oil fireplace.
Calculated,no,no,float,no,,,out.fuel_oil.generator.energy_savings..kwh,out.fuel_oil.generator.energy_consumption.savings,kwh,,,,out.fuel_oil.generator.energy_consumption.savings,out.fuel_oil.generator.energy_consumption.savings,kWh,,Fuel oil savings from oil generator. Positive value for any fuel consumed.
Calculated,no,no,float,no,,,out.fuel_oil.grill.energy_savings..kwh,out.fuel_oil.grill.energy_consumption.savings,kwh,,,,out.fuel_oil.grill.energy_consumption.savings,out.fuel_oil.grill.energy_consumption.savings,kWh,,Fuel oil savings from oil grill.
Calculated,yes,yes,float,yes,,,out.fuel_oil.heating_hp_bkup.energy_savings..kwh,out.fuel_oil.heating_hp_bkup.energy_consumption.savings,kwh,,,,out.fuel_oil.heating_hp_bkup.energy_consumption.savings,out.fuel_oil.heating_hp_bkup.energy_consumption.savings,kWh,,Fuel oil savings from heat pump backup.
Calculated,yes,yes,float,no,,,out.fuel_oil.heating.energy_savings..kwh,out.fuel_oil.heating.energy_consumption.savings,kwh,,,,out.fuel_oil.heating.energy_consumption.savings,out.fuel_oil.heating.energy_consumption.savings,kWh,,"Fuel oil savings from fuel oil heating systems, excludes heat pump backup."
Calculated,yes,yes,float,no,,,out.fuel_oil.hot_water.energy_savings..kwh,out.fuel_oil.hot_water.energy_consumption.savings,kwh,,,,out.fuel_oil.hot_water.energy_consumption.savings,out.fuel_oil.hot_water.energy_consumption.savings,kWh,,Fuel oil savings from fuel oil hot water systems
Calculated,no,no,float,no,,,out.fuel_oil.lighting.energy_savings..kwh,out.fuel_oil.lighting.energy_consumption.savings,kwh,,,,out.fuel_oil.lighting.energy_consumption.savings,out.fuel_oil.lighting.energy_consumption.savings,kWh,,Fuel oil savings from oil lighting.
Calculated,no,no,float,no,,,out.fuel_oil.mech_vent_preheating.energy_savings..kwh,out.fuel_oil.mech_vent_preheating.energy_consumption.savings,kwh,,,,out.fuel_oil.mech_vent_preheating.energy_consumption.savings,out.fuel_oil.mech_vent_preheating.energy_consumption.savings,kWh,,Fuel oil savings from mechanical ventilation for preheating.
Calculated,no,no,float,no,,,out.fuel_oil.range_oven.energy_savings..kwh,out.fuel_oil.range_oven.energy_consumption.savings,kwh,,,,out.fuel_oil.range_oven.energy_consumption.savings,out.fuel_oil.range_oven.energy_consumption.savings,kWh,,Fuel oil savings from range and oven.
Calculated,yes,yes,float,no,,,out.natural_gas.clothes_dryer.energy_savings..kwh,out.natural_gas.clothes_dryer.energy_consumption.savings,kwh,,,,out.natural_gas.clothes_dryer.energy_consumption.savings,out.natural_gas.clothes_dryer.energy_consumption.savings,kWh,,Natural gas savings from natural gas clothes dryers.
Calculated,yes,yes,float,no,,,out.natural_gas.fireplace.energy_savings..kwh,out.natural_gas.fireplace.energy_consumption.savings,kwh,,,,out.natural_gas.fireplace.energy_consumption.savings,out.natural_gas.fireplace.energy_consumption.savings,kWh,,Natural gas savings from natural gas fireplaces.
Calculated,no,no,float,no,,,out.natural_gas.generator.energy_savings..kwh,out.natural_gas.generator.energy_consumption.savings,kwh,,,,out.natural_gas.generator.energy_consumption.savings,out.natural_gas.generator.energy_consumption.savings,kWh,,Natural gas savings from natural gas generator. Positive value for any fuel consumed.
Calculated,yes,yes,float,no,,,out.natural_gas.grill.energy_savings..kwh,out.natural_gas.grill.energy_consumption.savings,kwh,,,,out.natural_gas.grill.energy_consumption.savings,out.natural_gas.grill.energy_consumption.savings,kWh,,Natural gas savings from natural gas grills.
Calculated,yes,yes,float,no,,,out.natural_gas.heating_hp_bkup.energy_savings..kwh,out.natural_gas.heating_hp_bkup.energy_consumption.savings,kwh,,,,out.natural_gas.heating_hp_bkup.energy_consumption.savings,out.natural_gas.heating_hp_bkup.energy_consumption.savings,kWh,,Natural gas savings from heat pump backup.
Calculated,yes,yes,float,no,,,out.natural_gas.heating.energy_savings..kwh,out.natural_gas.heating.energy_consumption.savings,kwh,,,,out.natural_gas.heating.energy_consumption.savings,out.natural_gas.heating.energy_consumption.savings,kWh,,"Natural gas savings from natural gas heating systems, excludes heat pump backup."
Calculated,yes,yes,float,no,,,out.natural_gas.permanent_spa_heat.energy_savings..kwh,out.natural_gas.permanent_spa_heat.energy_consumption.savings,kwh,,,,out.natural_gas.permanent_spa_heat.energy_consumption.savings,out.natural_gas.permanent_spa_heat.energy_consumption.savings,kWh,,Natural gas savings from spa heating.
Calculated,yes,yes,float,no,,,out.natural_gas.hot_water.energy_savings..kwh,out.natural_gas.hot_water.energy_consumption.savings,kwh,,,,out.natural_gas.hot_water.energy_consumption.savings,out.natural_gas.hot_water.energy_consumption.savings,kWh,,Natural gas savings from natural gas hot water systems.
Calculated,yes,yes,float,no,,,out.natural_gas.lighting.energy_savings..kwh,out.natural_gas.lighting.energy_consumption.savings,kwh,,,,out.natural_gas.lighting.energy_consumption.savings,out.natural_gas.lighting.energy_consumption.savings,kWh,,Natural gas savings from natural gas lighting.
Calculated,no,no,float,no,,,out.natural_gas.mech_vent_preheat.energy_savings..kwh,out.natural_gas.mech_vent_preheat.energy_consumption.savings,kwh,,,,out.natural_gas.mech_vent_preheat.energy_consumption.savings,out.natural_gas.mech_vent_preheat.energy_consumption.savings,kWh,,Natural gas savings from mechanical ventilation for preheating.
Calculated,yes,yes,float,no,,,out.natural_gas.pool_heater.energy_savings..kwh,out.natural_gas.pool_heater.energy_consumption.savings,kwh,,,,out.natural_gas.pool_heater.energy_consumption.savings,out.natural_gas.pool_heater.energy_consumption.savings,kWh,,Natural gas savings from natural gas pool heaters.
Calculated,yes,yes,float,no,,,out.natural_gas.range_oven.energy_savings..kwh,out.natural_gas.range_oven.energy_consumption.savings,kwh,,,,out.natural_gas.range_oven.energy_consumption.savings,out.natural_gas.range_oven.energy_consumption.savings,kWh,,Natural gas savings from natural gas range and oven.
Calculated,yes,yes,float,no,,,out.propane.clothes_dryer.energy_savings..kwh,out.propane.clothes_dryer.energy_consumption.savings,kwh,,,,out.propane.clothes_dryer.energy_consumption.savings,out.propane.clothes_dryer.energy_consumption.savings,kWh,,Propane savings from propane clothes dryers.
Calculated,no,no,float,no,,,out.propane.fireplace.energy_savings..kwh,out.propane.fireplace.energy_consumption.savings,kwh,,,,out.propane.fireplace.energy_consumption.savings,out.propane.fireplace.energy_consumption.savings,kWh,,Propane savings from propane fireplace.
Calculated,no,no,float,no,,,out.propane.generator.energy_savings..kwh,out.propane.generator.energy_consumption.savings,kwh,,,,out.propane.generator.energy_consumption.savings,out.propane.generator.energy_consumption.savings,kWh,,Propane savings from propance generator. Positive value for any fuel consumed
Calculated,no,no,float,no,,,out.propane.grill.energy_savings..kwh,out.propane.grill.energy_consumption.savings,kwh,,,,out.propane.grill.energy_consumption.savings,out.propane.grill.energy_consumption.savings,kWh,,Propane savings from propane grill.
Calculated,yes,yes,float,no,,,out.propane.heating_hp_bkup.energy_savings..kwh,out.propane.heating_hp_bkup.energy_consumption.savings,kwh,,,,out.propane.heating_hp_bkup.energy_consumption.savings,out.propane.heating_hp_bkup.energy_consumption.savings,kWh,,Propane savings from heat pump backup.
Calculated,yes,yes,float,no,,,out.propane.heating.energy_savings..kwh,out.propane.heating.energy_consumption.savings,kwh,,,,out.propane.heating.energy_consumption.savings,out.propane.heating.energy_consumption.savings,kWh,,"Propane savings from propane heating systems, excludes heat pump backup"
Calculated,yes,yes,float,no,,,out.propane.hot_water.energy_savings..kwh,out.propane.hot_water.energy_consumption.savings,kwh,,,,out.propane.hot_water.energy_consumption.savings,out.propane.hot_water.energy_consumption.savings,kWh,,Propane savings from propane hot water systems.
Calculated,no,no,float,no,,,out.propane.lighting.energy_savings..kwh,out.propane.lighting.energy_consumption.savings,kwh,,,,out.propane.lighting.energy_consumption.savings,out.propane.lighting.energy_consumption.savings,kWh,,Propane savings from propane lighting.
Calculated,no,no,float,no,,,out.propane.mech_vent_preheating.energy_savings..kwh,out.propane.mech_vent_preheating.energy_consumption.savings,kwh,,,,out.propane.mech_vent_preheating.energy_consumption.savings,out.propane.mech_vent_preheating.energy_consumption.savings,kWh,,Propane savings from mechanical ventilation for preheating.
Calculated,yes,yes,float,no,,,out.propane.range_oven.energy_savings..kwh,out.propane.range_oven.energy_consumption.savings,kwh,,,,out.propane.range_oven.energy_consumption.savings,out.propane.range_oven.energy_consumption.savings,kWh,,Propane savings from range oven.
Calculated,yes,yes,float,no,,,out.site_energy.net.energy_savings..kwh,out.site_energy.net.energy_consumption.savings,kwh,,,,out.site_energy.net.energy_consumption.savings,out.site_energy.net.energy_consumption.savings,kWh,,Total net site energy savings.
Calculated,yes,yes,float,no,,,out.site_energy.total.energy_savings..kwh,out.site_energy.total.energy_consumption.savings,kwh,,,,out.site_energy.total.energy_consumption.savings,out.site_energy.total.energy_consumption.savings,kWh,,Total site energy savings.
Calculated,yes,yes,float,no,,,out.electricity.net.energy_savings..kwh,out.electricity.net.energy_consumption.savings,kwh,,,,out.electricity.net.energy_consumption.savings,out.electricity.net.energy_consumption.savings,kWh,,Total net electricity savings.
Calculated,yes,yes,float,no,,,out.electricity.total.energy_savings..kwh,out.electricity.total.energy_consumption.savings,kwh,,,,out.electricity.total.energy_consumption.savings,out.electricity.total.energy_consumption.savings,kWh,,Total electricity savings.
Calculated,yes,yes,float,no,,,out.fuel_oil.total.energy_savings..kwh,out.fuel_oil.total.energy_consumption.savings,kwh,,,,out.fuel_oil.total.energy_consumption.savings,out.fuel_oil.total.energy_consumption.savings,kWh,,Total fuel oil savings
Calculated,yes,yes,float,no,,,out.natural_gas.total.energy_savings..kwh,out.natural_gas.total.energy_consumption.savings,kwh,,,,out.natural_gas.total.energy_consumption.savings,out.natural_gas.total.energy_consumption.savings,kWh,,Total natural gas savings.
Calculated,yes,yes,float,no,,,out.propane.total.energy_savings..kwh,out.propane.total.energy_consumption.savings,kwh,,,,out.propane.total.energy_consumption.savings,out.propane.total.energy_consumption.savings,kWh,,Total propane savings.
Calculated,yes,yes,float,no,,,out.hot_water_savings.clothes_washer..gal,out.hot_water_savings.clothes_washer..gal,gal,,,,,,,,Hot water savings from clothes washer.
Calculated,yes,yes,float,no,,,out.hot_water_savings.dishwasher..gal,out.hot_water_savings.dishwasher..gal,gal,,,,,,,,Hot water savings from dishwasher.
Calculated,yes,yes,float,no,,,out.hot_water_savings.distribution_waste..gal,out.hot_water_savings.distribution_waste..gal,gal,,,,,,,,Hot water savings from hot water distribution.
Calculated,yes,yes,float,no,,,out.hot_water_savings.fixtures..gal,out.hot_water_savings.fixtures..gal,gal,,,,,,,,Hot water savings from fixtures such as faucets and showers.
Calculated,yes,yes,float,no,,,out.load.cooling.energy_delivered_savings..kbtu,out.load.cooling.energy_delivered.kbtu.savings,kbtu,,,,out.load.cooling.energy_delivered.kbtu.savings,out.load.cooling.energy_delivered.kbtu.savings,kBtu,,Savings on the total energy delivered by cooling system includes HVAC distribution losses.
Calculated,yes,yes,float,no,,,out.load.heating.energy_delivered_savings..kbtu,out.load.heating.energy_delivered.kbtu.savings,kbtu,,,,out.load.heating.energy_delivered.kbtu.savings,out.load.heating.energy_delivered.kbtu.savings,kBtu,,Savings on the total energy delivered by heating system includes HVAC distribution losses.
Calculated,yes,yes,float,no,,,out.load.heating_hp_bkup.energy_delivered_savings..kbtu,out.load.heating_hp_backup.energy_delivered.kbtu.savings,kbtu,,,,out.load.heating_hp_backup.energy_delivered.kbtu.savings,out.load.heating.energy_delivered.kbtu.savings,kBtu,,Savings on the total energy delivered by heat pump backup.
Calculated,yes,yes,float,no,,,out.load.hot_water.energy_delivered_savings..kbtu,out.load.hot_water.energy_delivered.kbtu.savings,kbtu,,,,out.load.hot_water.energy_delivered.kbtu.savings,out.load.hot_water.energy_delivered.kbtu.savings,kBtu,,Savings on the total energy delivered by hot water system includes contributions by desuperheaters or solar thermal systems
Calculated,yes,yes,float,no,,,out.load.hot_water.energy_solar_thermal_savings..kbtu,out.load.hot_water.energy_solar_thermal.kbtu.savings,kbtu,,,,out.load.hot_water.energy_solar_thermal.kbtu.savings,out.load.hot_water.energy_solar_thermal.kbtu.savings,kBtu,,Savings on the total energy delivered by solar thermal water heater.
Calculated,yes,yes,float,no,,,out.load.hot_water.energy_tank_losses_savings..kbtu,out.load.hot_water.energy_tank_losses.kbtu.savings,kbtu,,,,out.load.hot_water.energy_tank_losses.kbtu.savings,out.load.hot_water.energy_tank_losses.kbtu.savings,kBtu,,Savings on the water heater tank losses energy.
Calculated,yes,yes,float,no,,,out.load.cooling.peak_savings..kbtu_per_hr,out.load.cooling.peak.kbtu_hr.savings,kbtu_hr,,,,,,,,Reduction on the maximum cooling load delivered by cooling system includes HVAC distribution losses.
Calculated,yes,yes,float,no,,,out.load.heating.peak_savings..kbtu_per_hr,out.load.heating.peak.kbtu_hr.savings,kbtu_hr,,,,,,,,Reduction on the maximum heating energy delivered by heating system includes HVAC distribution losses over a 60 min time period
Calculated,yes,yes,float,no,,,out.qoi.electricity.maximum_daily_peak_savings_summer..kw,out.electricity.summer.peak.kw.savings,kw,,,,,,,,Reduction on the maximum value in Jun/Jul/Aug (or Dec/Jan/Feb in the southern hemisphere).
Calculated,yes,yes,float,no,,,out.qoi.electricity.maximum_daily_peak_savings_winter..kw,out.electricity.winter.peak.kw.savings,kw,,,,,,,,Reduction on the maximum value in Dec/Jan/Feb (or Jun/Jul/Aug in the southern hemisphere).
Calculated,yes,yes,float,no,,,out.unmet_hours_reduction.cooling..hr,out.unmet_hours.cooling.hour.savings,hour,,,,,,,,Reduction on the number of hours where the cooling setpoint is not maintained.
Calculated,yes,yes,float,no,,,out.unmet_hours_reduction.heating..hr,out.unmet_hours.heating.hour.savings,hour,,,,,,,,Reduction on the number of hours where the heating setpoint is not maintained.
Calculated,yes,yes,float,yes,,,out.emissions.fuel_oil.total..co2e_kg,,,,,,out.emissions.fuel_oil.total..co2e_kg,out.emissions.fuel_oil.total..co2e_kg,,,Emissions from on-site fuel oil consumption.
Calculated,yes,yes,float,yes,,,out.emissions.natural_gas.total..co2e_kg,,,,,,out.emissions.natural_gas.total..co2e_kg,out.emissions.natural_gas.total..co2e_kg,,,Emissions from on-site natural gas consumption.
Calculated,yes,yes,float,yes,,,out.emissions.propane.total..co2e_kg,,,,,,out.emissions.propane.total..co2e_kg,out.emissions.propane.total..co2e_kg,,,Emissions from on-site propane consumption.
Calculated,yes,yes,float,no,,,out.emissions_reduction.fuel_oil.total..co2e_kg,,,,,,,,,,Emissions reduction from on-site fuel oil consumption.
Calculated,yes,yes,float,no,,,out.emissions_reduction.natural_gas.total..co2e_kg,,,,,,,,,,Emissions reduction from on-site natural gas consumption.
Calculated,yes,yes,float,no,,,out.emissions_reduction.propane.total..co2e_kg,,,,,,,,,,Emissions reduction from on-site propane consumption.
Calculated,yes,yes,float,no,,,out.emissions_reduction.electricity.lrmer_mid_case_25..co2e_kg,out.electricity.total.lrmer_mid_case_25.co2e_kg.savings,kg,,,,out.total.lrmer_midcase_25__electricity.co2e_kg.savings,out.total.lrmer_midcase_25__electricity.co2e_kg.savings,kg,,"Scenario total emissions for Electricity only, includes any battery charging/discharging"
Calculated,yes,yes,float,no,,,out.emissions_reduction.total.lrmer_mid_case_25..co2e_kg,out.all_fuels.total.lrmer_mid_case_25.co2e_kg.savings,kg,,,,out.total.lrmer_midcase_25.co2e_kg.savings,out.total.lrmer_midcase_25.co2e_kg.savings,kg,,"Scenario total emissions reduction, includes any battery charging/discharging"
Calculated,yes,yes,float,no,,,out.emissions_reduction.electricity.lrmer_mid_case_15..co2e_kg,out.electricity.total.lrmer_mid_case_15.co2e_kg.savings,kg,,,,out.total.lrmer_midcase_15__electricity.co2e_kg.savings,out.total.lrmer_midcase_15__electricity.co2e_kg.savings,kg,,"Scenario total emissions for Electricity only, includes any battery charging/discharging"
Calculated,yes,yes,float,no,,,out.emissions_reduction.total.lrmer_mid_case_15..co2e_kg,out.all_fuels.total.lrmer_mid_case_15.co2e_kg.savings,kg,,,,out.total.lrmer_midcase_15.co2e_kg.savings,out.total.lrmer_midcase_15.co2e_kg.savings,kg,,"Scenario total emissions reduction, includes any battery charging/discharging"
Calculated,yes,yes,float,no,,,out.emissions_reduction.electricity.lrmer_high_re_cost_25..co2e_kg,out.electricity.total.lrmer_high_re_cost_25.co2e_kg.savings,kg,,,,out.total.LRMER_HighRECost_25__electricity.co2e_kg.savings,out.total.LRMER_HighRECost_25__electricity.co2e_kg.savings,kg,,"Scenario total emissions for Electricity only, includes any battery charging/discharging"
Calculated,yes,yes,float,no,,,out.emissions_reduction.total.lrmer_high_re_cost_25..co2e_kg,out.all_fuels.total.lrmer_high_re_cost_25.co2e_kg.savings,kg,,,,out.total.LRMER_HighRECost_25.co2e_kg.savings,out.total.LRMER_HighRECost_25.co2e_kg.savings,kg,,"Scenario total emissions reduction, includes any battery charging/discharging"
Calculated,yes,yes,float,no,,,out.emissions_reduction.electricity.lrmer_high_re_cost_15..co2e_kg,out.electricity.total.lrmer_high_re_cost_15.co2e_kg.savings,kg,,,,out.total.lrmer_highrecost_15__electricity.co2e_kg.savings,out.total.lrmer_highrecost_15__electricity.co2e_kg.savings,kg,,"Scenario total emissions for Electricity only, includes any battery charging/discharging"
Calculated,yes,yes,float,no,,,out.emissions_reduction.total.lrmer_high_re_cost_15..co2e_kg,out.all_fuels.total.lrmer_high_re_cost_15.co2e_kg.savings,kg,,,,out.total.lrmer_highrecost_15.co2e_kg.savings,out.total.lrmer_highrecost_15.co2e_kg.savings,kg,,"Scenario total emissions reduction, includes any battery charging/discharging"
Calculated,yes,yes,float,no,,,out.emissions_reduction.electricity.lrmer_low_re_cost_25..co2e_kg,out.electricity.total.lrmer_low_re_cost_25.co2e_kg.savings,kg,,,,out.total.lrmer_lowrecost_25__electricity.co2e_kg.savings,out.total.lrmer_lowrecost_25__electricity.co2e_kg.savings,kg,,"Scenario total emissions for Electricity only, includes any battery charging/discharging"
Calculated,yes,yes,float,no,,,out.emissions_reduction.total.lrmer_low_re_cost_25..co2e_kg,out.all_fuels.total.lrmer_low_re_cost_25.co2e_kg.savings,kg,,,,out.total.lrmer_lowrecost_25.co2e_kg.savings,out.total.lrmer_lowrecost_25.co2e_kg.savings,kg,,"Scenario total emissions reduction, includes any battery charging/discharging"
Calculated,yes,yes,float,no,,,out.emissions_reduction.electricity.lrmer_low_re_cost_15..co2e_kg,out.electricity.total.lrmer_low_re_cost_15.co2e_kg.savings,kg,,,,out.total.lrmer_lowrecost_15__electricity.co2e_kg.savings,out.total.lrmer_lowrecost_15__electricity.co2e_kg.savings,kg,,"Scenario total emissions for Electricity only, includes any battery charging/discharging"
Calculated,yes,yes,float,no,,,out.emissions_reduction.total.lrmer_low_re_cost_15..co2e_kg,out.all_fuels.total.lrmer_low_re_cost_15.co2e_kg.savings,kg,,,,out.total.lrmer_lowrecost_15.co2e_kg.savings,out.total.lrmer_lowrecost_15.co2e_kg.savings,kg,,"Scenario total emissions reduction, includes any battery charging/discharging"
Calculated,yes,yes,float,no,,,out.emissions_reduction.electricity.lrmer_low_re_cost_high_ng_price_25..co2e_kg,out.electricity.total.lrmer_low_re_cost_high_ng_price_25.co2e_kg.savings,kg,,,,out.total.lrmer_lowrecosthighngprice_25__electricity.co2e_kg.savings,out.total.lrmer_lowrecosthighngprice_25__electricity.co2e_kg.savings,kg,,"Scenario total emissions for Electricity only, includes any battery charging/discharging"
Calculated,yes,yes,float,no,,,out.emissions_reduction.total.lrmer_low_re_cost_high_ng_price_25..co2e_kg,out.all_fuels.total.lrmer_low_re_cost_high_ng_price_25.co2e_kg.savings,kg,,,,out.total.lrmer_lowrecosthighngprice_25.co2e_kg.savings,out.total.lrmer_lowrecosthighngprice_25.co2e_kg.savings,kg,,"Scenario total emissions reduction, includes any battery charging/discharging"
Calculated,yes,yes,float,no,,,out.emissions_reduction.electricity.lrmer_low_re_cost_high_ng_price_15..co2e_kg,out.electricity.total.lrmer_low_re_cost_high_ng_price_15.co2e_kg.savings,kg,,,,out.total.lrmer_lowrecosthighngprice_15__electricity.co2e_kg.savings,out.total.lrmer_lowrecosthighngprice_15__electricity.co2e_kg.savings,kg,,"Scenario total emissions for Electricity only, includes any battery charging/discharging"
Calculated,yes,yes,float,no,,,out.emissions_reduction.total.lrmer_low_re_cost_high_ng_price_15..co2e_kg,out.all_fuels.total.lrmer_low_re_cost_high_ng_price_15.co2e_kg.savings,kg,,,,out.total.lrmer_lowrecosthighngprice_15.co2e_kg.savings,out.total.lrmer_lowrecosthighngprice_15.co2e_kg.savings,kg,,"Scenario total emissions reduction, includes any battery charging/discharging"
Calculated,yes,yes,float,no,,,out.emissions_reduction.electricity.lrmer_high_re_cost_low_ng_price_25..co2e_kg,out.electricity.total.lrmer_high_re_cost_low_ng_price_25.co2e_kg.savings,kg,,,,out.total.lrmer_highrecostlowngprice_25__electricity.co2e_kg.savings,out.total.lrmer_highrecostlowngprice_25__electricity.co2e_kg.savings,kg,,"Scenario total emissions for Electricity only, includes any battery charging/discharging"
Calculated,yes,yes,float,no,,,out.emissions_reduction.total.lrmer_high_re_cost_low_ng_price_25..co2e_kg,out.all_fuels.total.lrmer_high_re_cost_low_ng_price_25.co2e_kg.savings,kg,,,,out.total.lrmer_highrecostlowngprice_25.co2e_kg.savings,out.total.lrmer_highrecostlowngprice_25.co2e_kg.savings,kg,,"Scenario total emissions reduction, includes any battery charging/discharging"
Calculated,yes,yes,float,no,,,out.emissions_reduction.electricity.lrmer_high_re_cost_low_ng_price_15..co2e_kg,out.electricity.total.lrmer_high_re_cost_low_ng_price_15.co2e_kg.savings,kg,,,,out.total.lrmer_highrecostlowngprice_15__electricity.co2e_kg.savings,out.total.lrmer_highrecostlowngprice_15__electricity.co2e_kg.savings,kg,,"Scenario total emissions for Electricity only, includes any battery charging/discharging"
Calculated,yes,yes,float,no,,,out.emissions_reduction.total.lrmer_high_re_cost_low_ng_price_15..co2e_kg,out.all_fuels.total.lrmer_high_re_cost_low_ng_price_15.co2e_kg.savings,kg,,,,out.total.lrmer_highrecostlowngprice_15.co2e_kg.savings,out.total.lrmer_highrecostlowngprice_15.co2e_kg.savings,kg,,"Scenario total emissions reduction, includes any battery charging/discharging"
Calculated,yes,yes,float,no,,,out.emissions_reduction.electricity.aer_high_re_cost_avg..co2e_kg,out.electricity.total.aer_high_re_cost_avg.co2e_kg.savings,kg,,,,out.total.aer_highrecost_avg__electricity.co2e_kg.savings,out.total.aer_highrecost_avg__electricity.co2e_kg.savings,kg,,"Scenario total emissions for Electricity only, includes any battery charging/discharging"
Calculated,yes,yes,float,no,,,out.emissions_reduction.total.aer_high_re_cost_avg..co2e_kg,out.all_fuels.total.aer_high_re_cost_avg.co2e_kg.savings,kg,,,,out.total.aer_highrecost_avg.co2e_kg.savings,out.total.aer_highrecost_avg.co2e_kg.savings,kg,,"Scenario total emissions reduction, includes any battery charging/discharging"
Calculated,yes,yes,float,no,,,out.emissions_reduction.electricity.aer_high_re_cost_low_ng_price_avg..co2e_kg,out.electricity.total.aer_high_re_cost_low_ng_price_avg.co2e_kg.savings,kg,,,,out.total.aer_highrecostlowngprice_avg__electricity.co2e_kg.savings,out.total.aer_highrecostlowngprice_avg__electricity.co2e_kg.savings,kg,,"Scenario total emissions for Electricity only, includes any battery charging/discharging"
Calculated,yes,yes,float,no,,,out.emissions_reduction.total.aer_high_re_cost_low_ng_price_avg..co2e_kg,out.all_fuels.total.aer_high_re_cost_low_ng_price_avg.co2e_kg.savings,kg,,,,out.total.aer_highrecostlowngprice_avg.co2e_kg.savings,out.total.aer_highrecostlowngprice_avg.co2e_kg.savings,kg,,"Scenario total emissions reduction, includes any battery charging/discharging"
Calculated,yes,yes,float,no,,,out.emissions_reduction.electricity.aer_low_re_cost_avg..co2e_kg,out.electricity.total.aer_low_re_cost_avg.co2e_kg.savings,kg,,,,out.total.aer_lowrecost_avg__electricity.co2e_kg.savings,out.total.aer_lowrecost_avg__electricity.co2e_kg.savings,kg,,"Scenario total emissions for Electricity only, includes any battery charging/discharging"
Calculated,yes,yes,float,no,,,out.emissions_reduction.total.aer_low_re_cost_avg..co2e_kg,out.all_fuels.total.aer_low_re_cost_avg.co2e_kg.savings,kg,,,,out.total.aer_lowrecost_avg.co2e_kg.savings,out.total.aer_lowrecost_avg.co2e_kg.savings,kg,,"Scenario total emissions reduction, includes any battery charging/discharging"
Calculated,yes,yes,float,no,,,out.emissions_reduction.electricity.aer_low_re_cost_high_ng_price_avg..co2e_kg,out.electricity.total.aer_low_re_cost_high_ng_price_avg.co2e_kg.savings,kg,,,,out.total.aer_lowrecosthighngprice_avg__electricity.co2e_kg.savings,out.total.aer_lowrecosthighngprice_avg__electricity.co2e_kg.savings,kg,,"Scenario total emissions for Electricity only, includes any battery charging/discharging"
Calculated,yes,yes,float,no,,,out.emissions_reduction.total.aer_low_re_cost_high_ng_price_avg..co2e_kg,out.all_fuels.total.aer_low_re_cost_high_ng_price_avg.co2e_kg.savings,kg,,,,out.total.aer_lowrecosthighngprice_avg.co2e_kg.savings,out.total.aer_lowrecosthighngprice_avg.co2e_kg.savings,kg,,"Scenario total emissions reduction, includes any battery charging/discharging"
Calculated,yes,yes,float,no,,,out.emissions_reduction.electricity.aer_mid_case_avg..co2e_kg,out.electricity.total.aer_mid_case_avg.co2e_kg.savings,kg,,,,out.total.aer_midcase_avg__electricity.co2e_kg.savings,out.total.aer_midcase_avg__electricity.co2e_kg.savings,kg,,"Scenario total emissions for Electricity only, includes any battery charging/discharging"
Calculated,yes,yes,float,no,,,out.emissions_reduction.total.aer_mid_case_avg..co2e_kg,out.all_fuels.total.aer_mid_case_avg.co2e_kg.savings,kg,,,,out.total.aer_midcase_avg.co2e_kg.savings,out.total.aer_midcase_avg.co2e_kg.savings,kg,,"Scenario total emissions reduction, includes any battery charging/discharging"
Calculated,yes,yes,float,no,,,out.utility_bills.electricity_bill..usd,out.bills.electricity.usd,usd,1,,,,,,,Annual total charges for electricity.
Calculated,yes,yes,float,no,,,out.utility_bills.fuel_oil_bill..usd,out.bills.fuel_oil.usd,usd,1,,,,,,,Annual total charges for fuel oil.
Calculated,yes,yes,float,no,,,out.utility_bills.natural_gas_bill..usd,out.bills.natural_gas.usd,usd,1,,,,,,,Annual total charges for natural gas.
Calculated,yes,yes,float,no,,,out.utility_bills.propane_bill..usd,out.bills.propane.usd,usd,1,,,,,,,Annual total charges for propane.
Calculated,yes,yes,float,no,,,out.utility_bills.total_bill..usd,out.bills.all_fuels.usd,usd,1,,,,,,,Annual total charges for all fuels.
Calculated,yes,yes,float,no,,,out.utility_bills.electricity_bill_savings..usd,out.bills.electricity.usd.savings,usd,,,,,,,,Savings on the scenario annual total charges for electricity.
Calculated,yes,yes,float,no,,,out.utility_bills.fuel_oil_bill_savings..usd,out.bills.fuel_oil.usd.savings,usd,,,,,,,,Savings on the scenario annual total charges for fuel oil.
Calculated,yes,yes,float,no,,,out.utility_bills.natural_gas_bill_savings..usd,out.bills.natural_gas.usd.savings,usd,,,,,,,,Savings on the scenario annual total charges for natural gas.
Calculated,yes,yes,float,no,,,out.utility_bills.propane_bill_savings..usd,out.bills.propane.usd.savings,usd,,,,,,,,Savings on the scenario annual total charges for propane.
Calculated,yes,yes,float,no,,,out.utility_bills.total_bill_savings..usd,out.bills.all_fuels.usd.savings,usd,,,,,,,,Savings on the scenario annual total charges.
Calculated,yes,yes,float,no,,,out.energy_burden_savings..percentage,out.energy_burden.percentage.savings,percentage,,,,,,,,Reduction on the percentage of income spent on energy
Calculated,yes,yes,float,no,,,out.electricity.ceiling_fan.energy_consumption_intensity..kwh_per_ft2,,kwh_per_ft2,,,,,,,,Calculated from annual energy consumption by dividing by conditioned floor area
Calculated,yes,yes,float,no,,,out.electricity.ceiling_fan.energy_savings_intensity..kwh_per_ft2,,kwh_per_ft2,,,,,,,,Calculated from annual energy savings by dividing by conditioned floor area
Calculated,yes,yes,float,no,,,out.electricity.clothes_dryer.energy_consumption_intensity..kwh_per_ft2,,kwh_per_ft2,,,,,,,,Calculated from annual energy consumption by dividing by conditioned floor area
Calculated,yes,yes,float,no,,,out.electricity.clothes_dryer.energy_savings_intensity..kwh_per_ft2,,kwh_per_ft2,,,,,,,,Calculated from annual energy savings by dividing by conditioned floor area
Calculated,yes,yes,float,no,,,out.electricity.clothes_washer.energy_consumption_intensity..kwh_per_ft2,,kwh_per_ft2,,,,,,,,Calculated from annual energy consumption by dividing by conditioned floor area
Calculated,yes,yes,float,no,,,out.electricity.clothes_washer.energy_savings_intensity..kwh_per_ft2,,kwh_per_ft2,,,,,,,,Calculated from annual energy savings by dividing by conditioned floor area
Calculated,yes,yes,float,no,,,out.electricity.cooling.energy_consumption_intensity..kwh_per_ft2,,kwh_per_ft2,,,,,,,,Calculated from annual energy consumption by dividing by conditioned floor area
Calculated,yes,yes,float,no,,,out.electricity.cooling.energy_savings_intensity..kwh_per_ft2,,kwh_per_ft2,,,,,,,,Calculated from annual energy savings by dividing by conditioned floor area
Calculated,yes,yes,float,no,,,out.electricity.cooling_fans_pumps.energy_consumption_intensity..kwh_per_ft2,,kwh_per_ft2,,,,,,,,Calculated from annual energy consumption by dividing by conditioned floor area
Calculated,yes,yes,float,no,,,out.electricity.cooling_fans_pumps.energy_savings_intensity..kwh_per_ft2,,kwh_per_ft2,,,,,,,,Calculated from annual energy savings by dividing by conditioned floor area
Calculated,yes,yes,float,no,,,out.electricity.dishwasher.energy_consumption_intensity..kwh_per_ft2,,kwh_per_ft2,,,,,,,,Calculated from annual energy consumption by dividing by conditioned floor area
Calculated,yes,yes,float,no,,,out.electricity.dishwasher.energy_savings_intensity..kwh_per_ft2,,kwh_per_ft2,,,,,,,,Calculated from annual energy savings by dividing by conditioned floor area
Calculated,yes,yes,float,no,,,out.electricity.ev_charging.energy_consumption_intensity..kwh_per_ft2,,kwh_per_ft2,,,,,,,,Calculated from annual energy consumption by dividing by conditioned floor area
Calculated,yes,yes,float,no,,,out.electricity.ev_charging.energy_savings_intensity..kwh_per_ft2,,kwh_per_ft2,,,,,,,,Calculated from annual energy savings by dividing by conditioned floor area
Calculated,yes,yes,float,no,,,out.electricity.freezer.energy_consumption_intensity..kwh_per_ft2,,kwh_per_ft2,,,,,,,,Calculated from annual energy consumption by dividing by conditioned floor area
Calculated,yes,yes,float,no,,,out.electricity.freezer.energy_savings_intensity..kwh_per_ft2,,kwh_per_ft2,,,,,,,,Calculated from annual energy savings by dividing by conditioned floor area
Calculated,yes,yes,float,no,,,out.electricity.heating.energy_consumption_intensity..kwh_per_ft2,,kwh_per_ft2,,,,,,,,Calculated from annual energy consumption by dividing by conditioned floor area
Calculated,yes,yes,float,no,,,out.electricity.heating.energy_savings_intensity..kwh_per_ft2,,kwh_per_ft2,,,,,,,,Calculated from annual energy savings by dividing by conditioned floor area
Calculated,yes,yes,float,no,,,out.electricity.heating_fans_pumps.energy_consumption_intensity..kwh_per_ft2,,kwh_per_ft2,,,,,,,,Calculated from annual energy consumption by dividing by conditioned floor area
Calculated,yes,yes,float,no,,,out.electricity.heating_fans_pumps.energy_savings_intensity..kwh_per_ft2,,kwh_per_ft2,,,,,,,,Calculated from annual energy savings by dividing by conditioned floor area
Calculated,yes,yes,float,no,,,out.electricity.heating_hp_bkup.energy_consumption_intensity..kwh_per_ft2,,kwh_per_ft2,,,,,,,,Calculated from annual energy consumption by dividing by conditioned floor area
Calculated,yes,yes,float,no,,,out.electricity.heating_hp_bkup.energy_savings_intensity..kwh_per_ft2,,kwh_per_ft2,,,,,,,,Calculated from annual energy savings by dividing by conditioned floor area
Calculated,yes,yes,float,no,,,out.electricity.heating_hp_bkup_fa.energy_consumption_intensity..kwh_per_ft2,,kwh_per_ft2,,,,,,,,Calculated from annual energy consumption by dividing by conditioned floor area
Calculated,yes,yes,float,no,,,out.electricity.heating_hp_bkup_fa.energy_savings_intensity..kwh_per_ft2,,kwh_per_ft2,,,,,,,,Calculated from annual energy savings by dividing by conditioned floor area
Calculated,yes,yes,float,no,,,out.electricity.hot_water.energy_consumption_intensity..kwh_per_ft2,,kwh_per_ft2,,,,,,,,Calculated from annual energy consumption by dividing by conditioned floor area
Calculated,yes,yes,float,no,,,out.electricity.hot_water.energy_savings_intensity..kwh_per_ft2,,kwh_per_ft2,,,,,,,,Calculated from annual energy savings by dividing by conditioned floor area
Calculated,yes,yes,float,no,,,out.electricity.hot_water_solar_th.energy_consumption_intensity..kwh_per_ft2,,kwh_per_ft2,,,,,,,,Calculated from annual energy consumption by dividing by conditioned floor area
Calculated,yes,yes,float,no,,,out.electricity.hot_water_solar_th.energy_savings_intensity..kwh_per_ft2,,kwh_per_ft2,,,,,,,,Calculated from annual energy savings by dividing by conditioned floor area
Calculated,yes,yes,float,no,,,out.electricity.lighting_exterior.energy_consumption_intensity..kwh_per_ft2,,kwh_per_ft2,,,,,,,,Calculated from annual energy consumption by dividing by conditioned floor area
Calculated,yes,yes,float,no,,,out.electricity.lighting_exterior.energy_savings_intensity..kwh_per_ft2,,kwh_per_ft2,,,,,,,,Calculated from annual energy savings by dividing by conditioned floor area
Calculated,yes,yes,float,no,,,out.electricity.lighting_garage.energy_consumption_intensity..kwh_per_ft2,,kwh_per_ft2,,,,,,,,Calculated from annual energy consumption by dividing by conditioned floor area
Calculated,yes,yes,float,no,,,out.electricity.lighting_garage.energy_savings_intensity..kwh_per_ft2,,kwh_per_ft2,,,,,,,,Calculated from annual energy savings by dividing by conditioned floor area
Calculated,yes,yes,float,no,,,out.electricity.lighting_interior.energy_consumption_intensity..kwh_per_ft2,,kwh_per_ft2,,,,,,,,Calculated from annual energy consumption by dividing by conditioned floor area
Calculated,yes,yes,float,no,,,out.electricity.lighting_interior.energy_savings_intensity..kwh_per_ft2,,kwh_per_ft2,,,,,,,,Calculated from annual energy savings by dividing by conditioned floor area
Calculated,yes,yes,float,no,,,out.electricity.mech_vent.energy_consumption_intensity..kwh_per_ft2,,kwh_per_ft2,,,,,,,,Calculated from annual energy consumption by dividing by conditioned floor area
Calculated,yes,yes,float,no,,,out.electricity.mech_vent.energy_savings_intensity..kwh_per_ft2,,kwh_per_ft2,,,,,,,,Calculated from annual energy savings by dividing by conditioned floor area
Calculated,yes,yes,float,no,,,out.electricity.net.energy_consumption_intensity..kwh_per_ft2,,kwh_per_ft2,,,,,,,,Calculated from annual energy consumption by dividing by conditioned floor area
Calculated,yes,yes,float,no,,,out.electricity.net.energy_savings_intensity..kwh_per_ft2,,kwh_per_ft2,,,,,,,,Calculated from annual energy savings by dividing by conditioned floor area
Calculated,yes,yes,float,no,,,out.electricity.permanent_spa_heat.energy_consumption_intensity..kwh_per_ft2,,kwh_per_ft2,,,,,,,,Calculated from annual energy consumption by dividing by conditioned floor area
Calculated,yes,yes,float,no,,,out.electricity.permanent_spa_heat.energy_savings_intensity..kwh_per_ft2,,kwh_per_ft2,,,,,,,,Calculated from annual energy savings by dividing by conditioned floor area
Calculated,yes,yes,float,no,,,out.electricity.permanent_spa_pump.energy_consumption_intensity..kwh_per_ft2,,kwh_per_ft2,,,,,,,,Calculated from annual energy consumption by dividing by conditioned floor area
Calculated,yes,yes,float,no,,,out.electricity.permanent_spa_pump.energy_savings_intensity..kwh_per_ft2,,kwh_per_ft2,,,,,,,,Calculated from annual energy savings by dividing by conditioned floor area
Calculated,yes,yes,float,no,,,out.electricity.plug_loads.energy_consumption_intensity..kwh_per_ft2,,kwh_per_ft2,,,,,,,,Calculated from annual energy consumption by dividing by conditioned floor area
Calculated,yes,yes,float,no,,,out.electricity.plug_loads.energy_savings_intensity..kwh_per_ft2,,kwh_per_ft2,,,,,,,,Calculated from annual energy savings by dividing by conditioned floor area
Calculated,yes,yes,float,no,,,out.electricity.pool_heater.energy_consumption_intensity..kwh_per_ft2,,kwh_per_ft2,,,,,,,,Calculated from annual energy consumption by dividing by conditioned floor area
Calculated,yes,yes,float,no,,,out.electricity.pool_heater.energy_savings_intensity..kwh_per_ft2,,kwh_per_ft2,,,,,,,,Calculated from annual energy savings by dividing by conditioned floor area
Calculated,yes,yes,float,no,,,out.electricity.pool_pump.energy_consumption_intensity..kwh_per_ft2,,kwh_per_ft2,,,,,,,,Calculated from annual energy consumption by dividing by conditioned floor area
Calculated,yes,yes,float,no,,,out.electricity.pool_pump.energy_savings_intensity..kwh_per_ft2,,kwh_per_ft2,,,,,,,,Calculated from annual energy savings by dividing by conditioned floor area
Calculated,yes,yes,float,no,,,out.electricity.pv.energy_consumption_intensity..kwh_per_ft2,,kwh_per_ft2,,,,,,,,Calculated from annual energy consumption by dividing by conditioned floor area
Calculated,yes,yes,float,no,,,out.electricity.pv.energy_savings_intensity..kwh_per_ft2,,kwh_per_ft2,,,,,,,,Calculated from annual energy savings by dividing by conditioned floor area
Calculated,yes,yes,float,no,,,out.electricity.range_oven.energy_consumption_intensity..kwh_per_ft2,,kwh_per_ft2,,,,,,,,Calculated from annual energy consumption by dividing by conditioned floor area
Calculated,yes,yes,float,no,,,out.electricity.range_oven.energy_savings_intensity..kwh_per_ft2,,kwh_per_ft2,,,,,,,,Calculated from annual energy savings by dividing by conditioned floor area
Calculated,yes,yes,float,no,,,out.electricity.refrigerator.energy_consumption_intensity..kwh_per_ft2,,kwh_per_ft2,,,,,,,,Calculated from annual energy consumption by dividing by conditioned floor area
Calculated,yes,yes,float,no,,,out.electricity.refrigerator.energy_savings_intensity..kwh_per_ft2,,kwh_per_ft2,,,,,,,,Calculated from annual energy savings by dividing by conditioned floor area
Calculated,yes,yes,float,no,,,out.electricity.television.energy_consumption_intensity..kwh_per_ft2,,kwh_per_ft2,,,,,,,,Calculated from annual energy consumption by dividing by conditioned floor area
Calculated,yes,yes,float,no,,,out.electricity.television.energy_savings_intensity..kwh_per_ft2,,kwh_per_ft2,,,,,,,,Calculated from annual energy savings by dividing by conditioned floor area
Calculated,yes,yes,float,no,,,out.electricity.total.energy_consumption_intensity..kwh_per_ft2,,kwh_per_ft2,,,,,,,,Calculated from annual energy consumption by dividing by conditioned floor area
Calculated,yes,yes,float,no,,,out.electricity.total.energy_savings_intensity..kwh_per_ft2,,kwh_per_ft2,,,,,,,,Calculated from annual energy savings by dividing by conditioned floor area
Calculated,yes,yes,float,no,,,out.electricity.well_pump.energy_consumption_intensity..kwh_per_ft2,,kwh_per_ft2,,,,,,,,Calculated from annual energy consumption by dividing by conditioned floor area
Calculated,yes,yes,float,no,,,out.electricity.well_pump.energy_savings_intensity..kwh_per_ft2,,kwh_per_ft2,,,,,,,,Calculated from annual energy savings by dividing by conditioned floor area
Calculated,yes,yes,float,no,,,out.fuel_oil.heating.energy_consumption_intensity..kwh_per_ft2,,kwh_per_ft2,,,,,,,,Calculated from annual energy consumption by dividing by conditioned floor area
Calculated,yes,yes,float,no,,,out.fuel_oil.heating.energy_savings_intensity..kwh_per_ft2,,kwh_per_ft2,,,,,,,,Calculated from annual energy savings by dividing by conditioned floor area
Calculated,yes,yes,float,no,,,out.fuel_oil.heating_hp_bkup.energy_consumption_intensity..kwh_per_ft2,out.fuel_oil.heating_hp_bkup.energy_consumption_intensity..kwh_per_ft2,kwh_per_ft2,,,,,,,,Calculated from annual energy consumption by dividing by conditioned floor area
Calculated,yes,yes,float,no,,,out.fuel_oil.heating_hp_bkup.energy_savings_intensity..kwh_per_ft2,out.fuel_oil.heating_hp_bkup.energy_savings_intensity..kwh_per_ft2,kwh_per_ft2,,,,,,,,Calculated from annual energy savings by dividing by conditioned floor area
Calculated,yes,yes,float,no,,,out.fuel_oil.hot_water.energy_consumption_intensity..kwh_per_ft2,,kwh_per_ft2,,,,,,,,Calculated from annual energy consumption by dividing by conditioned floor area
Calculated,yes,yes,float,no,,,out.fuel_oil.hot_water.energy_savings_intensity..kwh_per_ft2,,kwh_per_ft2,,,,,,,,Calculated from annual energy savings by dividing by conditioned floor area
Calculated,yes,yes,float,no,,,out.fuel_oil.total.energy_consumption_intensity..kwh_per_ft2,,kwh_per_ft2,,,,,,,,Calculated from annual energy consumption by dividing by conditioned floor area
Calculated,yes,yes,float,no,,,out.fuel_oil.total.energy_savings_intensity..kwh_per_ft2,,kwh_per_ft2,,,,,,,,Calculated from annual energy savings by dividing by conditioned floor area
Calculated,yes,yes,float,no,,,out.natural_gas.clothes_dryer.energy_consumption_intensity..kwh_per_ft2,,kwh_per_ft2,,,,,,,,Calculated from annual energy consumption by dividing by conditioned floor area
Calculated,yes,yes,float,no,,,out.natural_gas.clothes_dryer.energy_savings_intensity..kwh_per_ft2,,kwh_per_ft2,,,,,,,,Calculated from annual energy savings by dividing by conditioned floor area
Calculated,yes,yes,float,no,,,out.natural_gas.fireplace.energy_consumption_intensity..kwh_per_ft2,,kwh_per_ft2,,,,,,,,Calculated from annual energy consumption by dividing by conditioned floor area
Calculated,yes,yes,float,no,,,out.natural_gas.fireplace.energy_savings_intensity..kwh_per_ft2,,kwh_per_ft2,,,,,,,,Calculated from annual energy savings by dividing by conditioned floor area
Calculated,yes,yes,float,no,,,out.natural_gas.grill.energy_consumption_intensity..kwh_per_ft2,,kwh_per_ft2,,,,,,,,Calculated from annual energy consumption by dividing by conditioned floor area
Calculated,yes,yes,float,no,,,out.natural_gas.grill.energy_savings_intensity..kwh_per_ft2,,kwh_per_ft2,,,,,,,,Calculated from annual energy savings by dividing by conditioned floor area
Calculated,yes,yes,float,no,,,out.natural_gas.heating.energy_consumption_intensity..kwh_per_ft2,,kwh_per_ft2,,,,,,,,Calculated from annual energy consumption by dividing by conditioned floor area
Calculated,yes,yes,float,no,,,out.natural_gas.heating.energy_savings_intensity..kwh_per_ft2,,kwh_per_ft2,,,,,,,,Calculated from annual energy savings by dividing by conditioned floor area
Calculated,yes,yes,float,no,,,out.natural_gas.heating_hp_bkup.energy_consumption_intensity..kwh_per_ft2,out.natural_gas.heating_hp_bkup.energy_consumption_intensity..kwh_per_ft2,kwh_per_ft2,,,,,,,,Calculated from annual energy consumption by dividing by conditioned floor area
Calculated,yes,yes,float,no,,,out.natural_gas.heating_hp_bkup.energy_savings_intensity..kwh_per_ft2,out.natural_gas.heating_hp_bkup.energy_savings_intensity..kwh_per_ft2,kwh_per_ft2,,,,,,,,Calculated from annual energy savings by dividing by conditioned floor area
Calculated,yes,yes,float,no,,,out.natural_gas.hot_water.energy_consumption_intensity..kwh_per_ft2,,kwh_per_ft2,,,,,,,,Calculated from annual energy consumption by dividing by conditioned floor area
Calculated,yes,yes,float,no,,,out.natural_gas.hot_water.energy_savings_intensity..kwh_per_ft2,,kwh_per_ft2,,,,,,,,Calculated from annual energy savings by dividing by conditioned floor area
Calculated,yes,yes,float,no,,,out.natural_gas.lighting.energy_consumption_intensity..kwh_per_ft2,,kwh_per_ft2,,,,,,,,Calculated from annual energy consumption by dividing by conditioned floor area
Calculated,yes,yes,float,no,,,out.natural_gas.lighting.energy_savings_intensity..kwh_per_ft2,,kwh_per_ft2,,,,,,,,Calculated from annual energy savings by dividing by conditioned floor area
Calculated,yes,yes,float,no,,,out.natural_gas.permanent_spa_heat.energy_consumption_intensity..kwh_per_ft2,,kwh_per_ft2,,,,,,,,Calculated from annual energy consumption by dividing by conditioned floor area
Calculated,yes,yes,float,no,,,out.natural_gas.permanent_spa_heat.energy_savings_intensity..kwh_per_ft2,,kwh_per_ft2,,,,,,,,Calculated from annual energy savings by dividing by conditioned floor area
Calculated,yes,yes,float,no,,,out.natural_gas.pool_heater.energy_consumption_intensity..kwh_per_ft2,,kwh_per_ft2,,,,,,,,Calculated from annual energy consumption by dividing by conditioned floor area
Calculated,yes,yes,float,no,,,out.natural_gas.pool_heater.energy_savings_intensity..kwh_per_ft2,,kwh_per_ft2,,,,,,,,Calculated from annual energy savings by dividing by conditioned floor area
Calculated,yes,yes,float,no,,,out.natural_gas.range_oven.energy_consumption_intensity..kwh_per_ft2,,kwh_per_ft2,,,,,,,,Calculated from annual energy consumption by dividing by conditioned floor area
Calculated,yes,yes,float,no,,,out.natural_gas.range_oven.energy_savings_intensity..kwh_per_ft2,,kwh_per_ft2,,,,,,,,Calculated from annual energy savings by dividing by conditioned floor area
Calculated,yes,yes,float,no,,,out.natural_gas.total.energy_consumption_intensity..kwh_per_ft2,,kwh_per_ft2,,,,,,,,Calculated from annual energy consumption by dividing by conditioned floor area
Calculated,yes,yes,float,no,,,out.natural_gas.total.energy_savings_intensity..kwh_per_ft2,,kwh_per_ft2,,,,,,,,Calculated from annual energy savings by dividing by conditioned floor area
Calculated,yes,yes,float,no,,,out.propane.clothes_dryer.energy_consumption_intensity..kwh_per_ft2,,kwh_per_ft2,,,,,,,,Calculated from annual energy consumption by dividing by conditioned floor area
Calculated,yes,yes,float,no,,,out.propane.clothes_dryer.energy_savings_intensity..kwh_per_ft2,,kwh_per_ft2,,,,,,,,Calculated from annual energy savings by dividing by conditioned floor area
Calculated,yes,yes,float,no,,,out.propane.heating.energy_consumption_intensity..kwh_per_ft2,,kwh_per_ft2,,,,,,,,Calculated from annual energy consumption by dividing by conditioned floor area
Calculated,yes,yes,float,no,,,out.propane.heating.energy_savings_intensity..kwh_per_ft2,,kwh_per_ft2,,,,,,,,Calculated from annual energy savings by dividing by conditioned floor area
Calculated,yes,yes,float,no,,,out.propane.heating_hp_bkup.energy_consumption_intensity..kwh_per_ft2,out.propane.heating_hp_bkup.energy_consumption_intensity..kwh_per_ft2,kwh_per_ft2,,,,,,,,Calculated from annual energy consumption by dividing by conditioned floor area
Calculated,yes,yes,float,no,,,out.propane.heating_hp_bkup.energy_savings_intensity..kwh_per_ft2,out.propane.heating_hp_bkup.energy_savings_intensity..kwh_per_ft2,kwh_per_ft2,,,,,,,,Calculated from annual energy savings by dividing by conditioned floor area
Calculated,yes,yes,float,no,,,out.propane.hot_water.energy_consumption_intensity..kwh_per_ft2,,kwh_per_ft2,,,,,,,,Calculated from annual energy consumption by dividing by conditioned floor area
Calculated,yes,yes,float,no,,,out.propane.hot_water.energy_savings_intensity..kwh_per_ft2,,kwh_per_ft2,,,,,,,,Calculated from annual energy savings by dividing by conditioned floor area
Calculated,yes,yes,float,no,,,out.propane.range_oven.energy_consumption_intensity..kwh_per_ft2,,kwh_per_ft2,,,,,,,,Calculated from annual energy consumption by dividing by conditioned floor area
Calculated,yes,yes,float,no,,,out.propane.range_oven.energy_savings_intensity..kwh_per_ft2,,kwh_per_ft2,,,,,,,,Calculated from annual energy savings by dividing by conditioned floor area
Calculated,yes,yes,float,no,,,out.propane.total.energy_consumption_intensity..kwh_per_ft2,,kwh_per_ft2,,,,,,,,Calculated from annual energy consumption by dividing by conditioned floor area
Calculated,yes,yes,float,no,,,out.propane.total.energy_savings_intensity..kwh_per_ft2,,kwh_per_ft2,,,,,,,,Calculated from annual energy savings by dividing by conditioned floor area
Calculated,yes,yes,float,no,,,out.site_energy.net.energy_consumption_intensity..kwh_per_ft2,,kwh_per_ft2,,,,,,,,Calculated from annual energy consumption by dividing by conditioned floor area
Calculated,yes,yes,float,no,,,out.site_energy.net.energy_savings_intensity..kwh_per_ft2,,kwh_per_ft2,,,,,,,,Calculated from annual energy savings by dividing by conditioned floor area
Calculated,yes,yes,float,no,,,out.site_energy.total.energy_consumption_intensity..kwh_per_ft2,,kwh_per_ft2,,,,,,,,Calculated from annual energy consumption by dividing by conditioned floor area
Calculated,yes,yes,float,no,,,out.site_energy.total.energy_savings_intensity..kwh_per_ft2,,kwh_per_ft2,,,,,,,,Calculated from annual energy savings by dividing by conditioned floor area
Calculated,yes,no,string,no,,,upgrade.clothes_dryer,,,,,,,,,,Indicates the type of clothes dryer the model is upgraded to. Blank value indicates no upgrade.
Calculated,yes,no,string,no,,,upgrade.cooking_range,,,,,,,,,,Indicates the type of cooking range the model is upgraded to. Blank value indicates no upgrade.
Calculated,yes,no,string,no,,,upgrade.cooling_setpoint_has_offset,,,,,,,,,,Indicates the cooling setpoint the model is upgraded to. Blank value indicates no upgrade.
Calculated,yes,no,string,no,,,upgrade.cooling_setpoint_offset_magnitude,,,,,,,,,,Indicates the magnitude of the cooling setpoint the model is upgraded to. Blank value indicates no upgrade.
Calculated,yes,no,string,no,,,upgrade.cooling_setpoint_offset_period,,,,,,,,,,Indicates the period of the cooling setpoint the model is upgraded to. Blank value indicates no upgrade.
Calculated,yes,yes,string,no,,,upgrade.electric_vehicle_charger,,,,,,,,,,Indicates the electric vehicle charger the model is upgraded to. Blank value indicates no upgrade.
Calculated,yes,yes,string,no,,,upgrade.electric_vehicle_efficiency_increase,,,,,,,,,,Indicates the efficiency increase of the electric vehicle the model is upgraded to. Blank value indicates no upgrade.
Calculated,yes,yes,string,no,,,upgrade.electric_vehicle_ownership,,,,,,,,,,Indicates the electric vehicle ownership of the building the model is upgraded to. Blank value indicates no upgrade.
Calculated,yes,yes,string,no,,,upgrade.heating_fuel,,,,,,,,,,Indicates the heating fuel the model is upgraded to. Blank value indicates no upgrade.
Calculated,yes,no,string,no,,,upgrade.heating_setpoint_has_offset,,,,,,,,,,Indicates the heating setpoint offset the model is upgraded to. Blank value indicates no upgrade.
Calculated,yes,no,string,no,,,upgrade.heating_setpoint_offset_magnitude,,,,,,,,,,Indicates the magnitude of the heating setpoint offset the model is upgraded to. Blank value indicates no upgrade.
Calculated,yes,no,string,no,,,upgrade.heating_setpoint_offset_period,,,,,,,,,,Indicates the period of the heating setpoint offset the model is upgraded to. Blank value indicates no upgrade.
Calculated,yes,yes,string,no,,,upgrade.hvac_cooling_efficiency,,,,,,,,,,Indicates the efficiency of the HVAC cooling the model is upgraded to. Blank value indicates no upgrade.
Calculated,yes,yes,string,no,,,upgrade.hvac_cooling_partial_space_conditioning,,,,,,,,,,Indicates the partial space conditioning of the HVAC cooling the model is upgraded to. Blank value indicates no upgrade.
Calculated,yes,yes,string,no,,,upgrade.hvac_heating_efficiency,,,,,,,,,,Indicates the efficiency of the HVAC heating the model is upgraded to. Blank value indicates no upgrade.
Calculated,yes,yes,string,no,,,upgrade.hvac_heating_type_and_fuel,,,,,,,,,,Indicates the heating type and fuel the model is upgraded to. Blank value indicates no upgrade.
Calculated,yes,yes,string,no,,,upgrade.hvac_secondary_heating_efficiency,,,,,,,,,,Indicates the efficiency of the HVAC secondary heating the model is upgraded to. Blank value indicates no upgrade.
Calculated,yes,no,string,no,,,upgrade.hvac_secondary_heating_fuel,,,,,,,,,,Indicates the fuel of the HVAC secondary heating the model is upgraded to. Blank value indicates no upgrade.
Calculated,yes,yes,string,no,,,upgrade.infiltration_reduction,,,,,,,,,,Indicates the infiltration reduction of the building the model is upgraded to. Blank value indicates no upgrade.
Calculated,yes,yes,string,no,,,upgrade.insulation_ceiling,,,,,,,,,,Indicates the insulation ceiling of the building the model is upgraded to. Blank value indicates no upgrade.
Calculated,yes,no,string,no,,,upgrade.misc_hot_tub_spa,,,,,,,,,,Indicates the hot tub or spa the model is upgraded to. Blank value indicates no upgrade.
Calculated,yes,no,string,no,,,upgrade.misc_pool_heater,,,,,,,,,,Indicates the pool heater the model is upgraded to. Blank value indicates no upgrade.
Calculated,yes,yes,string,no,,,upgrade.water_heater_efficiency,,,,,,,,,,Indicates the efficiency of the water heater the model is upgraded to. Blank value indicates no upgrade.
Calculated,yes,yes,string,no,,,upgrade.water_heater_fuel,,,,,,,,,,Indicates which fuel is used for the water heater the model is upgraded to. Blank value indicates no upgrade.
Calculated,yes,yes,string,no,,,upgrade.hvac_detailed_performance_data,,,,,,,,,,Indicates the HVAC detailed performance data the model is upgraded to. Blank value indicates no upgrade.
Calculated,yes,yes,string,no,,,upgrade.demand_flexibility_electric_vehicle,,,,,,,,,,Indicates if demand flexibility is applied to electric vehicle in the model. Blank value indicates the upgrade didn't apply.
Calculated,yes,yes,string,no,,,upgrade.demand_flexibility_hvac,,,,,,,,,,Indicates if demand flexibility is applied to HVAC in the model. Blank value indicates the upgrade didn't apply.
Calculated,yes,yes,string,no,,,upgrade.demand_flexibility_random_shift,,,,,,,,,,Indicates the number of minutes of random shift applied for demand flexibility in the model. Blank value indicates the upgrade didn't apply.
Calculated,yes,yes,string,no,,,upgrade.duct_leakage_and_insulation,,,,,,,,,,Indicates the duct leakge to outside and duct insulation the model is upgraded to. Blank value indicates the upgrade didn't apply.
Calculated,yes,yes,string,no,,,upgrade.infiltration,,,,,,,,,,Indicates the infiltration rate the model is upgraded to. Blank value indicates the upgrade didn't apply.
Calculated,yes,yes,string,no,,,upgrade.insulation_wall,,,,,,,,,,Indicates the wall type and insulation the model is upgraded to. Blank value indicates the upgrade didn't apply.
Calculated,yes,yes,string,no,,,upgrade.windows,,,,,,,,,,Only appears when at least one building has this upgrade.
Output,yes,yes,float,no,,,,,,,Site Outdoor Air Drybulb Temperature: Environment,C,out.outdoor_air_dryblub_temp.c,out.outdoor_air_dryblub_temp.c,C,1,
Output,yes,yes,float,no,,,,,,,Zone Mean Air Temperature: Air Source Heat Pump Airloop Ret Air Zone,C,out.zone_mean_air_temp.air_source_heat_pump_airloop_ret_air_zone.c,out.zone_mean_air_temp.air_source_heat_pump_airloop_ret_air_zone.c,C,1,
Output,yes,yes,float,no,,,,,,,Zone Mean Air Temperature: Attic - Vented,C,out.zone_mean_air_temp.attic_vented.c,out.zone_mean_air_temp.attic_vented.c,C,1,
Output,yes,yes,float,no,,,,,,,Zone Mean Air Temperature: Attic - Unvented,C,out.zone_mean_air_temp.attic_unvented.c,out.zone_mean_air_temp.attic_unvented.c,C,1,
Output,yes,yes,float,no,,,,,,,Zone Mean Air Temperature: Basement - Unconditioned,C,out.zone_mean_air_temp.basement_unconditioned.c,out.zone_mean_air_temp.basement_unconditioned.c,C,1,
Output,yes,yes,float,no,,,,,,,Zone Mean Air Temperature: Basement - Conditioned,C,out.zone_mean_air_temp.basement_conditioned.c,out.zone_mean_air_temp.basement_conditioned.c,C,1,
Output,yes,yes,float,no,,,,,,,Zone Mean Air Temperature: Central AC Airloop Ret Air Zone,C,out.zone_mean_air_temp.central_ac_airloop_ret_air_zone.c,out.zone_mean_air_temp.central_ac_airloop_ret_air_zone.c,C,1,
Output,yes,yes,float,no,,,,,,,Zone Mean Air Temperature: Central AC And Furnace Airloop Ret Air Zone,C,out.zone_mean_air_temp.central_ac_and_furnace_airloop_ret_air_zone.c,out.zone_mean_air_temp.central_ac_and_furnace_airloop_ret_air_zone.c,C,1,
Output,yes,yes,float,no,,,,,,,Zone Mean Air Temperature: Furnace Airloop Ret Air Zone,C,out.zone_mean_air_temp.furnace_airloop_ret_air_zone.c,out.zone_mean_air_temp.furnace_airloop_ret_air_zone.c,C,1,
Output,yes,yes,float,no,,,,,,,Zone Mean Air Temperature: Garage,C,out.zone_mean_air_temp.garage.c,out.zone_mean_air_temp.garage.c,C,1,
Output,yes,yes,float,no,,,,,,,Zone Mean Air Temperature: Ground Source Heat Pump Airloop Ret Air Zone,C,out.zone_mean_air_temp.ground_source_heat_pump_airloop_ret_air_zone.c,out.zone_mean_air_temp.ground_source_heat_pump_airloop_ret_air_zone.c,C,1,
Output,yes,yes,float,no,,,,,,,Zone Mean Air Temperature: Crawlspace - Unvented,C,out.zone_mean_air_temp.crawlspace_unvented.c,out.zone_mean_air_temp.crawlspace_unvented.c,C,1,
Output,yes,yes,float,no,,,,,,,Zone Mean Air Temperature: Crawlspace - Vented,C,out.zone_mean_air_temp.crawlspace_vented.c,out.zone_mean_air_temp.crawlspace_vented.c,C,1,
Output,yes,yes,float,no,,,,,,,Zone Mean Air Temperature: Conditioned Space,C,out.zone_mean_air_temp.conditioned_space.c,out.zone_mean_air_temp.conditioned_space.c,C,1,
Calculated,yes,yes,float,no,,,calc.weighted.electricity.ceiling_fan.energy_consumption..tbtu,,tbtu,,,,,,,,Calculated from annual results by multiplying by weight.
Calculated,yes,yes,float,no,,,calc.weighted.electricity.clothes_dryer.energy_consumption..tbtu,,tbtu,,,,,,,,Calculated from annual results by multiplying by weight.
Calculated,yes,yes,float,no,,,calc.weighted.electricity.clothes_washer.energy_consumption..tbtu,,tbtu,,,,,,,,Calculated from annual results by multiplying by weight.
Calculated,yes,yes,float,no,,,calc.weighted.electricity.cooling.energy_consumption..tbtu,,tbtu,,,,,,,,Calculated from annual results by multiplying by weight.
Calculated,yes,yes,float,no,,,calc.weighted.electricity.cooling_fans_pumps.energy_consumption..tbtu,,tbtu,,,,,,,,Calculated from annual results by multiplying by weight.
Calculated,yes,yes,float,no,,,calc.weighted.electricity.dishwasher.energy_consumption..tbtu,,tbtu,,,,,,,,Calculated from annual results by multiplying by weight.
Calculated,yes,yes,float,no,,,calc.weighted.electricity.ev_charging.energy_consumption..tbtu,,tbtu,,,,,,,,Calculated from annual results by multiplying by weight.
Calculated,yes,yes,float,no,,,calc.weighted.electricity.freezer.energy_consumption..tbtu,,tbtu,,,,,,,,Calculated from annual results by multiplying by weight.
Calculated,yes,yes,float,no,,,calc.weighted.electricity.heating.energy_consumption..tbtu,,tbtu,,,,,,,,Calculated from annual results by multiplying by weight.
Calculated,yes,yes,float,no,,,calc.weighted.electricity.heating_fans_pumps.energy_consumption..tbtu,,tbtu,,,,,,,,Calculated from annual results by multiplying by weight.
Calculated,yes,yes,float,no,,,calc.weighted.electricity.heating_hp_bkup.energy_consumption..tbtu,,tbtu,,,,,,,,Calculated from annual results by multiplying by weight.
Calculated,yes,yes,float,no,,,calc.weighted.electricity.heating_hp_bkup_fa.energy_consumption..tbtu,,tbtu,,,,,,,,Calculated from annual results by multiplying by weight.
Calculated,yes,yes,float,no,,,calc.weighted.electricity.hot_water.energy_consumption..tbtu,,tbtu,,,,,,,,Calculated from annual results by multiplying by weight.
Calculated,yes,yes,float,no,,,calc.weighted.electricity.hot_water_solar_th.energy_consumption..tbtu,,tbtu,,,,,,,,Calculated from annual results by multiplying by weight.
Calculated,yes,yes,float,no,,,calc.weighted.electricity.lighting_exterior.energy_consumption..tbtu,,tbtu,,,,,,,,Calculated from annual results by multiplying by weight.
Calculated,yes,yes,float,no,,,calc.weighted.electricity.lighting_garage.energy_consumption..tbtu,,tbtu,,,,,,,,Calculated from annual results by multiplying by weight.
Calculated,yes,yes,float,no,,,calc.weighted.electricity.lighting_interior.energy_consumption..tbtu,,tbtu,,,,,,,,Calculated from annual results by multiplying by weight.
Calculated,yes,yes,float,no,,,calc.weighted.electricity.mech_vent.energy_consumption..tbtu,,tbtu,,,,,,,,Calculated from annual results by multiplying by weight.
Calculated,yes,yes,float,no,,,calc.weighted.electricity.net.energy_consumption..tbtu,,tbtu,,,,,,,,Calculated from annual results by multiplying by weight.
Calculated,yes,yes,float,no,,,calc.weighted.electricity.permanent_spa_heat.energy_consumption..tbtu,,tbtu,,,,,,,,Calculated from annual results by multiplying by weight.
Calculated,yes,yes,float,no,,,calc.weighted.electricity.permanent_spa_pump.energy_consumption..tbtu,,tbtu,,,,,,,,Calculated from annual results by multiplying by weight.
Calculated,yes,yes,float,no,,,calc.weighted.electricity.plug_loads.energy_consumption..tbtu,,tbtu,,,,,,,,Calculated from annual results by multiplying by weight.
Calculated,yes,yes,float,no,,,calc.weighted.electricity.pool_heater.energy_consumption..tbtu,,tbtu,,,,,,,,Calculated from annual results by multiplying by weight.
Calculated,yes,yes,float,no,,,calc.weighted.electricity.pool_pump.energy_consumption..tbtu,,tbtu,,,,,,,,Calculated from annual results by multiplying by weight.
Calculated,yes,yes,float,no,,,calc.weighted.electricity.pv.energy_consumption..tbtu,,tbtu,,,,,,,,Calculated from annual results by multiplying by weight.
Calculated,yes,yes,float,no,,,calc.weighted.electricity.range_oven.energy_consumption..tbtu,,tbtu,,,,,,,,Calculated from annual results by multiplying by weight.
Calculated,yes,yes,float,no,,,calc.weighted.electricity.refrigerator.energy_consumption..tbtu,,tbtu,,,,,,,,Calculated from annual results by multiplying by weight.
Calculated,yes,yes,float,no,,,calc.weighted.electricity.television.energy_consumption..tbtu,,tbtu,,,,,,,,Calculated from annual results by multiplying by weight.
Calculated,yes,yes,float,no,,,calc.weighted.electricity.total.energy_consumption..tbtu,,tbtu,,,,,,,,Calculated from annual results by multiplying by weight.
Calculated,yes,yes,float,no,,,calc.weighted.electricity.well_pump.energy_consumption..tbtu,,tbtu,,,,,,,,Calculated from annual results by multiplying by weight.
Calculated,yes,yes,float,no,,,calc.weighted.fuel_oil.heating.energy_consumption..tbtu,,tbtu,,,,,,,,Calculated from annual results by multiplying by weight.
Calculated,yes,yes,float,no,,,calc.weighted.fuel_oil.heating_hp_bkup.energy_consumption..tbtu,calc.weighted.fuel_oil.heating_hp_bkup.energy_consumption..tbtu,tbtu,,,,,,,,Calculated from annual results by multiplying by weight.
Calculated,yes,yes,float,no,,,calc.weighted.fuel_oil.hot_water.energy_consumption..tbtu,,tbtu,,,,,,,,Calculated from annual results by multiplying by weight.
Calculated,yes,yes,float,no,,,calc.weighted.fuel_oil.total.energy_consumption..tbtu,,tbtu,,,,,,,,Calculated from annual results by multiplying by weight.
Calculated,yes,yes,float,no,,,calc.weighted.natural_gas.clothes_dryer.energy_consumption..tbtu,,tbtu,,,,,,,,Calculated from annual results by multiplying by weight.
Calculated,yes,yes,float,no,,,calc.weighted.natural_gas.fireplace.energy_consumption..tbtu,,tbtu,,,,,,,,Calculated from annual results by multiplying by weight.
Calculated,yes,yes,float,no,,,calc.weighted.natural_gas.grill.energy_consumption..tbtu,,tbtu,,,,,,,,Calculated from annual results by multiplying by weight.
Calculated,yes,yes,float,no,,,calc.weighted.natural_gas.heating.energy_consumption..tbtu,,tbtu,,,,,,,,Calculated from annual results by multiplying by weight.
Calculated,yes,yes,float,no,,,calc.weighted.natural_gas.heating_hp_bkup.energy_consumption..tbtu,calc.weighted.natural_gas.heating_hp_bkup.energy_consumption..tbtu,tbtu,,,,,,,,Calculated from annual results by multiplying by weight.
Calculated,yes,yes,float,no,,,calc.weighted.natural_gas.hot_water.energy_consumption..tbtu,,tbtu,,,,,,,,Calculated from annual results by multiplying by weight.
Calculated,yes,yes,float,no,,,calc.weighted.natural_gas.lighting.energy_consumption..tbtu,,tbtu,,,,,,,,Calculated from annual results by multiplying by weight.
Calculated,yes,yes,float,no,,,calc.weighted.natural_gas.permanent_spa_heat.energy_consumption..tbtu,,tbtu,,,,,,,,Calculated from annual results by multiplying by weight.
Calculated,yes,yes,float,no,,,calc.weighted.natural_gas.pool_heater.energy_consumption..tbtu,,tbtu,,,,,,,,Calculated from annual results by multiplying by weight.
Calculated,yes,yes,float,no,,,calc.weighted.natural_gas.range_oven.energy_consumption..tbtu,,tbtu,,,,,,,,Calculated from annual results by multiplying by weight.
Calculated,yes,yes,float,no,,,calc.weighted.natural_gas.total.energy_consumption..tbtu,,tbtu,,,,,,,,Calculated from annual results by multiplying by weight.
Calculated,yes,yes,float,no,,,calc.weighted.propane.clothes_dryer.energy_consumption..tbtu,,tbtu,,,,,,,,Calculated from annual results by multiplying by weight.
Calculated,yes,yes,float,no,,,calc.weighted.propane.heating.energy_consumption..tbtu,,tbtu,,,,,,,,Calculated from annual results by multiplying by weight.
Calculated,yes,yes,float,no,,,calc.weighted.propane.heating_hp_bkup.energy_consumption..tbtu,calc.weighted.propane.heating_hp_bkup.energy_consumption..tbtu,tbtu,,,,,,,,
Calculated,yes,yes,float,no,,,calc.weighted.propane.hot_water.energy_consumption..tbtu,,tbtu,,,,,,,,Calculated from annual results by multiplying by weight.
Calculated,yes,yes,float,no,,,calc.weighted.propane.range_oven.energy_consumption..tbtu,,tbtu,,,,,,,,Calculated from annual results by multiplying by weight.
Calculated,yes,yes,float,no,,,calc.weighted.propane.total.energy_consumption..tbtu,,tbtu,,,,,,,,Calculated from annual results by multiplying by weight.
Calculated,yes,yes,float,no,,,calc.weighted.site_energy.net.energy_consumption..tbtu,,tbtu,,,,,,,,Calculated from annual results by multiplying by weight.
Calculated,yes,yes,float,no,,,calc.weighted.site_energy.total.energy_consumption..tbtu,,tbtu,,,,,,,,Calculated from annual results by multiplying by weight.
Calculated,yes,yes,float,no,,,calc.weighted.emissions.total.aer_high_re_cost_avg..co2e_mmt,,co2e_mmt,,,,,,,,Calculated from annual results by multiplying by weight.
Calculated,yes,yes,float,no,,,calc.weighted.emissions.total.aer_high_re_cost_low_ng_price_avg..co2e_mmt,,co2e_mmt,,,,,,,,Calculated from annual results by multiplying by weight.
Calculated,yes,yes,float,no,,,calc.weighted.emissions.total.aer_low_re_cost_avg..co2e_mmt,,co2e_mmt,,,,,,,,Calculated from annual results by multiplying by weight.
Calculated,yes,yes,float,no,,,calc.weighted.emissions.total.aer_low_re_cost_high_ng_price_avg..co2e_mmt,,co2e_mmt,,,,,,,,Calculated from annual results by multiplying by weight.
Calculated,yes,yes,float,no,,,calc.weighted.emissions.total.aer_mid_case_avg..co2e_mmt,,co2e_mmt,,,,,,,,Calculated from annual results by multiplying by weight.
Calculated,yes,yes,float,no,,,calc.weighted.emissions.total.lrmer_high_re_cost_15..co2e_mmt,,co2e_mmt,,,,,,,,Calculated from annual results by multiplying by weight.
Calculated,yes,yes,float,no,,,calc.weighted.emissions.total.lrmer_high_re_cost_25..co2e_mmt,,co2e_mmt,,,,,,,,Calculated from annual results by multiplying by weight.
Calculated,yes,yes,float,no,,,calc.weighted.emissions.total.lrmer_high_re_cost_low_ng_price_15..co2e_mmt,,co2e_mmt,,,,,,,,Calculated from annual results by multiplying by weight.
Calculated,yes,yes,float,no,,,calc.weighted.emissions.total.lrmer_high_re_cost_low_ng_price_25..co2e_mmt,,co2e_mmt,,,,,,,,Calculated from annual results by multiplying by weight.
Calculated,yes,yes,float,no,,,calc.weighted.emissions.total.lrmer_low_re_cost_15..co2e_mmt,,co2e_mmt,,,,,,,,Calculated from annual results by multiplying by weight.
Calculated,yes,yes,float,no,,,calc.weighted.emissions.total.lrmer_low_re_cost_25..co2e_mmt,,co2e_mmt,,,,,,,,Calculated from annual results by multiplying by weight.
Calculated,yes,yes,float,no,,,calc.weighted.emissions.total.lrmer_low_re_cost_high_ng_price_15..co2e_mmt,,co2e_mmt,,,,,,,,Calculated from annual results by multiplying by weight.
Calculated,yes,yes,float,no,,,calc.weighted.emissions.total.lrmer_low_re_cost_high_ng_price_25..co2e_mmt,,co2e_mmt,,,,,,,,Calculated from annual results by multiplying by weight.
Calculated,yes,yes,float,no,,,calc.weighted.emissions.total.lrmer_mid_case_15..co2e_mmt,,co2e_mmt,,,,,,,,Calculated from annual results by multiplying by weight.
Calculated,yes,yes,float,no,,,calc.weighted.emissions.total.lrmer_mid_case_25..co2e_mmt,,co2e_mmt,,,,,,,,Calculated from annual results by multiplying by weight.
Calculated,yes,yes,float,no,,,calc.weighted.emissions.electricity.aer_high_re_cost_avg..co2e_mmt,,co2e_mmt,,,,,,,,Calculated from annual results by multiplying by weight.
Calculated,yes,yes,float,no,,,calc.weighted.emissions.electricity.aer_high_re_cost_low_ng_price_avg..co2e_mmt,,co2e_mmt,,,,,,,,Calculated from annual results by multiplying by weight.
Calculated,yes,yes,float,no,,,calc.weighted.emissions.electricity.aer_low_re_cost_avg..co2e_mmt,,co2e_mmt,,,,,,,,Calculated from annual results by multiplying by weight.
Calculated,yes,yes,float,no,,,calc.weighted.emissions.electricity.aer_low_re_cost_high_ng_price_avg..co2e_mmt,,co2e_mmt,,,,,,,,Calculated from annual results by multiplying by weight.
Calculated,yes,yes,float,no,,,calc.weighted.emissions.electricity.aer_mid_case_avg..co2e_mmt,,co2e_mmt,,,,,,,,Calculated from annual results by multiplying by weight.
Calculated,yes,yes,float,no,,,calc.weighted.emissions.electricity.lrmer_high_re_cost_15..co2e_mmt,,co2e_mmt,,,,,,,,Calculated from annual results by multiplying by weight.
Calculated,yes,yes,float,no,,,calc.weighted.emissions.electricity.lrmer_high_re_cost_25..co2e_mmt,,co2e_mmt,,,,,,,,Calculated from annual results by multiplying by weight.
Calculated,yes,yes,float,no,,,calc.weighted.emissions.electricity.lrmer_high_re_cost_low_ng_price_15..co2e_mmt,,co2e_mmt,,,,,,,,Calculated from annual results by multiplying by weight.
Calculated,yes,yes,float,no,,,calc.weighted.emissions.electricity.lrmer_high_re_cost_low_ng_price_25..co2e_mmt,,co2e_mmt,,,,,,,,Calculated from annual results by multiplying by weight.
Calculated,yes,yes,float,no,,,calc.weighted.emissions.electricity.lrmer_low_re_cost_15..co2e_mmt,,co2e_mmt,,,,,,,,Calculated from annual results by multiplying by weight.
Calculated,yes,yes,float,no,,,calc.weighted.emissions.electricity.lrmer_low_re_cost_25..co2e_mmt,,co2e_mmt,,,,,,,,Calculated from annual results by multiplying by weight.
Calculated,yes,yes,float,no,,,calc.weighted.emissions.electricity.lrmer_low_re_cost_high_ng_price_15..co2e_mmt,,co2e_mmt,,,,,,,,Calculated from annual results by multiplying by weight.
Calculated,yes,yes,float,no,,,calc.weighted.emissions.electricity.lrmer_low_re_cost_high_ng_price_25..co2e_mmt,,co2e_mmt,,,,,,,,Calculated from annual results by multiplying by weight.
Calculated,yes,yes,float,no,,,calc.weighted.emissions.electricity.lrmer_mid_case_15..co2e_mmt,,co2e_mmt,,,,,,,,Calculated from annual results by multiplying by weight.
Calculated,yes,yes,float,no,,,calc.weighted.emissions.electricity.lrmer_mid_case_25..co2e_mmt,,co2e_mmt,,,,,,,,Calculated from annual results by multiplying by weight.
Calculated,yes,yes,float,no,,,calc.weighted.emissions.fuel_oil.total..co2e_mmt,,co2e_mmt,,,,,,,,Calculated from annual results by multiplying by weight.
Calculated,yes,yes,float,no,,,calc.weighted.emissions.natural_gas.total..co2e_mmt,,co2e_mmt,,,,,,,,Calculated from annual results by multiplying by weight.
Calculated,yes,yes,float,no,,,calc.weighted.emissions.propane.total..co2e_mmt,,co2e_mmt,,,,,,,,Calculated from annual results by multiplying by weight.
Calculated,yes,yes,float,no,,,calc.weighted.emissions_reduction.total.aer_high_re_cost_avg..co2e_mmt,,co2e_mmt,,,,,,,,Calculated from annual results by multiplying by weight.
Calculated,yes,yes,float,no,,,calc.weighted.emissions_reduction.total.aer_high_re_cost_low_ng_price_avg..co2e_mmt,,co2e_mmt,,,,,,,,Calculated from annual results by multiplying by weight.
Calculated,yes,yes,float,no,,,calc.weighted.emissions_reduction.total.aer_low_re_cost_avg..co2e_mmt,,co2e_mmt,,,,,,,,Calculated from annual results by multiplying by weight.
Calculated,yes,yes,float,no,,,calc.weighted.emissions_reduction.total.aer_low_re_cost_high_ng_price_avg..co2e_mmt,,co2e_mmt,,,,,,,,Calculated from annual results by multiplying by weight.
Calculated,yes,yes,float,no,,,calc.weighted.emissions_reduction.total.aer_mid_case_avg..co2e_mmt,,co2e_mmt,,,,,,,,Calculated from annual results by multiplying by weight.
Calculated,yes,yes,float,no,,,calc.weighted.emissions_reduction.total.lrmer_high_re_cost_15..co2e_mmt,,co2e_mmt,,,,,,,,Calculated from annual results by multiplying by weight.
Calculated,yes,yes,float,no,,,calc.weighted.emissions_reduction.total.lrmer_high_re_cost_25..co2e_mmt,,co2e_mmt,,,,,,,,Calculated from annual results by multiplying by weight.
Calculated,yes,yes,float,no,,,calc.weighted.emissions_reduction.total.lrmer_high_re_cost_low_ng_price_15..co2e_mmt,,co2e_mmt,,,,,,,,Calculated from annual results by multiplying by weight.
Calculated,yes,yes,float,no,,,calc.weighted.emissions_reduction.total.lrmer_high_re_cost_low_ng_price_25..co2e_mmt,,co2e_mmt,,,,,,,,Calculated from annual results by multiplying by weight.
Calculated,yes,yes,float,no,,,calc.weighted.emissions_reduction.total.lrmer_low_re_cost_15..co2e_mmt,,co2e_mmt,,,,,,,,Calculated from annual results by multiplying by weight.
Calculated,yes,yes,float,no,,,calc.weighted.emissions_reduction.total.lrmer_low_re_cost_25..co2e_mmt,,co2e_mmt,,,,,,,,Calculated from annual results by multiplying by weight.
Calculated,yes,yes,float,no,,,calc.weighted.emissions_reduction.total.lrmer_low_re_cost_high_ng_price_15..co2e_mmt,,co2e_mmt,,,,,,,,Calculated from annual results by multiplying by weight.
Calculated,yes,yes,float,no,,,calc.weighted.emissions_reduction.total.lrmer_low_re_cost_high_ng_price_25..co2e_mmt,,co2e_mmt,,,,,,,,Calculated from annual results by multiplying by weight.
Calculated,yes,yes,float,no,,,calc.weighted.emissions_reduction.total.lrmer_mid_case_15..co2e_mmt,,co2e_mmt,,,,,,,,Calculated from annual results by multiplying by weight.
Calculated,yes,yes,float,no,,,calc.weighted.emissions_reduction.total.lrmer_mid_case_25..co2e_mmt,,co2e_mmt,,,,,,,,Calculated from annual results by multiplying by weight.
Calculated,yes,yes,float,no,,,calc.weighted.emissions_reduction.fuel_oil.total..co2e_mmt,,co2e_mmt,,,,,,,,Calculated from annual results by multiplying by weight.
Calculated,yes,yes,float,no,,,calc.weighted.emissions_reduction.natural_gas.total..co2e_mmt,,co2e_mmt,,,,,,,,Calculated from annual results by multiplying by weight.
Calculated,yes,yes,float,no,,,calc.weighted.emissions_reduction.propane.total..co2e_mmt,,co2e_mmt,,,,,,,,Calculated from annual results by multiplying by weight.
Calculated,yes,yes,float,no,,,calc.weighted.electricity.ceiling_fan.energy_savings..tbtu,,tbtu,,,,,,,,Calculated from annual results by multiplying by weight.
Calculated,yes,yes,float,no,,,calc.weighted.electricity.clothes_dryer.energy_savings..tbtu,,tbtu,,,,,,,,Calculated from annual results by multiplying by weight.
Calculated,yes,yes,float,no,,,calc.weighted.electricity.clothes_washer.energy_savings..tbtu,,tbtu,,,,,,,,Calculated from annual results by multiplying by weight.
Calculated,yes,yes,float,no,,,calc.weighted.electricity.cooling.energy_savings..tbtu,,tbtu,,,,,,,,Calculated from annual results by multiplying by weight.
Calculated,yes,yes,float,no,,,calc.weighted.electricity.cooling_fans_pumps.energy_savings..tbtu,,tbtu,,,,,,,,Calculated from annual results by multiplying by weight.
Calculated,yes,yes,float,no,,,calc.weighted.electricity.dishwasher.energy_savings..tbtu,,tbtu,,,,,,,,Calculated from annual results by multiplying by weight.
Calculated,yes,yes,float,no,,,calc.weighted.electricity.ev_charging.energy_savings..tbtu,,tbtu,,,,,,,,Calculated from annual results by multiplying by weight.
Calculated,yes,yes,float,no,,,calc.weighted.electricity.freezer.energy_savings..tbtu,,tbtu,,,,,,,,Calculated from annual results by multiplying by weight.
Calculated,yes,yes,float,no,,,calc.weighted.electricity.heating.energy_savings..tbtu,,tbtu,,,,,,,,Calculated from annual results by multiplying by weight.
Calculated,yes,yes,float,no,,,calc.weighted.electricity.heating_fans_pumps.energy_savings..tbtu,,tbtu,,,,,,,,Calculated from annual results by multiplying by weight.
Calculated,yes,yes,float,no,,,calc.weighted.electricity.heating_hp_bkup.energy_savings..tbtu,,tbtu,,,,,,,,Calculated from annual results by multiplying by weight.
Calculated,yes,yes,float,no,,,calc.weighted.electricity.heating_hp_bkup_fa.energy_savings..tbtu,,tbtu,,,,,,,,Calculated from annual results by multiplying by weight.
Calculated,yes,yes,float,no,,,calc.weighted.electricity.hot_water.energy_savings..tbtu,,tbtu,,,,,,,,Calculated from annual results by multiplying by weight.
Calculated,yes,yes,float,no,,,calc.weighted.electricity.hot_water_solar_th.energy_savings..tbtu,,tbtu,,,,,,,,Calculated from annual results by multiplying by weight.
Calculated,yes,yes,float,no,,,calc.weighted.electricity.lighting_exterior.energy_savings..tbtu,,tbtu,,,,,,,,Calculated from annual results by multiplying by weight.
Calculated,yes,yes,float,no,,,calc.weighted.electricity.lighting_garage.energy_savings..tbtu,,tbtu,,,,,,,,Calculated from annual results by multiplying by weight.
Calculated,yes,yes,float,no,,,calc.weighted.electricity.lighting_interior.energy_savings..tbtu,,tbtu,,,,,,,,Calculated from annual results by multiplying by weight.
Calculated,yes,yes,float,no,,,calc.weighted.electricity.mech_vent.energy_savings..tbtu,,tbtu,,,,,,,,Calculated from annual results by multiplying by weight.
Calculated,yes,yes,float,no,,,calc.weighted.electricity.net.energy_savings..tbtu,,tbtu,,,,,,,,Calculated from annual results by multiplying by weight.
Calculated,yes,yes,float,no,,,calc.weighted.electricity.permanent_spa_heat.energy_savings..tbtu,,tbtu,,,,,,,,Calculated from annual results by multiplying by weight.
Calculated,yes,yes,float,no,,,calc.weighted.electricity.permanent_spa_pump.energy_savings..tbtu,,tbtu,,,,,,,,Calculated from annual results by multiplying by weight.
Calculated,yes,yes,float,no,,,calc.weighted.electricity.plug_loads.energy_savings..tbtu,,tbtu,,,,,,,,Calculated from annual results by multiplying by weight.
Calculated,yes,yes,float,no,,,calc.weighted.electricity.pool_heater.energy_savings..tbtu,,tbtu,,,,,,,,Calculated from annual results by multiplying by weight.
Calculated,yes,yes,float,no,,,calc.weighted.electricity.pool_pump.energy_savings..tbtu,,tbtu,,,,,,,,Calculated from annual results by multiplying by weight.
Calculated,yes,yes,float,no,,,calc.weighted.electricity.pv.energy_savings..tbtu,,tbtu,,,,,,,,Calculated from annual results by multiplying by weight.
Calculated,yes,yes,float,no,,,calc.weighted.electricity.range_oven.energy_savings..tbtu,,tbtu,,,,,,,,Calculated from annual results by multiplying by weight.
Calculated,yes,yes,float,no,,,calc.weighted.electricity.refrigerator.energy_savings..tbtu,,tbtu,,,,,,,,Calculated from annual results by multiplying by weight.
Calculated,yes,yes,float,no,,,calc.weighted.electricity.television.energy_savings..tbtu,,tbtu,,,,,,,,Calculated from annual results by multiplying by weight.
Calculated,yes,yes,float,no,,,calc.weighted.electricity.total.energy_savings..tbtu,,tbtu,,,,,,,,Calculated from annual results by multiplying by weight.
Calculated,yes,yes,float,no,,,calc.weighted.electricity.well_pump.energy_savings..tbtu,,tbtu,,,,,,,,Calculated from annual results by multiplying by weight.
Calculated,yes,yes,float,no,,,calc.weighted.fuel_oil.heating.energy_savings..tbtu,,tbtu,,,,,,,,Calculated from annual results by multiplying by weight.
Calculated,yes,yes,float,no,,,calc.weighted.fuel_oil.heating_hp_bkup.energy_savings..tbtu,calc.weighted.fuel_oil.heating_hp_bkup.energy_savings..tbtu,tbtu,,,,,,,,Calculated from annual results by multiplying by weight.
Calculated,yes,yes,float,no,,,calc.weighted.fuel_oil.hot_water.energy_savings..tbtu,,tbtu,,,,,,,,Calculated from annual results by multiplying by weight.
Calculated,yes,yes,float,no,,,calc.weighted.fuel_oil.total.energy_savings..tbtu,,tbtu,,,,,,,,Calculated from annual results by multiplying by weight.
Calculated,yes,yes,float,no,,,calc.weighted.natural_gas.clothes_dryer.energy_savings..tbtu,,tbtu,,,,,,,,Calculated from annual results by multiplying by weight.
Calculated,yes,yes,float,no,,,calc.weighted.natural_gas.fireplace.energy_savings..tbtu,,tbtu,,,,,,,,Calculated from annual results by multiplying by weight.
Calculated,yes,yes,float,no,,,calc.weighted.natural_gas.grill.energy_savings..tbtu,,tbtu,,,,,,,,Calculated from annual results by multiplying by weight.
Calculated,yes,yes,float,no,,,calc.weighted.natural_gas.heating.energy_savings..tbtu,,tbtu,,,,,,,,Calculated from annual results by multiplying by weight.
Calculated,yes,yes,float,no,,,calc.weighted.natural_gas.heating_hp_bkup.energy_savings..tbtu,calc.weighted.natural_gas.heating_hp_bkup.energy_savings..tbtu,tbtu,,,,,,,,Calculated from annual results by multiplying by weight.
Calculated,yes,yes,float,no,,,calc.weighted.natural_gas.hot_water.energy_savings..tbtu,,tbtu,,,,,,,,Calculated from annual results by multiplying by weight.
Calculated,yes,yes,float,no,,,calc.weighted.natural_gas.lighting.energy_savings..tbtu,,tbtu,,,,,,,,Calculated from annual results by multiplying by weight.
Calculated,yes,yes,float,no,,,calc.weighted.natural_gas.permanent_spa_heat.energy_savings..tbtu,,tbtu,,,,,,,,Calculated from annual results by multiplying by weight.
Calculated,yes,yes,float,no,,,calc.weighted.natural_gas.pool_heater.energy_savings..tbtu,,tbtu,,,,,,,,Calculated from annual results by multiplying by weight.
Calculated,yes,yes,float,no,,,calc.weighted.natural_gas.range_oven.energy_savings..tbtu,,tbtu,,,,,,,,Calculated from annual results by multiplying by weight.
Calculated,yes,yes,float,no,,,calc.weighted.natural_gas.total.energy_savings..tbtu,,tbtu,,,,,,,,Calculated from annual results by multiplying by weight.
Calculated,yes,yes,float,no,,,calc.weighted.propane.clothes_dryer.energy_savings..tbtu,,tbtu,,,,,,,,Calculated from annual results by multiplying by weight.
Calculated,yes,yes,float,no,,,calc.weighted.propane.heating.energy_savings..tbtu,,tbtu,,,,,,,,Calculated from annual results by multiplying by weight.
Calculated,yes,yes,float,no,,,calc.weighted.propane.heating_hp_bkup.energy_savings..tbtu,calc.weighted.propane.heating_hp_bkup.energy_savings..tbtu,tbtu,,,,,,,,
Calculated,yes,yes,float,no,,,calc.weighted.propane.hot_water.energy_savings..tbtu,,tbtu,,,,,,,,Calculated from annual results by multiplying by weight.
Calculated,yes,yes,float,no,,,calc.weighted.propane.range_oven.energy_savings..tbtu,,tbtu,,,,,,,,Calculated from annual results by multiplying by weight.
Calculated,yes,yes,float,no,,,calc.weighted.propane.total.energy_savings..tbtu,,tbtu,,,,,,,,Calculated from annual results by multiplying by weight.
Calculated,yes,yes,float,no,,,calc.weighted.site_energy.net.energy_savings..tbtu,,tbtu,,,,,,,,Calculated from annual results by multiplying by weight.
Calculated,yes,yes,float,no,,,calc.weighted.site_energy.total.energy_savings..tbtu,,tbtu,,,,,,,,Calculated from annual results by multiplying by weight.
Calculated,yes,yes,float,no,,,calc.weighted.emissions_reduction.electricity.aer_high_re_cost_avg..co2e_mmt,,co2e_mmt,,,,,,,,Calculated from annual results by multiplying by weight.
Calculated,yes,yes,float,no,,,calc.weighted.emissions_reduction.electricity.aer_high_re_cost_low_ng_price_avg..co2e_mmt,,co2e_mmt,,,,,,,,Calculated from annual results by multiplying by weight.
Calculated,yes,yes,float,no,,,calc.weighted.emissions_reduction.electricity.aer_low_re_cost_avg..co2e_mmt,,co2e_mmt,,,,,,,,Calculated from annual results by multiplying by weight.
Calculated,yes,yes,float,no,,,calc.weighted.emissions_reduction.electricity.aer_low_re_cost_high_ng_price_avg..co2e_mmt,,co2e_mmt,,,,,,,,Calculated from annual results by multiplying by weight.
Calculated,yes,yes,float,no,,,calc.weighted.emissions_reduction.electricity.aer_mid_case_avg..co2e_mmt,,co2e_mmt,,,,,,,,Calculated from annual results by multiplying by weight.
Calculated,yes,yes,float,no,,,calc.weighted.emissions_reduction.electricity.lrmer_high_re_cost_15..co2e_mmt,,co2e_mmt,,,,,,,,Calculated from annual results by multiplying by weight.
Calculated,yes,yes,float,no,,,calc.weighted.emissions_reduction.electricity.lrmer_high_re_cost_25..co2e_mmt,,co2e_mmt,,,,,,,,Calculated from annual results by multiplying by weight.
Calculated,yes,yes,float,no,,,calc.weighted.emissions_reduction.electricity.lrmer_high_re_cost_low_ng_price_15..co2e_mmt,,co2e_mmt,,,,,,,,Calculated from annual results by multiplying by weight.
Calculated,yes,yes,float,no,,,calc.weighted.emissions_reduction.electricity.lrmer_high_re_cost_low_ng_price_25..co2e_mmt,,co2e_mmt,,,,,,,,Calculated from annual results by multiplying by weight.
Calculated,yes,yes,float,no,,,calc.weighted.emissions_reduction.electricity.lrmer_low_re_cost_15..co2e_mmt,,co2e_mmt,,,,,,,,Calculated from annual results by multiplying by weight.
Calculated,yes,yes,float,no,,,calc.weighted.emissions_reduction.electricity.lrmer_low_re_cost_25..co2e_mmt,,co2e_mmt,,,,,,,,Calculated from annual results by multiplying by weight.
Calculated,yes,yes,float,no,,,calc.weighted.emissions_reduction.electricity.lrmer_low_re_cost_high_ng_price_15..co2e_mmt,,co2e_mmt,,,,,,,,Calculated from annual results by multiplying by weight.
Calculated,yes,yes,float,no,,,calc.weighted.emissions_reduction.electricity.lrmer_low_re_cost_high_ng_price_25..co2e_mmt,,co2e_mmt,,,,,,,,Calculated from annual results by multiplying by weight.
Calculated,yes,yes,float,no,,,calc.weighted.emissions_reduction.electricity.lrmer_mid_case_15..co2e_mmt,,co2e_mmt,,,,,,,,Calculated from annual results by multiplying by weight.
Calculated,yes,yes,float,no,,,calc.weighted.emissions_reduction.electricity.lrmer_mid_case_25..co2e_mmt,,co2e_mmt,,,,,,,,Calculated from annual results by multiplying by weight.
Calculated,yes,yes,float,no,,,out.component_load_savings.cooling.ceilings..kwh,,kwh,,,,,,,,Energy savings from ceiling cooling load.
Calculated,yes,yes,float,no,,,out.component_load_savings.cooling.doors..kwh,,kwh,,,,,,,,Energy savings from doors cooling load.
Calculated,yes,yes,float,no,,,out.component_load_savings.cooling.ducts..kwh,,kwh,,,,,,,,Energy savings from ducts cooling load.
Calculated,yes,yes,float,no,,,out.component_load_savings.cooling.floors..kwh,,kwh,,,,,,,,Energy savings from floors cooling load.
Calculated,yes,yes,float,no,,,out.component_load_savings.cooling.foundation_walls..kwh,,kwh,,,,,,,,Energy savings from foundation walls cooling load.
Calculated,yes,yes,float,no,,,out.component_load_savings.cooling.infiltration..kwh,,kwh,,,,,,,,Energy savings from infiltration cooling load.
Calculated,yes,yes,float,no,,,out.component_load_savings.cooling.internal_gains..kwh,,kwh,,,,,,,,Energy savings from internal gains cooling load.
Calculated,yes,yes,float,no,,,out.component_load_savings.cooling.internal_mass..kwh,,kwh,,,,,,,,Energy savings from internal mass cooling load.
Calculated,yes,yes,float,no,,,out.component_load_savings.cooling.lighting..kwh,,kwh,,,,,,,,Energy savings from lighting cooling load.
Calculated,yes,yes,float,no,,,out.component_load_savings.cooling.mechanical_ventilation..kwh,,kwh,,,,,,,,Energy savings from mechanical ventilation cooling load.
Calculated,yes,yes,float,no,,,out.component_load_savings.cooling.natural_ventilation..kwh,,kwh,,,,,,,,Energy savings from natural ventilation cooling load.
Calculated,yes,yes,float,no,,,out.component_load_savings.cooling.rim_joists..kwh,,kwh,,,,,,,,Energy savings from rim joists cooling load.
Calculated,yes,yes,float,no,,,out.component_load_savings.cooling.roofs..kwh,,kwh,,,,,,,,Energy savings from roofs cooling load.
Calculated,yes,yes,float,no,,,out.component_load_savings.cooling.skylights_conduction..kwh,,kwh,,,,,,,,Energy savings from skylights conduction cooling load.
Calculated,yes,yes,float,no,,,out.component_load_savings.cooling.skylights_solar..kwh,,kwh,,,,,,,,Energy savings from skylights solar cooling load.
Calculated,yes,yes,float,no,,,out.component_load_savings.cooling.slabs..kwh,,kwh,,,,,,,,Energy savings from slabs cooling load.
Calculated,yes,yes,float,no,,,out.component_load_savings.cooling.walls..kwh,,kwh,,,,,,,,Energy savings from walls cooling load.
Calculated,yes,yes,float,no,,,out.component_load_savings.cooling.whole_house_fan..kwh,,kwh,,,,,,,,Energy savings from whole house fan cooling load.
Calculated,yes,yes,float,no,,,out.component_load_savings.cooling.windows_conduction..kwh,,kwh,,,,,,,,Energy savings from windows conduction cooling load.
Calculated,yes,yes,float,no,,,out.component_load_savings.cooling.windows_solar..kwh,,kwh,,,,,,,,Energy savings from windows solar cooling load.
Calculated,yes,yes,float,no,,,out.component_load_savings.heating.ceilings..kwh,,kwh,,,,,,,,Energy savings from ceiling heating load.
Calculated,yes,yes,float,no,,,out.component_load_savings.heating.doors..kwh,,kwh,,,,,,,,Energy savings from doors heating load.
Calculated,yes,yes,float,no,,,out.component_load_savings.heating.ducts..kwh,,kwh,,,,,,,,Energy savings from ducts heating load.
Calculated,yes,yes,float,no,,,out.component_load_savings.heating.floors..kwh,,kwh,,,,,,,,Energy savings from floors heating load.
Calculated,yes,yes,float,no,,,out.component_load_savings.heating.foundation_walls..kwh,,kwh,,,,,,,,Energy savings from foundation walls heating load.
Calculated,yes,yes,float,no,,,out.component_load_savings.heating.infiltration..kwh,,kwh,,,,,,,,Energy savings from infiltration heating load.
Calculated,yes,yes,float,no,,,out.component_load_savings.heating.internal_gains..kwh,,kwh,,,,,,,,Energy savings from internal gains heating load.
Calculated,yes,yes,float,no,,,out.component_load_savings.heating.internal_mass..kwh,,kwh,,,,,,,,Energy savings from internal mass heating load.
Calculated,yes,yes,float,no,,,out.component_load_savings.heating.lighting..kwh,,kwh,,,,,,,,Energy savings from lighting heating load.
Calculated,yes,yes,float,no,,,out.component_load_savings.heating.mechanical_ventilation..kwh,,kwh,,,,,,,,Energy savings from mechanical ventilation heating load.
Calculated,yes,yes,float,no,,,out.component_load_savings.heating.natural_ventilation..kwh,,kwh,,,,,,,,Energy savings from natural ventilation heating load.
Calculated,yes,yes,float,no,,,out.component_load_savings.heating.rim_joists..kwh,,kwh,,,,,,,,Energy savings from rim joists heating load.
Calculated,yes,yes,float,no,,,out.component_load_savings.heating.roofs..kwh,,kwh,,,,,,,,Energy savings from roofs heating load.
Calculated,yes,yes,float,no,,,out.component_load_savings.heating.skylights_conduction..kwh,,kwh,,,,,,,,Energy savings from skylights conduction heating load.
Calculated,yes,yes,float,no,,,out.component_load_savings.heating.skylights_solar..kwh,,kwh,,,,,,,,Energy savings from skylights solar heating load.
Calculated,yes,yes,float,no,,,out.component_load_savings.heating.slabs..kwh,,kwh,,,,,,,,Energy savings from slabs heating load.
Calculated,yes,yes,float,no,,,out.component_load_savings.heating.walls..kwh,,kwh,,,,,,,,Energy savings from walls heating load.
Calculated,yes,yes,float,no,,,out.component_load_savings.heating.whole_house_fan..kwh,,kwh,,,,,,,,Energy savings from whole house fan heating load.
Calculated,yes,yes,float,no,,,out.component_load_savings.heating.windows_conduction..kwh,,kwh,,,,,,,,Energy savings from windows conduction heating load.
Calculated,yes,yes,float,no,,,out.component_load_savings.heating.windows_solar..kwh,,kwh,,,,,,,,Energy savings from windows solar heating load.
,,,,,,,,,,,,,,,,,Energy savings from ceiling heating load.
