Option=1A	Option=2A	Option=2B	Option=3A	Option=3B	Option=3C	Option=4A	Option=4B	Option=4C	Option=5A	Option=5B	Option=6A	Option=6B	Option=7A	Option=7B	sample_count	sample_weight
0.023156	0.190866	0.026729	0.168001	0.098439	0.030227	0.194262	0.004366	0.039431	0.118814	0.052984	0.037158	0.008710	0.006247	0.000609	0.000000	8599054.205396
