Option=1A	Option=2A	Option=2B	Option=3A	Option=3B	Option=3C	Option=4A	Option=4B	Option=4C	Option=5A	Option=5B	Option=6A	Option=6B	Option=7A	Option=7B	sample_count	sample_weight
0.023163	0.190840	0.026737	0.167973	0.098446	0.030235	0.194287	0.004366	0.039441	0.118814	0.052979	0.037159	0.008706	0.006247	0.000607	0.000000	8596431.239001
