Option=1A	Option=2A	Option=2B	Option=3A	Option=3B	Option=3C	Option=4A	Option=4B	Option=4C	Option=5A	Option=5B	Option=6A	Option=6B	Option=7A	Option=7B	sample_count	sample_weight
0.023033	0.187571	0.026734	0.164024	0.100550	0.030996	0.194057	0.004199	0.040092	0.121561	0.053691	0.037762	0.008727	0.006370	0.000635	0.000000	8629078.834607
