Option=1A	Option=2A	Option=2B	Option=3A	Option=3B	Option=3C	Option=4A	Option=4B	Option=4C	Option=5A	Option=5B	Option=6A	Option=6B	Option=7A	Option=7B	sample_count	sample_weight
0.023091	0.195708	0.026933	0.166859	0.092704	0.030271	0.191409	0.004322	0.040840	0.118685	0.054805	0.037321	0.009360	0.007025	0.000668	0.000000	8430282.323331
