Option=1A	Option=2A	Option=2B	Option=3A	Option=3B	Option=3C	Option=4A	Option=4B	Option=4C	Option=5A	Option=5B	Option=6A	Option=6B	Option=7A	Option=7B	sample_count	sample_weight
0.023262	0.200283	0.026911	0.171220	0.091342	0.029522	0.190129	0.004474	0.040265	0.115148	0.054160	0.036434	0.009350	0.006852	0.000650	0.000000	8392354.786678
