Option=1A	Option=2A	Option=2B	Option=3A	Option=3B	Option=3C	Option=4A	Option=4B	Option=4C	Option=5A	Option=5B	Option=6A	Option=6B	Option=7A	Option=7B	sample_count	sample_weight
0.023270	0.200389	0.026911	0.171123	0.091450	0.029566	0.190124	0.004446	0.040321	0.115129	0.054061	0.036400	0.009320	0.006848	0.000645	0.000000	8379138.070118
