Dependency=Geometry Is Multifamily Low Rise	Option=2	Option=4	Option=7	Option=12	Option=27	Option=None	Count
TRUE	0.225215155	0.253512197	0.14763327	0.199129009	0.174510369	0	4772725
FALSE	0	0	0	0	0	1	
