Dependency=Geometry Building Type	Option=5 to 9 Units	Option=10 to 19 Units	Option=20 to 49 Units	Option=50 or more	Option=<5	Count	Weight
Mobile Home	0	0	0	0	1	541	6940961.269
Multi-Family with 2 - 4 Units	0	0	0	0	1	926	9013016.883
Multi-Family with 5+ Units	0.335198176	0.258943074	0.194650014	0.211208735	0	1923	19109698.3
Single-Family Attached	0	0	0	0	1	890	6716849.355
Single-Family Detached	0	0	0	0	1	7803	71835703.19
