Dependency=Geometry Is Multifamily Low Rise	Option=2.0	Option=4.0	Option=7.0	Option=12.0	Option=27.0	Option=None	Count
TRUE	0.225215155	0.253512197	0.14763327	0.199129009	0.174510369	0	4772725
FALSE	0	0	0	0	0	1	
