Option=1A	Option=2A	Option=2B	Option=3A	Option=3B	Option=3C	Option=4A	Option=4B	Option=4C	Option=5A	Option=5B	Option=6A	Option=6B	Option=7A	Option=7B	sample_count	sample_weight
0.022958	0.201880	0.026617	0.171831	0.088689	0.028605	0.189429	0.004578	0.040090	0.116135	0.053937	0.037647	0.009698	0.007273	0.000634	0.000000	8702664.383597
