Option=1A	Option=2A	Option=2B	Option=3A	Option=3B	Option=3C	Option=4A	Option=4B	Option=4C	Option=5A	Option=5B	Option=6A	Option=6B	Option=7A	Option=7B	sample_count	sample_weight
0.022478	0.197662	0.026847	0.168754	0.089995	0.028976	0.189800	0.004592	0.040552	0.119168	0.054526	0.038605	0.009894	0.007487	0.000664	0.000000	8890215.557237
