Option=1A	Option=2A	Option=2B	Option=3A	Option=3B	Option=3C	Option=4A	Option=4B	Option=4C	Option=5A	Option=5B	Option=6A	Option=6B	Option=7A	Option=7B	sample_count	sample_weight
0.022947	0.201865	0.026624	0.171887	0.088616	0.028561	0.189407	0.004593	0.040084	0.116116	0.054000	0.037669	0.009720	0.007273	0.000639	0.000000	8716958.354322
