Option=1A	Option=2A	Option=2B	Option=3A	Option=3B	Option=3C	Option=4A	Option=4B	Option=4C	Option=5A	Option=5B	Option=6A	Option=6B	Option=7A	Option=7B	sample_count	sample_weight
0.023081	0.193362	0.026632	0.168016	0.093157	0.029383	0.194079	0.004707	0.039786	0.121605	0.052573	0.037091	0.009364	0.006465	0.000699	0.000000	10850809.644361
