Option=1A	Option=2A	Option=2B	Option=3A	Option=3B	Option=3C	Option=4A	Option=4B	Option=4C	Option=5A	Option=5B	Option=6A	Option=6B	Option=7A	Option=7B	sample_count	sample_weight
0.022749	0.190068	0.026419	0.164521	0.093978	0.029836	0.195168	0.004587	0.040104	0.124968	0.052910	0.038005	0.009341	0.006635	0.000710	0.000000	10717049.775293
