Option=1	Option=2	Option=3	Option=4	Option=5	resstock_probability
0.200000	0.200000	0.200000	0.200000	0.200000	1.000000
