Dependency=Geometry Building Type RECS	Option=1	Option=2	Option=3	Option=4	Option=5
Mobile Home	0.200000	0.200000	0.200000	0.200000	0.200000
Multi-Family with 2 - 4 Units	0.200000	0.200000	0.200000	0.200000	0.200000
Multi-Family with 5+ Units	0.200000	0.200000	0.200000	0.200000	0.200000
Single-Family Attached	0.200000	0.200000	0.200000	0.200000	0.200000
Single-Family Detached	0.200000	0.200000	0.200000	0.200000	0.200000
# Created by: sources\recs\2015\tsv_maker.py