Dependency=Geometry Floor Area	Option=1	Option=2	Option=3	Option=4	Option=5
0-499	0.333333	0.333333	0.333333	0.000000	0.000000
500-749	0.200000	0.200000	0.200000	0.200000	0.200000
750-999	0.200000	0.200000	0.200000	0.200000	0.200000
1000-1499	0.200000	0.200000	0.200000	0.200000	0.200000
1500-1999	0.200000	0.200000	0.200000	0.200000	0.200000
2000-2499	0.200000	0.200000	0.200000	0.200000	0.200000
2500-2999	0.200000	0.200000	0.200000	0.200000	0.200000
3000-3999	0.200000	0.200000	0.200000	0.200000	0.200000
4000+	0.200000	0.200000	0.200000	0.200000	0.200000
