Dependency=County	Option=Midwest	Option=Northeast	Option=South	Option=West	sampling_probability
CA, Los Angeles County	0.000000	0.000000	0.000000	1.000000	0.250000
IL, Cook County	1.000000	0.000000	0.000000	0.000000	0.250000
NY, New York County	0.000000	1.000000	0.000000	0.000000	0.250000
TX, Harris County	0.000000	0.000000	1.000000	0.000000	0.250000
