Dependency=County	Option=Midwest	Option=Northeast	Option=South	Option=West	sampling_probability
AZ, Maricopa County	0.000000	0.000000	0.000000	1.000000	0.166667
CA, Los Angeles County	0.000000	0.000000	0.000000	1.000000	0.166667
GA, Fulton County	0.000000	0.000000	1.000000	0.000000	0.166667
IL, Cook County	1.000000	0.000000	0.000000	0.000000	0.166667
TX, Harris County	0.000000	0.000000	1.000000	0.000000	0.166667
WA, King County	0.000000	0.000000	0.000000	1.000000	0.166667
