Dependency=Cooling Setpoint Has Offset	Option=0F	Option=2F	Option=5F	Option=9F
Yes	0.000000	0.333333	0.333333	0.333333
No	1.000000	0.000000	0.000000	0.000000
