Option=69F	Option=74F	Option=76F	Option=78F	Option=76F w/setup 85F-wkday	Option=76F w/setup 81F	Option=76F w/Building America season	resstock_probability
0.14285699999999998	0.14285699999999998	0.14285699999999998	0.14285699999999998	0.14285699999999998	0.14285699999999998	0.14285699999999998	1
