Option=69F	Option=74F	Option=76F	Option=78F	Option=76F w/setup 81F
0.200000	0.200000	0.200000	0.200000	0.200000
