Option=60F	Option=62F	Option=65F	Option=67F	Option=68F	Option=70F	Option=72F	Option=75F	Option=76F	Option=78F	Option=80F
0.090909	0.090909	0.090909	0.090909	0.090909	0.090909	0.090909	0.090909	0.090909	0.090909	0.090909
