Dependency=Geometry Building Type RECS	Option=Not Applicable	Option=Double-Loaded Interior	Option=None	Option=Single Exterior Front	Option=Double Exterior	sampling_probability
Mobile Home	1.000000	0.000000	0.000000	0.000000	0.000000	0.111111
Multi-Family with 2 - 4 Units	0.000000	0.250000	0.250000	0.250000	0.250000	0.222222
Multi-Family with 5+ Units	0.000000	0.250000	0.250000	0.250000	0.250000	0.444444
Single-Family Attached	1.000000	0.000000	0.000000	0.000000	0.000000	0.111111
Single-Family Detached	1.000000	0.000000	0.000000	0.000000	0.000000	0.111111
