Dependency=Geometry Floor Area Bin	Option=20 ft^2	Option=30 ft^2	Option=40 ft^2	sampling_probability
0-1499	0.5	0.5	0	0.444444
1500-2499	0.333333	0.333333	0.333333	0.222222
2500-3999	0.333333	0.333333	0.333333	0.222222
4000+	0.333333	0.333333	0.333333	0.111111
# Created by: manually created
# Description: Area of exterior doors