Option=20 ft^2	Option=30 ft^2	Option=40 ft^2
0.333333	0.333333	0.333333
