Option=20 ft^2	Option=30 ft^2	Option=40 ft^2	sampling_probability
0.333333	0.333333	0.333333	1.000000
