Option=Wood	Option=Steel	Option=Fiberglass
0.333333333	0.333333333	0.333333333
