Dependency=Duct Location	Option=0% Leakage to Outside, Uninsulated	Option=10% Leakage to Outside, R-4	Option=10% Leakage to Outside, R-6	Option=10% Leakage to Outside, R-8	Option=10% Leakage to Outside, Uninsulated	Option=20% Leakage to Outside, R-4	Option=20% Leakage to Outside, R-6	Option=20% Leakage to Outside, R-8	Option=20% Leakage to Outside, Uninsulated	Option=30% Leakage to Outside, R-4	Option=30% Leakage to Outside, R-6	Option=30% Leakage to Outside, R-8	Option=30% Leakage to Outside, Uninsulated	Option=None	sampling_probability
Garage	0	0.0833333	0.0833333	0.0833333	0.0833333	0.0833333	0.0833333	0.0833333	0.0833333	0.0833333	0.0833333	0.0833333	0.0833333	0	0.00268361
Heated Basement	1	0	0	0	0	0	0	0	0	0	0	0	0	0	0.0191137
Living Space	1	0	0	0	0	0	0	0	0	0	0	0	0	0	0.250653
None	0	0	0	0	0	0	0	0	0	0	0	0	0	1	0.589616
Unheated Basement	0	0.0833333	0.0833333	0.0833333	0.0833333	0.0833333	0.0833333	0.0833333	0.0833333	0.0833333	0.0833333	0.0833333	0.0833333	0	0.0403562
Attic	0	0.0833333	0.0833333	0.0833333	0.0833333	0.0833333	0.0833333	0.0833333	0.0833333	0.0833333	0.0833333	0.0833333	0.0833333	0	0.0168651
Crawlspace	0	0.0833333	0.0833333	0.0833333	0.0833333	0.0833333	0.0833333	0.0833333	0.0833333	0.0833333	0.0833333	0.0833333	0.0833333	0	0.0807124
# Created by: sources\other\tsv_maker.py
# Description: Duct insulation and leakage to outside from the portion of ducts in unconditioned spaces