Dependency=Duct Location	Option=0% Leakage, Uninsulated	Option=10% Leakage, R-4	Option=10% Leakage, R-6	Option=10% Leakage, R-8	Option=10% Leakage, Uninsulated	Option=20% Leakage, R-4	Option=20% Leakage, R-6	Option=20% Leakage, R-8	Option=20% Leakage, Uninsulated	Option=30% Leakage, R-4	Option=30% Leakage, R-6	Option=30% Leakage, R-8	Option=30% Leakage, Uninsulated	Option=None	Option=Void	sampling_probability
Garage	0.0769231	0.0769231	0.0769231	0.0769231	0.0769231	0.0769231	0.0769231	0.0769231	0.0769231	0.0769231	0.0769231	0.0769231	0.0769231	0	0	0.00221003
Heated Basement	0.0769231	0.0769231	0.0769231	0.0769231	0.0769231	0.0769231	0.0769231	0.0769231	0.0769231	0.0769231	0.0769231	0.0769231	0.0769231	0	0	0.0296296
Living Space	0.0769231	0.0769231	0.0769231	0.0769231	0.0769231	0.0769231	0.0769231	0.0769231	0.0769231	0.0769231	0.0769231	0.0769231	0.0769231	0	0	0.260497
None	0	0	0	0	0	0	0	0	0	0	0	0	0	1	0	0.5
Unheated Basement	0.0769231	0.0769231	0.0769231	0.0769231	0.0769231	0.0769231	0.0769231	0.0769231	0.0769231	0.0769231	0.0769231	0.0769231	0.0769231	0	0	0.059619
Unvented Attic	0.0769231	0.0769231	0.0769231	0.0769231	0.0769231	0.0769231	0.0769231	0.0769231	0.0769231	0.0769231	0.0769231	0.0769231	0.0769231	0	0	0.0144033
Unvented Crawlspace	0.0769231	0.0769231	0.0769231	0.0769231	0.0769231	0.0769231	0.0769231	0.0769231	0.0769231	0.0769231	0.0769231	0.0769231	0.0769231	0	0	0.059619
Vented Attic	0.0769231	0.0769231	0.0769231	0.0769231	0.0769231	0.0769231	0.0769231	0.0769231	0.0769231	0.0769231	0.0769231	0.0769231	0.0769231	0	0	0.0144033
Vented Crawlspace	0.0769231	0.0769231	0.0769231	0.0769231	0.0769231	0.0769231	0.0769231	0.0769231	0.0769231	0.0769231	0.0769231	0.0769231	0.0769231	0	0	0.059619
Void	0	0	0	0	0	0	0	0	0	0	0	0	0	0	1	0
# Created by: sources\other\tsv_maker.py
# Description: Duct insulation and leakage to outside from the portion of ducts in unconditioned spaces