Dependency=Duct Location	Option=0% Leakage to Outside, Uninsulated	Option=10% Leakage to Outside, R-4	Option=10% Leakage to Outside, R-6	Option=10% Leakage to Outside, R-8	Option=10% Leakage to Outside, Uninsulated	Option=20% Leakage to Outside, R-4	Option=20% Leakage to Outside, R-6	Option=20% Leakage to Outside, R-8	Option=20% Leakage to Outside, Uninsulated	Option=30% Leakage to Outside, R-4	Option=30% Leakage to Outside, R-6	Option=30% Leakage to Outside, R-8	Option=30% Leakage to Outside, Uninsulated	Option=None	sampling_probability
Garage	0	0.0833333	0.0833333	0.0833333	0.0833333	0.0833333	0.0833333	0.0833333	0.0833333	0.0833333	0.0833333	0.0833333	0.0833333	0	0.00277431
Heated Basement	1	0	0	0	0	0	0	0	0	0	0	0	0	0	0.0200544
Living Space	1	0	0	0	0	0	0	0	0	0	0	0	0	0	0.265708
None	0	0	0	0	0	0	0	0	0	0	0	0	0	1	0.565435
Unheated Basement	0	0.0833333	0.0833333	0.0833333	0.0833333	0.0833333	0.0833333	0.0833333	0.0833333	0.0833333	0.0833333	0.0833333	0.0833333	0	0.0428099
Attic	0	0.0833333	0.0833333	0.0833333	0.0833333	0.0833333	0.0833333	0.0833333	0.0833333	0.0833333	0.0833333	0.0833333	0.0833333	0	0.0175988
Crawlspace	0	0.0833333	0.0833333	0.0833333	0.0833333	0.0833333	0.0833333	0.0833333	0.0833333	0.0833333	0.0833333	0.0833333	0.0833333	0	0.0856198
# Created by: sources\other\tsv_maker.py
# Description: Duct insulation and leakage to outside from the portion of ducts in unconditioned spaces