Dependency=Duct Location	Option=0% Leakage, Uninsulated	Option=10% Leakage, R-4	Option=10% Leakage, R-6	Option=10% Leakage, R-8	Option=10% Leakage, Uninsulated	Option=20% Leakage, R-4	Option=20% Leakage, R-6	Option=20% Leakage, R-8	Option=20% Leakage, Uninsulated	Option=30% Leakage, R-4	Option=30% Leakage, R-6	Option=30% Leakage, R-8	Option=30% Leakage, Uninsulated	Option=None	sampling_probability
Garage	0	0.0833333	0.0833333	0.0833333	0.0833333	0.0833333	0.0833333	0.0833333	0.0833333	0.0833333	0.0833333	0.0833333	0.0833333	0	0.00263976
Heated Basement	1	0	0	0	0	0	0	0	0	0	0	0	0	0	0.0292181
Living Space	1	0	0	0	0	0	0	0	0	0	0	0	0	0	0.173203
None	0	0	0	0	0	0	0	0	0	0	0	0	0	1	0.618827
Unheated Basement	0	0.0833333	0.0833333	0.0833333	0.0833333	0.0833333	0.0833333	0.0833333	0.0833333	0.0833333	0.0833333	0.0833333	0.0833333	0	0.048378
Unvented Attic	0	0.0833333	0.0833333	0.0833333	0.0833333	0.0833333	0.0833333	0.0833333	0.0833333	0.0833333	0.0833333	0.0833333	0.0833333	0	0.0154893
Unvented Crawlspace	0	0.0833333	0.0833333	0.0833333	0.0833333	0.0833333	0.0833333	0.0833333	0.0833333	0.0833333	0.0833333	0.0833333	0.0833333	0	0.048378
Vented Attic	0	0.0833333	0.0833333	0.0833333	0.0833333	0.0833333	0.0833333	0.0833333	0.0833333	0.0833333	0.0833333	0.0833333	0.0833333	0	0.0154893
Vented Crawlspace	0	0.0833333	0.0833333	0.0833333	0.0833333	0.0833333	0.0833333	0.0833333	0.0833333	0.0833333	0.0833333	0.0833333	0.0833333	0	0.048378
# Created by: sources\other\tsv_maker.py
# Description: Duct insulation and leakage to outside from the portion of ducts in unconditioned spaces