Option=None	Option=1 ft	Option=2 ft	Option=3 ft
0.250000	0.250000	0.250000	0.250000
