Dependency=REEDS Balancing Area	Option=CAMXc	Option=ERCTc	Option=NYSTc	Option=RFCWc	sampling_probability
10	1.000000	0.000000	0.000000	0.000000	0.250000
127	0.000000	0.000000	1.000000	0.000000	0.250000
67	0.000000	1.000000	0.000000	0.000000	0.250000
80	0.000000	0.000000	0.000000	1.000000	0.250000
# Created by: sources\spatial\tsv_maker.py