Dependency=Geometry Wall Type	Option=Aluminum, Light	Option=Brick, Light	Option=Brick, Medium/Dark	Option=Fiber-Cement, Light	Option=None	Option=Shingle, Asbestos, Medium	Option=Shingle, Composition, Medium	Option=Stucco, Light	Option=Stucco, Medium/Dark	Option=Vinyl, Light	Option=Wood, Medium/Dark	sampling_probability
Brick	0.111111	0.000000	0.000000	0.111111	0.111111	0.111111	0.111111	0.111111	0.111111	0.111111	0.111111	0.194808
Concrete	0.090909	0.090909	0.090909	0.090909	0.090909	0.090909	0.090909	0.090909	0.090909	0.090909	0.090909	0.194808
Steel Frame	0.100000	0.100000	0.100000	0.100000	0.000000	0.100000	0.100000	0.100000	0.100000	0.100000	0.100000	0.292929
Void	0.090909	0.090909	0.090909	0.090909	0.090909	0.090909	0.090909	0.090909	0.090909	0.090909	0.090909	0.122650
Wood Frame	0.100000	0.100000	0.100000	0.100000	0.000000	0.100000	0.100000	0.100000	0.100000	0.100000	0.100000	0.194808
# Created by: sources\lightbox\residential\tsv_maker.py