Dependency=Geometry Stories	Option=<8	Option=8+	sampling_probability
1	1	0	0.299383
2	1	0	0.188272
3	1	0	0.132716
4	1	0	0.058642
5	1	0	0.0308642
6	1	0	0.0308642
7	1	0	0.0308642
8	0	1	0.0308642
9	0	1	0.0308642
10	0	1	0.0185185
11	0	1	0.0185185
12	0	1	0.0185185
13	0	1	0.0185185
14	0	1	0.0185185
15	0	1	0.0185185
20	0	1	0.0185185
21	0	1	0.0185185
35	0	1	0.0185185
# Created by: sources\recs\recs2009\tsv_maker.py
# Description: The building has more than 8 or less than 8 stories.