Dependency=Geometry Building Type RECS	Option=1	Option=2	Option=3	resstock_probability
Mobile Home	1.0	0.0	0.0	0.111111
Multi-Family with 2 - 4 Units	1.0	0.0	0.0	0.222222
Multi-Family with 5+ Units	0.333333	0.333333	0.333333	0.444443555556
Single-Family Attached	0.333333	0.333333	0.333333	0.111110888889
Single-Family Detached	0.333333	0.333333	0.333333	0.111110888889
