Dependency=Geometry Building Type RECS	Option=Brick	Option=Concrete	Option=Steel Frame	Option=Void	Option=Wood Frame	sampling_probability
Mobile Home	0.250000	0.250000	0.250000	0.000000	0.250000	0.111111
Multi-Family with 2 - 4 Units	0.250000	0.250000	0.250000	0.000000	0.250000	0.222222
Multi-Family with 5+ Units	0.250000	0.250000	0.250000	0.000000	0.250000	0.444444
Single-Family Attached	0.250000	0.250000	0.250000	0.000000	0.250000	0.111111
Single-Family Detached	0.250000	0.250000	0.250000	0.000000	0.250000	0.111111
# Created by: sources\lightbox\residential\tsv_maker.py