Dependency=Geometry Stories	Option=1	Option=2	Option=3	Option=4+
1	1.000000	0.000000	0.000000	0.000000
2	0.000000	1.000000	0.000000	0.000000
3	0.000000	0.000000	1.000000	0.000000
4	0.000000	0.000000	0.000000	1.000000
5	0.000000	0.000000	0.000000	1.000000
6	0.000000	0.000000	0.000000	1.000000
7	0.000000	0.000000	0.000000	1.000000
8	0.000000	0.000000	0.000000	1.000000
9	0.000000	0.000000	0.000000	1.000000
10	0.000000	0.000000	0.000000	1.000000
11	0.000000	0.000000	0.000000	1.000000
12	0.000000	0.000000	0.000000	1.000000
13	0.000000	0.000000	0.000000	1.000000
14	0.000000	0.000000	0.000000	1.000000
15	0.000000	0.000000	0.000000	1.000000
20	0.000000	0.000000	0.000000	1.000000
21	0.000000	0.000000	0.000000	1.000000
# Created by: sources\recs\2009\tsv_maker.py