Dependency=Geometry Foundation Type	Option=1 Car	Option=2 Car	Option=3 Car	Option=None	resstock_probability
Crawl	0.250000	0.250000	0.250000	0.250000	0.294444
Heated Basement	0.250000	0.250000	0.250000	0.250000	0.072222
Pier and Beam	0.000000	0.000000	0.000000	1.000000	0.044444
Slab	0.250000	0.250000	0.250000	0.250000	0.294444
Unheated Basement	0.250000	0.250000	0.250000	0.250000	0.294444
# Created by: sources\recs\2009\tsv_maker.py