Option=None	Option=1 Car	Option=2 Car	Option=3 Car
0.250000	0.250000	0.250000	0.250000
