Dependency=Geometry Building Type RECS	Option=Vented Crawlspace	Option=Unvented Crawlspace	Option=Heated Basement	Option=Ambient	Option=Slab	Option=Unheated Basement
Mobile Home	0.100000	0.100000	0.200000	0.200000	0.200000	0.200000
Multi-Family with 2 - 4 Units	0.166667	0.166667	0.000000	0.000000	0.333333	0.333333
Multi-Family with 5+ Units	0.166667	0.166667	0.000000	0.000000	0.333333	0.333333
Single-Family Attached	0.125000	0.125000	0.250000	0.000000	0.250000	0.250000
Single-Family Detached	0.100000	0.100000	0.200000	0.200000	0.200000	0.200000
