Dependency=Geometry Building Type ACS	Option=Mobile Home	Option=Multi-Family with 2 - 4 Units	Option=Multi-Family with 5+ Units	Option=Single-Family Attached	Option=Single-Family Detached	resstock_probability
10 to 19 Unit	0.0	0.0	1.0	0.0	0.0	0.11111099999999999
2 Unit	0.0	1.0	0.0	0.0	0.0	0.11111099999999999
20 to 49 Unit	0.0	0.0	1.0	0.0	0.0	0.11111099999999999
3 or 4 Unit	0.0	1.0	0.0	0.0	0.0	0.11111099999999999
5 to 9 Unit	0.0	0.0	1.0	0.0	0.0	0.11111099999999999
50 or more Unit	0.0	0.0	1.0	0.0	0.0	0.11111099999999999
Mobile Home	1.0	0.0	0.0	0.0	0.0	0.11111099999999999
Single-Family Attached	0.0	0.0	0.0	1.0	0.0	0.11111099999999999
Single-Family Detached	0.0	0.0	0.0	0.0	1.0	0.11111099999999999
