Dependency=Geometry Stories	Option=8+	Option=<8	sampling_probability
1	0	1	0.300472
2	0	1	0.189361
3	0	1	0.133805
4	0	1	0.0597314
5	0	1	0.0319536
6	0	1	0.0319536
7	0	1	0.0319536
8	1	0	0.0319536
9	1	0	0.0319536
10	1	0	0.019608
11	1	0	0.019608
12	1	0	0.019608
13	1	0	0.019608
14	1	0	0.019608
15	1	0	0.019608
20	1	0	0.019608
21	1	0	0.019608
# Created by: sources\recs\2009\tsv_maker.py