Dependency=Geometry Stories	Option=1	Option=2	Option=3	Option=4+	sampling_probability
1	1	0	0	0	0.300471
2	0	1	0	0	0.189361
3	0	0	1	0	0.133805
4	0	0	0	1	0.0597313
5	0	0	0	1	0.0319536
6	0	0	0	1	0.0319536
7	0	0	0	1	0.0319536
8	0	0	0	1	0.0319536
9	0	0	0	1	0.0319536
10	0	0	0	1	0.019608
11	0	0	0	1	0.019608
12	0	0	0	1	0.019608
13	0	0	0	1	0.019608
14	0	0	0	1	0.019608
15	0	0	0	1	0.019608
20	0	0	0	1	0.019608
21	0	0	0	1	0.019608
# Created by: sources\recs\2009\tsv_maker.py