Dependency=Geometry Building Type ACS	Option=None	Option=2	Option=3	Option=4	Option=5	Option=6	Option=7	Option=8	Option=9	Option=10	Option=11	Option=12	Option=13	Option=14	Option=15	Option=16	Option=17	Option=18	Option=19	Option=20	Option=24	Option=30	Option=36	Option=43	Option=67	Option=116	Option=183	Option=323	sampling_probability
Single-Family Attached	1	0	0	0	0	0	0	0	0	0	0	0	0	0	0	0	0	0	0	0	0	0	0	0	0	0	0	0	0.111111
10 to 19 Unit	0	0.037037	0.037037	0.037037	0.037037	0.037037	0.037037	0.037037	0.037037	0.037037	0.037037	0.037037	0.037037	0.037037	0.037037	0.037037	0.037037	0.037037	0.037037	0.037037	0.037037	0.037037	0.037037	0.037037	0.037037	0.037037	0.037037	0.037037	0.111111
2 Unit	0	0.037037	0.037037	0.037037	0.037037	0.037037	0.037037	0.037037	0.037037	0.037037	0.037037	0.037037	0.037037	0.037037	0.037037	0.037037	0.037037	0.037037	0.037037	0.037037	0.037037	0.037037	0.037037	0.037037	0.037037	0.037037	0.037037	0.037037	0.111111
20 to 49 Unit	0	0.037037	0.037037	0.037037	0.037037	0.037037	0.037037	0.037037	0.037037	0.037037	0.037037	0.037037	0.037037	0.037037	0.037037	0.037037	0.037037	0.037037	0.037037	0.037037	0.037037	0.037037	0.037037	0.037037	0.037037	0.037037	0.037037	0.037037	0.111111
3 or 4 Unit	0	0.037037	0.037037	0.037037	0.037037	0.037037	0.037037	0.037037	0.037037	0.037037	0.037037	0.037037	0.037037	0.037037	0.037037	0.037037	0.037037	0.037037	0.037037	0.037037	0.037037	0.037037	0.037037	0.037037	0.037037	0.037037	0.037037	0.037037	0.111111
5 to 9 Unit	0	0.037037	0.037037	0.037037	0.037037	0.037037	0.037037	0.037037	0.037037	0.037037	0.037037	0.037037	0.037037	0.037037	0.037037	0.037037	0.037037	0.037037	0.037037	0.037037	0.037037	0.037037	0.037037	0.037037	0.037037	0.037037	0.037037	0.037037	0.111111
50 or more Unit	0	0.037037	0.037037	0.037037	0.037037	0.037037	0.037037	0.037037	0.037037	0.037037	0.037037	0.037037	0.037037	0.037037	0.037037	0.037037	0.037037	0.037037	0.037037	0.037037	0.037037	0.037037	0.037037	0.037037	0.037037	0.037037	0.037037	0.037037	0.111111
Mobile Home	1	0	0	0	0	0	0	0	0	0	0	0	0	0	0	0	0	0	0	0	0	0	0	0	0	0	0	0	0.111111
Single-Family Detached	1	0	0	0	0	0	0	0	0	0	0	0	0	0	0	0	0	0	0	0	0	0	0	0	0	0	0	0	0.111111
# Created by: manually created
# Description: The number of dwelling units in the multi-family building.