Dependency=Geometry House Size	Option=None	Option=1 Car	Option=2 Car	Option=3 Car
0-1499	0.333333333	0.333333333	0.333333333	0
1500-2499	0.25	0.25	0.25	0.25
2500-3499	0.25	0.25	0.25	0.25
3500+	0.25	0.25	0.25	0.25
