Dependency=Geometry Building Type RECS	Option=Crawl	Option=Heated Basement	Option=Pier and Beam	Option=Slab	Option=Unheated Basement	resstock_probability
Mobile Home	0.200000	0.200000	0.200000	0.200000	0.200000	0.111111
Multi-Family with 2 - 4 Units	0.333333	0.000000	0.000000	0.333333	0.333333	0.222222
Multi-Family with 5+ Units	0.333333	0.000000	0.000000	0.333333	0.333333	0.444444
Single-Family Attached	0.250000	0.250000	0.000000	0.250000	0.250000	0.111111
Single-Family Detached	0.200000	0.200000	0.200000	0.200000	0.200000	0.111111
# Created by: sources\recs\2009\tsv_maker.py