Dependency=Geometry Building Type ACS	Option=1	Option=2	Option=3	Option=4	Option=5
Single-Family Attached	0.000000	0.333333	0.333333	0.333333	0.000000
Single-Family Detached	1.000000	0.000000	0.000000	0.000000	0.000000
Mobile Home	1.000000	0.000000	0.000000	0.000000	0.000000
50 or more Unit	0.000000	0.000000	0.000000	0.000000	1.000000
5 to 9 Unit	0.000000	0.000000	0.000000	0.000000	1.000000
3 or 4 Unit	0.000000	0.000000	0.500000	0.500000	0.000000
20 to 49 Unit	0.000000	0.000000	0.000000	0.000000	1.000000
2 Unit	0.000000	1.000000	0.000000	0.000000	0.000000
10 to 19 Unit	0.000000	0.000000	0.000000	0.000000	1.000000
