Dependency=Geometry Stories	Option=<8	Option=8+	sampling_probability
1	1	0	0.300472
2	1	0	0.189361
3	1	0	0.133805
4	1	0	0.0597313
5	1	0	0.0319535
6	1	0	0.0319535
7	1	0	0.0319535
8	0	1	0.0319535
9	0	1	0.0319535
10	0	1	0.0196078
11	0	1	0.0196078
12	0	1	0.0196078
13	0	1	0.0196078
14	0	1	0.0196078
15	0	1	0.0196078
20	0	1	0.0196078
21	0	1	0.0196078
# Created by: sources\recs\recs2009\tsv_maker.py
# Description: The building has more than 8 or less than 8 stories.