Dependency=Geometry Stories	Option=8+	Option=<8	sampling_probability
1	0	1	0.300472
2	0	1	0.189361
3	0	1	0.133805
4	0	1	0.0597313
5	0	1	0.0319535
6	0	1	0.0319535
7	0	1	0.0319535
8	1	0	0.0319535
9	1	0	0.0319535
10	1	0	0.0196078
11	1	0	0.0196078
12	1	0	0.0196078
13	1	0	0.0196078
14	1	0	0.0196078
15	1	0	0.0196078
20	1	0	0.0196078
21	1	0	0.0196078
# Created by: sources\recs\2009\tsv_maker.py