Dependency=Geometry Foundation Type	Option=1 Car	Option=2 Car	Option=3 Car	Option=None	resstock_probability
Crawl	0.250000	0.250000	0.250000	0.250000	0.200000
Heated Basement	0.250000	0.250000	0.250000	0.250000	0.200000
Pier and Beam	0.000000	0.000000	0.000000	1.000000	0.200000
Slab	0.250000	0.250000	0.250000	0.250000	0.200000
Unheated Basement	0.250000	0.250000	0.250000	0.250000	0.200000
