Dependency=Heating Setpoint Has Offset	Option=None	Option=Day	Option=Day +1h	Option=Day +2h	Option=Day -1h	Option=Day -2h	Option=Night	Option=Night +1h	Option=Night +2h	Option=Night -1h	Option=Night -2h	Option=Day and Night	Option=Day and Night +1h	Option=Day and Night +2h	Option=Day and Night -1h	Option=Day and Night -2h
No	1.000000	0.000000	0.000000	0.000000	0.000000	0.000000	0.000000	0.000000	0.000000	0.000000	0.000000	0.000000	0.000000	0.000000	0.000000	0.000000
Yes	0.062500	0.062500	0.062500	0.062500	0.062500	0.062500	0.062500	0.062500	0.062500	0.062500	0.062500	0.062500	0.062500	0.062500	0.062500	0.062500
