Dependency=Heating Setpoint Has Offset	Option=0F	Option=3F	Option=6F	Option=12F
Yes	0.000000	0.333333	0.333333	0.333333
No	1.000000	0.000000	0.000000	0.000000
