Option=63F	Option=68F	Option=71F	Option=73F	Option=71F w/setback 65F	Option=71F w/setback 65F-wkday	Option=71F w/Building America season	resstock_probability
0.14285699999999998	0.14285699999999998	0.14285699999999998	0.14285699999999998	0.14285699999999998	0.14285699999999998	0.14285699999999998	1
