Option=55F	Option=60F	Option=62F	Option=65F	Option=67F	Option=68F	Option=70F	Option=72F	Option=75F	Option=76F	Option=78F	Option=80F	resstock_probability
0.083333	0.083333	0.083333	0.083333	0.083333	0.083333	0.083333	0.083333	0.083333	0.083333	0.083333	0.083333	1.000000
