Dependency=Geometry Building Type RECS	Option=Electricity	Option=Fuel Oil	Option=Natural Gas	Option=None	Option=Other Fuel	Option=Propane	sampling_probability
Mobile Home	0.166667	0.166667	0.166667	0.166667	0.166667	0.166667	0.111111
Multi-Family with 2 - 4 Units	0.166667	0.166667	0.166667	0.166667	0.166667	0.166667	0.222222
Multi-Family with 5+ Units	0.166667	0.166667	0.166667	0.166667	0.166667	0.166667	0.444444
Single-Family Attached	0.166667	0.166667	0.166667	0.166667	0.166667	0.166667	0.111111
Single-Family Detached	0.166667	0.166667	0.166667	0.166667	0.166667	0.166667	0.111111
# Created by: \sources\pums\2019_5yrs\tsv_maker.py