Dependency=Heating Setpoint Has Offset	Option=Day	Option=Day +1h	Option=Day +2h	Option=Day +3h	Option=Day +4h	Option=Day +5h	Option=Day -1h	Option=Day -2h	Option=Day -3h	Option=Day -4h	Option=Day -5h	Option=Day and Night	Option=Day and Night +1h	Option=Day and Night +2h	Option=Day and Night +3h	Option=Day and Night +4h	Option=Day and Night +5h	Option=Day and Night -1h	Option=Day and Night -2h	Option=Day and Night -3h	Option=Day and Night -4h	Option=Day and Night -5h	Option=Night	Option=Night +1h	Option=Night +2h	Option=Night +3h	Option=Night +4h	Option=Night +5h	Option=Night -1h	Option=Night -2h	Option=Night -3h	Option=Night -4h	Option=Night -5h	Option=None
No	0.000000	0.000000	0.000000	0.000000	0.000000	0.000000	0.000000	0.000000	0.000000	0.000000	0.000000	0.000000	0.000000	0.000000	0.000000	0.000000	0.000000	0.000000	0.000000	0.000000	0.000000	0.000000	0.000000	0.000000	0.000000	0.000000	0.000000	0.000000	0.000000	0.000000	0.000000	0.000000	0.000000	1.000000
Yes	0.030303	0.030303	0.030303	0.030303	0.030303	0.030303	0.030303	0.030303	0.030303	0.030303	0.030303	0.030303	0.030303	0.030303	0.030303	0.030303	0.030303	0.030303	0.030303	0.030303	0.030303	0.030303	0.030303	0.030303	0.030303	0.030303	0.030303	0.030303	0.030303	0.030303	0.030303	0.030303	0.030303	0.000000
