Dependency=Lighting	Option=None	Option=No Exterior Use	sampling_probability
100% Incandescent	0.000000	1.000000	0.166667
60% CFL	0.000000	1.000000	0.166667
100% CFL	0.000000	1.000000	0.166667
100% LED	0.000000	1.000000	0.166667
20% LED	0.000000	1.000000	0.166667
None	1.000000	0.000000	0.166667
