Dependency=Lighting	Option=None	Option=No Exterior Use
100% Incandescent	0.000000	1.000000
60% CFL Hardwired, 34% CFL Plugin	0.000000	1.000000
60% LED Hardwired, 34% CFL Plugin	0.000000	1.000000
60% CFL	0.000000	1.000000
100% CFL	0.000000	1.000000
100% LED	0.000000	1.000000
100% LED, Low Efficacy	0.000000	1.000000
100% LED, Holiday Lights	0.000000	1.000000
20% LED	0.000000	1.000000
None	1.000000	0.000000
