Option=40%	Option=50%	Option=60%	Option=70%	Option=80%	Option=90%	Option=100%	Option=110%	Option=120%	Option=130%	Option=140%	Option=150%	Option=160%	Option=170%	Option=180%	Option=190%	Option=200%	sampling_probability
0.0588235	0.0588235	0.0588235	0.0588235	0.0588235	0.0588235	0.0588235	0.0588235	0.0588235	0.0588235	0.0588235	0.0588235	0.0588235	0.0588235	0.0588235	0.0588235	0.0588235	1
# Created by: sources\other\tsv_maker.py
# Description: Hot water fixture usage and flow levels.