Option=50% Usage	Option=100% Usage	Option=200% Usage	"Option=50% Usage, Low Flow"	"Option=100% Usage, Low Flow"	"Option=200% Usage, Low Flow"
0.166666667	0.166666667	0.166666667	0.166666667	0.166666667	0.166666667
