Option=50% Usage	Option=100% Usage	Option=200% Usage
0.333333333	0.333333333	0.333333333
