Option=50%	Option=100%	Option=200%
0.333333333	0.333333333	0.333333333
