Dependency=HVAC Heating Type	Option=Central AC	Option=Heat Pump	Option=None	Option=Room AC
Ducted Heat Pump	0.000000	1.000000	0.000000	0.000000
Ducted Heating	0.333333	0.000000	0.333333	0.333333
Non-Ducted Heat Pump	0.000000	1.000000	0.000000	0.000000
Non-Ducted Heating	0.333333	0.000000	0.333333	0.333333
None	0.333333	0.000000	0.333333	0.333333
# Created by: sources\recs\2009\tsv_maker.py