Dependency=HVAC System Is Heat Pump	Dependency=HVAC System Is Shared	Option=ASHP, SEER 10, 6.2 HSPF	Option=ASHP, SEER 18, 9.3 HSPF	Option=ASHP, SEER 22, 10 HSPF	Option=MSHP, SEER 14.5, 8.2 HSPF	Option=FIXME MSHP, SEER 18.0, 9.6 HSPF, 60% Conditioned	Option=GSHP, EER 16.6, COP 3.6, Low-k soil, Std grout	Option=None
Yes	Neither Shared	0.166667	0.166667	0.166667	0.166667	0.166667	0.166667	0.000000
No	Neither Shared	0.000000	0.000000	0.000000	0.000000	0.000000	0.000000	1.000000
Yes	Both Shared	0.000000	0.000000	0.000000	0.000000	0.000000	0.000000	1.000000
No	Both Shared	0.000000	0.000000	0.000000	0.000000	0.000000	0.000000	1.000000
Yes	Only Heating Shared	0.000000	0.000000	0.000000	0.000000	0.000000	0.000000	1.000000
No	Only Heating Shared	0.000000	0.000000	0.000000	0.000000	0.000000	0.000000	1.000000
Yes	Only Cooling Shared	0.000000	0.000000	0.000000	0.000000	0.000000	0.000000	1.000000
No	Only Cooling Shared	0.000000	0.000000	0.000000	0.000000	0.000000	0.000000	1.000000
