Dependency=Heating Fuel	Option=Ducted Heat Pump	Option=Ducted Heating	Option=Non-Ducted Heat Pump	Option=Non-Ducted Heating	Option=None	sampling_probability
Electricity	0.250000	0.250000	0.250000	0.250000	0.000000	0.166667
Fuel Oil	0.000000	0.500000	0.000000	0.500000	0.000000	0.166667
Natural Gas	0.000000	0.500000	0.000000	0.500000	0.000000	0.166667
None	0.000000	0.000000	0.000000	0.000000	1.000000	0.166667
Other Fuel	0.000000	0.500000	0.000000	0.500000	0.000000	0.166667
Propane	0.000000	0.500000	0.000000	0.500000	0.000000	0.166667
# Created by: sources\recs\2009\tsv_maker.py