Dependency=HVAC Heating Type	Option=Central AC	Option=Heat Pump	Option=None	Option=Room AC	sampling_probability
Ducted Heat Pump	0.000000	1.000000	0.000000	0.000000	0.041667
Ducted Heating	0.333333	0.000000	0.333333	0.333333	0.375001
Non-Ducted Heat Pump	0.000000	1.000000	0.000000	0.000000	0.041667
Non-Ducted Heating	0.333333	0.000000	0.333333	0.333333	0.375001
None	0.333333	0.000000	0.333333	0.333333	0.166667
# Created by: sources\recs\2009\tsv_maker.py