Option=No	Option=Yes
0.500000	0.500000
