Dependency=HVAC System Is Heat Pump	Dependency=HVAC System Is Shared	Option=AC, SEER 10	Option=AC, SEER 14	Option=AC, SEER 18	Option=AC, SEER 24.5	Option=Room AC, EER 8.5	Option=FIXME Room AC, EER 9.8, 10% Conditioned	Option=None
No	Both Shared	0.000000	0.000000	0.000000	0.000000	0.000000	0.000000	1.000000
Yes	Both Shared	0.000000	0.000000	0.000000	0.000000	0.000000	0.000000	1.000000
No	Neither Shared	0.142857	0.142857	0.142857	0.142857	0.142857	0.142857	0.142857
Yes	Neither Shared	0.000000	0.000000	0.000000	0.000000	0.000000	0.000000	1.000000
No	Only Heating Shared	0.142857	0.142857	0.142857	0.142857	0.142857	0.142857	0.142857
Yes	Only Heating Shared	0.000000	0.000000	0.000000	0.000000	0.000000	0.000000	1.000000
No	Only Cooling Shared	0.000000	0.000000	0.000000	0.000000	0.000000	0.000000	1.000000
Yes	Only Cooling Shared	0.000000	0.000000	0.000000	0.000000	0.000000	0.000000	1.000000
