Dependency=HVAC Cooling Type	Option=None	Option=Heat Pump	Option=Shared Cooling	"Option=AC, SEER 8"	"Option=AC, SEER 10"	"Option=AC, SEER 13"	"Option=AC, SEER 14"	"Option=AC, SEER 15"	"Option=AC, SEER 18"	"Option=AC, SEER 24.5"	"Option=Room AC, EER 8.5"	"Option=Room AC, EER 9.8"	"Option=Room AC, EER 10.7"	"Option=Room AC, EER 12.0"	sampling_probability
None	1.000000	0.000000	0.000000	0.000000	0.000000	0.000000	0.000000	0.000000	0.000000	0.000000	0.000000	0.000000	0.000000	0.000000	0.250000
Central AC	0.000000	0.000000	0.000000	0.142857	0.142857	0.142857	0.142857	0.142857	0.142857	0.142857	0.000000	0.000000	0.000000	0.000000	0.250000
Room AC	0.000000	0.000000	0.000000	0.000000	0.000000	0.000000	0.000000	0.000000	0.000000	0.000000	0.250000	0.250000	0.250000	0.250000	0.250000
Heat Pump	0.000000	1.000000	0.000000	0.000000	0.000000	0.000000	0.000000	0.000000	0.000000	0.000000	0.000000	0.000000	0.000000	0.000000	0.250000
