Dependency=HVAC Cooling Type	Option=AC, SEER 8	Option=AC, SEER 10	Option=AC, SEER 13	Option=AC, SEER 15	Option=Heat Pump	Option=None	Option=Room AC, EER 8.5	Option=Room AC, EER 9.8	Option=Room AC, EER 10.7	Option=Room AC, EER 12.0	Option=Shared Cooling	sampling_probability
Central AC	0.250000	0.250000	0.250000	0.250000	0.000000	0.000000	0.000000	0.000000	0.000000	0.000000	0.000000	0.305556
Heat Pump	0.000000	0.000000	0.000000	0.000000	1.000000	0.000000	0.000000	0.000000	0.000000	0.000000	0.000000	0.083334
None	0.000000	0.000000	0.000000	0.000000	0.000000	1.000000	0.000000	0.000000	0.000000	0.000000	0.000000	0.305556
Room AC	0.000000	0.000000	0.000000	0.000000	0.000000	0.000000	0.250000	0.250000	0.250000	0.250000	0.000000	0.305556
# Created by: sources\recs\2009\tsv_maker.py