Dependency=HVAC System Cooling	Option=154.8 cfm/ton	Option=204.4 cfm/ton	Option=254.0 cfm/ton	Option=303.5 cfm/ton	Option=353.1 cfm/ton	Option=402.7 cfm/ton	Option=452.3 cfm/ton	Option=501.9 cfm/ton	Option=551.5 cfm/ton	Option=601.0 cfm/ton	Option=650.6 cfm/ton	Option=700.2 cfm/ton	Option=None
"AC, SEER 10"	0.076923077	0.076923077	0.076923077	0.076923077	0.076923077	0.076923077	0.076923077	0.076923077	0.076923077	0.076923077	0.076923077	0.076923077	0.076923077
"AC, SEER 18"	0.076923077	0.076923077	0.076923077	0.076923077	0.076923077	0.076923077	0.076923077	0.076923077	0.076923077	0.076923077	0.076923077	0.076923077	0.076923077
"AC, SEER 24.5"	0.076923077	0.076923077	0.076923077	0.076923077	0.076923077	0.076923077	0.076923077	0.076923077	0.076923077	0.076923077	0.076923077	0.076923077	0.076923077
"Room AC, EER 8.5"	0.076923077	0.076923077	0.076923077	0.076923077	0.076923077	0.076923077	0.076923077	0.076923077	0.076923077	0.076923077	0.076923077	0.076923077	0.076923077
"FIXME Room AC, EER 9.8, 10% Conditioned"	0.076923077	0.076923077	0.076923077	0.076923077	0.076923077	0.076923077	0.076923077	0.076923077	0.076923077	0.076923077	0.076923077	0.076923077	0.076923077
None	0	0	0	0	0	0	0	0	0	0	0	0	1
