Dependency=Heating Fuel	Option=No	Option=Yes
Electricity	0.500000	0.500000
Fuel Oil	1.000000	0.000000
Natural Gas	1.000000	0.000000
Propane	1.000000	0.000000
