Option=25 ACH50	Option=20 ACH50	Option=18.5 ACH50	Option=15 ACH50	Option=11.25 ACH50	Option=10 ACH50	Option=8 ACH50	Option=7.5 ACH50	Option=7 ACH50	Option=7 ACH50, 0.5 Shelter Coefficient	Option=6 ACH50	Option=5.25 ACH50	Option=5 ACH50	Option=4.5 ACH50	Option=4 ACH50	Option=3.75 ACH50	Option=3 ACH50	Option=2.25 ACH50	Option=2 ACH50	Option=1.5 ACH50	Option=1 ACH50	Option=0.75 ACH50	Option=0.5 ACH50	Option=0.25 ACH50
0.041667	0.041667	0.041667	0.041667	0.041667	0.041667	0.041667	0.041667	0.041667	0.041667	0.041667	0.041667	0.041667	0.041667	0.041667	0.041667	0.041667	0.041667	0.041667	0.041667	0.041667	0.041667	0.041667	0.041667
