Option=25 ACH50	"Option=7 ACH50, 0.5 Shelter Coefficient"	Option=1 ACH50
0.333333333	0.333333333	0.333333333
