Option=3 ACH50	Option=4 ACH50	Option=5 ACH50	Option=6 ACH50	Option=7 ACH50	Option=8 ACH50	Option=10 ACH50	Option=15 ACH50	Option=20 ACH50	Option=25 ACH50
0.100000	0.100000	0.100000	0.100000	0.100000	0.100000	0.100000	0.100000	0.100000	0.100000
