Dependency=Geometry Foundation Type	Option=Uninsulated	Option=R-13	Option=R-19	Option=R-30	Option=R-38	Option=None	resstock_probability
Pier and Beam	0.200000	0.200000	0.200000	0.200000	0.200000	0.000000	0.044444
Unheated Basement	0.000000	0.000000	0.000000	0.000000	0.000000	1.000000	0.294444
Crawl	0.000000	0.000000	0.000000	0.000000	0.000000	1.000000	0.294444
Heated Basement	0.000000	0.000000	0.000000	0.000000	0.000000	1.000000	0.072222
Slab	0.000000	0.000000	0.000000	0.000000	0.000000	1.000000	0.294444
