Dependency=Geometry Building Type RECS	Option=None	Option=Uninsulated	Option=R-7	Option=R-13	Option=R-19	Option=R-30	Option=R-38	Option=R-49	resstock_probability
Mobile Home	1.0	0.0	0.0	0.0	0.0	0.0	0.0	0.0	0.111111
Single-Family Detached	1.0	0.0	0.0	0.0	0.0	0.0	0.0	0.0	0.111111
Single-Family Attached	1.0	0.0	0.0	0.0	0.0	0.0	0.0	0.0	0.111111
Multi-Family with 2 - 4 Units	0.0	0.14285699999999998	0.14285699999999998	0.14285699999999998	0.14285699999999998	0.14285699999999998	0.14285699999999998	0.14285699999999998	0.22222177777799995
Multi-Family with 5+ Units	0.0	0.14285699999999998	0.14285699999999998	0.14285699999999998	0.14285699999999998	0.14285699999999998	0.14285699999999998	0.14285699999999998	0.4444435555559999
