Dependency=Geometry Foundation Type	Option=Uninsulated	Option=2ft R5 Perimeter, R5 Gap	Option=2ft R10 Perimeter, R10 Gap	Option=2ft R5 Exterior	Option=2ft R10 Exterior	Option=R10 Whole Slab, R5 Gap	Option=None	resstock_probability
Slab	0.166667	0.166667	0.166667	0.166667	0.166667	0.166667	0.000000	0.294445
Unheated Basement	0.000000	0.000000	0.000000	0.000000	0.000000	0.000000	1.000000	0.294444
Crawl	0.000000	0.000000	0.000000	0.000000	0.000000	0.000000	1.000000	0.294444
Pier and Beam	0.000000	0.000000	0.000000	0.000000	0.000000	0.000000	1.000000	0.044444
Heated Basement	0.000000	0.000000	0.000000	0.000000	0.000000	0.000000	1.000000	0.072222
