Dependency=Geometry Foundation Type	Option=None	Option=Uninsulated	"Option=Half Wall R-5, Exterior"	"Option=Half Wall R-10, Exterior"	"Option=Wall R-5, Exterior"	"Option=Wall R-10, Exterior"	"Option=Wall R-13, Exterior"	"Option=Wall R-15, Exterior"
Unheated Basement	1.000000	0.000000	0.000000	0.000000	0.000000	0.000000	0.000000	0.000000
Heated Basement	0.000000	0.142857	0.142857	0.142857	0.142857	0.142857	0.142857	0.142857
Vented Crawlspace	1.000000	0.000000	0.000000	0.000000	0.000000	0.000000	0.000000	0.000000
Unvented Crawlspace	0.000000	0.142857	0.142857	0.142857	0.142857	0.142857	0.142857	0.142857
Ambient	1.000000	0.000000	0.000000	0.000000	0.000000	0.000000	0.000000	0.000000
Slab	1.000000	0.000000	0.000000	0.000000	0.000000	0.000000	0.000000	0.000000
