Dependency=Geometry Foundation Type	Option=None	Option=Uninsulated	Option=Ceiling R-13	Option=Ceiling R-19	Option=Ceiling R-30	Option=Ceiling R-38
Unheated Basement	0.000000	0.200000	0.200000	0.200000	0.200000	0.200000
Heated Basement	1.000000	0.000000	0.000000	0.000000	0.000000	0.000000
Crawl	0.000000	0.200000	0.200000	0.200000	0.200000	0.200000
Pier and Beam	0.000000	0.200000	0.200000	0.200000	0.200000	0.200000
Slab	1.000000	0.000000	0.000000	0.000000	0.000000	0.000000
