Dependency=Geometry Foundation Type	Option=Uninsulated	Option=Half Wall R-5	Option=Half Wall R-10	Option=Half Wall R-15	Option=Wall R-5	Option=Wall R-10	Option=Wall R-15	Option=None	resstock_probability
Heated Basement	0.142857	0.142857	0.142857	0.142857	0.142857	0.142857	0.142857	0.000000	0.200000
Unheated Basement	0.000000	0.000000	0.000000	0.000000	0.000000	0.000000	0.000000	1.000000	0.200000
Crawl	0.000000	0.000000	0.000000	0.000000	0.000000	0.000000	0.000000	1.000000	0.200000
Pier and Beam	0.000000	0.000000	0.000000	0.000000	0.000000	0.000000	0.000000	1.000000	0.200000
Slab	0.000000	0.000000	0.000000	0.000000	0.000000	0.000000	0.000000	1.000000	0.200000
