Dependency=Geometry Foundation Type	Option=Uninsulated, Vented	Option=Uninsulated, Unvented	Option=Wall R-5, Unvented	Option=Wall R-10, Unvented	Option=Ceiling R-13, Vented	Option=Ceiling R-19, Vented	Option=None	resstock_probability
Crawl	0.166667	0.166667	0.166667	0.166667	0.166667	0.166667	0.000000	0.294445
Unheated Basement	0.000000	0.000000	0.000000	0.000000	0.000000	0.000000	1.000000	0.294444
Heated Basement	0.000000	0.000000	0.000000	0.000000	0.000000	0.000000	1.000000	0.072222
Pier and Beam	0.000000	0.000000	0.000000	0.000000	0.000000	0.000000	1.000000	0.044444
Slab	0.000000	0.000000	0.000000	0.000000	0.000000	0.000000	1.000000	0.294444
