Dependency=Geometry Foundation Type	Option=Uninsulated	Option=Half Wall R-5	Option=Half Wall R-10	Option=Half Wall R-15	Option=Wall R-5	Option=Wall R-10	Option=Wall R-15	Option=None	sampling_probability
Heated Basement	0.142857	0.142857	0.142857	0.142857	0.142857	0.142857	0.142857	0.000000	0.072222
Unheated Basement	0.000000	0.000000	0.000000	0.000000	0.000000	0.000000	0.000000	1.000000	0.294444
Crawl	0.000000	0.000000	0.000000	0.000000	0.000000	0.000000	0.000000	1.000000	0.294444
Pier and Beam	0.000000	0.000000	0.000000	0.000000	0.000000	0.000000	0.000000	1.000000	0.044444
Slab	0.000000	0.000000	0.000000	0.000000	0.000000	0.000000	0.000000	1.000000	0.294444
