Dependency=Geometry Foundation Type	Option=Uninsulated	Option=Half Wall R-5	Option=Half Wall R-10	Option=Half Wall R-15	Option=Wall R-5	Option=Wall R-10	Option=Wall R-15	Option=None	resstock_probability
Heated Basement	0.14285699999999998	0.14285699999999998	0.14285699999999998	0.14285699999999998	0.14285699999999998	0.14285699999999998	0.14285699999999998	0.0	0.19999979999999998
Unheated Basement	0.0	0.0	0.0	0.0	0.0	0.0	0.0	1.0	0.2
Crawl	0.0	0.0	0.0	0.0	0.0	0.0	0.0	1.0	0.2
Pier and Beam	0.0	0.0	0.0	0.0	0.0	0.0	0.0	1.0	0.2
Slab	0.0	0.0	0.0	0.0	0.0	0.0	0.0	1.0	0.2
