Dependency=Geometry Foundation Type	Option=None	Option=Uninsulated	Option=2ft R5 Under, Horizontal	Option=2ft R10 Under, Horizontal	Option=4ft R5 Under, Horizontal	Option=2ft R5 Perimeter, Vertical	Option=2ft R10 Perimeter, Vertical	Option=R10 Whole Slab, Horizontal	sampling_probability
Slab	0.000000	0.142857	0.142857	0.142857	0.142857	0.142857	0.142857	0.142857	0.294444
Unheated Basement	1.000000	0.000000	0.000000	0.000000	0.000000	0.000000	0.000000	0.000000	0.294444
Vented Crawlspace	1.000000	0.000000	0.000000	0.000000	0.000000	0.000000	0.000000	0.000000	0.147222
Unvented Crawlspace	1.000000	0.000000	0.000000	0.000000	0.000000	0.000000	0.000000	0.000000	0.147222
Ambient	1.000000	0.000000	0.000000	0.000000	0.000000	0.000000	0.000000	0.000000	0.044444
Heated Basement	1.000000	0.000000	0.000000	0.000000	0.000000	0.000000	0.000000	0.000000	0.072222
