Dependency=Insulation Foundation Wall	Option=None	Option=Uninsulated	Option=R-5, Exterior	Option=R-10, Exterior	Option=R-15, Exterior	Option=R-13, Interior	sampling_probability
None	1.000000	0.000000	0.000000	0.000000	0.000000	0.000000	0.338888
Uninsulated	0.000000	1.000000	0.000000	0.000000	0.000000	0.000000	0.132222
Wall R-5, Exterior	0.000000	0.000000	1.000000	0.000000	0.000000	0.000000	0.132222
Wall R-10, Exterior	0.000000	0.000000	0.000000	1.000000	0.000000	0.000000	0.132222
Wall R-15, Exterior	0.000000	0.000000	0.000000	0.000000	1.000000	0.000000	0.132222
Wall R-13, Interior	0.000000	0.000000	0.000000	0.000000	0.000000	1.000000	0.132222
