Dependency=Geometry Foundation Type	Option=Uninsulated	Option=2ft R5 Under	Option=2ft R10 Under	Option=2ft R5 Perimeter	Option=2ft R10 Perimeter	Option=R10 Whole Slab	Option=None
Slab	0.166667	0.166667	0.166667	0.166667	0.166667	0.166667	0.000000
Unheated Basement	0.000000	0.000000	0.000000	0.000000	0.000000	0.000000	1.000000
Crawl	0.000000	0.000000	0.000000	0.000000	0.000000	0.000000	1.000000
Pier and Beam	0.000000	0.000000	0.000000	0.000000	0.000000	0.000000	1.000000
Heated Basement	0.000000	0.000000	0.000000	0.000000	0.000000	0.000000	1.000000
