Dependency=Geometry Foundation Type	Option=None	Option=Uninsulated	Option=Ceiling R-13	Option=Ceiling R-19	Option=Ceiling R-30	Option=Ceiling R-38	sampling_probability
Unheated Basement	0.000000	0.200000	0.200000	0.200000	0.200000	0.200000	0.294444
Heated Basement	0.000000	1.000000	0.000000	0.000000	0.000000	0.000000	0.072222
Vented Crawlspace	0.000000	0.200000	0.200000	0.200000	0.200000	0.200000	0.147222
Unvented Crawlspace	0.000000	0.200000	0.200000	0.200000	0.200000	0.200000	0.147222
Ambient	0.000000	0.200000	0.200000	0.200000	0.200000	0.200000	0.044444
Slab	1.000000	0.000000	0.000000	0.000000	0.000000	0.000000	0.294444
