Dependency=Geometry Attic Type	Option=Uninsulated	Option=R-7	Option=R-13	Option=R-19	Option=R-30	Option=R-38	Option=R-49	sampling_probability
Vented Attic	1.000000	0.000000	0.000000	0.000000	0.000000	0.000000	0.000000	0.068033
Unvented Attic	0.142857	0.142857	0.142857	0.142857	0.142857	0.142857	0.142857	0.068033
Finished Attic or Cathedral Ceilings	0.142857	0.142857	0.142857	0.142857	0.142857	0.142857	0.142857	0.035907
None	0.142857	0.142857	0.142857	0.142857	0.142857	0.142857	0.142857	0.828028
