Dependency=Geometry Foundation Type	Option=None	Option=Uninsulated	Option=Half Wall R-5	Option=Half Wall R-10	Option=Wall R-5	Option=Wall R-10	Option=Wall R-13	Option=Wall R-15
Unheated Basement	1.000000	0.000000	0.000000	0.000000	0.000000	0.000000	0.000000	0.000000
Heated Basement	0.000000	0.142857	0.142857	0.142857	0.142857	0.142857	0.142857	0.142857
Crawl	0.000000	0.142857	0.142857	0.142857	0.142857	0.142857	0.142857	0.142857
Pier and Beam	1.000000	0.000000	0.000000	0.000000	0.000000	0.000000	0.000000	0.000000
Slab	1.000000	0.000000	0.000000	0.000000	0.000000	0.000000	0.000000	0.000000
