Option=Uninsulated	Option=R-13	Option=R-19	Option=R-30	Option=R-38
0.200000	0.200000	0.200000	0.200000	0.200000
