Dependency=Geometry Foundation Type	Option=Uninsulated, Vented	Option=Uninsulated, Unvented	Option=Wall R-5, Unvented	Option=Wall R-10, Unvented	Option=Ceiling R-13, Vented	Option=Ceiling R-19, Vented	Option=None
Crawl	0.166667	0.166667	0.166667	0.166667	0.166667	0.166667	0.000000
Unheated Basement	0.000000	0.000000	0.000000	0.000000	0.000000	0.000000	1.000000
Heated Basement	0.000000	0.000000	0.000000	0.000000	0.000000	0.000000	1.000000
Pier and Beam	0.000000	0.000000	0.000000	0.000000	0.000000	0.000000	1.000000
Slab	0.000000	0.000000	0.000000	0.000000	0.000000	0.000000	1.000000
