Dependency=Geometry Foundation Type	Option=None	Option=Uninsulated	"Option=2ft R5 Under, Horizontal"	"Option=2ft R10 Under, Horizontal"	"Option=4ft R5 Under, Horizontal"	"Option=2ft R5 Perimeter, Vertical"	"Option=2ft R10 Perimeter, Vertical"	"Option=R10 Whole Slab, Horizontal"
Slab	0.000000	0.142857	0.142857	0.142857	0.142857	0.142857	0.142857	0.142857
Unheated Basement	0.000000	1.000000	0.000000	0.000000	0.000000	0.000000	0.000000	0.000000
Vented Crawlspace	0.000000	1.000000	0.000000	0.000000	0.000000	0.000000	0.000000	0.000000
Unvented Crawlspace	0.000000	1.000000	0.000000	0.000000	0.000000	0.000000	0.000000	0.000000
Ambient	1.000000	0.000000	0.000000	0.000000	0.000000	0.000000	0.000000	0.000000
Heated Basement	0.000000	1.000000	0.000000	0.000000	0.000000	0.000000	0.000000	0.000000
