Dependency=Geometry Foundation Type	Option=Uninsulated	Option=Half Wall R-5	Option=Half Wall R-10	Option=Wall R-5	Option=Wall R-10	Option=Wall R-13	Option=Ceiling R-13	Option=Ceiling R-19	Option=None	resstock_probability
Unheated Basement	0.125000	0.125000	0.125000	0.125000	0.125000	0.125000	0.125000	0.125000	0.000000	0.294444
Heated Basement	0.000000	0.000000	0.000000	0.000000	0.000000	0.000000	0.000000	0.000000	1.000000	0.072222
Crawl	0.000000	0.000000	0.000000	0.000000	0.000000	0.000000	0.000000	0.000000	1.000000	0.294444
Pier and Beam	0.000000	0.000000	0.000000	0.000000	0.000000	0.000000	0.000000	0.000000	1.000000	0.044444
Slab	0.000000	0.000000	0.000000	0.000000	0.000000	0.000000	0.000000	0.000000	1.000000	0.294444
