Dependency=Geometry Foundation Type	Option=None	Option=Uninsulated	Option=Half Wall R-5, Exterior	Option=Half Wall R-10, Exterior	Option=Wall R-5, Exterior	Option=Wall R-10, Exterior	Option=Wall R-13, Exterior	Option=Wall R-15, Exterior	sampling_probability
Unheated Basement	0.000000	0.142857	0.142857	0.142857	0.142857	0.142857	0.142857	0.142857	0.294444
Heated Basement	0.000000	0.142857	0.142857	0.142857	0.142857	0.142857	0.142857	0.142857	0.072222
Vented Crawlspace	0.000000	0.142857	0.142857	0.142857	0.142857	0.142857	0.142857	0.142857	0.147222
Unvented Crawlspace	0.000000	0.142857	0.142857	0.142857	0.142857	0.142857	0.142857	0.142857	0.147222
Ambient	1.000000	0.000000	0.000000	0.000000	0.000000	0.000000	0.000000	0.000000	0.044444
Slab	1.000000	0.000000	0.000000	0.000000	0.000000	0.000000	0.000000	0.000000	0.294444
