Dependency=Geometry Building Type RECS	Option=None	"Option=Uninsulated, Vented"	"Option=Ceiling R-7, Vented"	"Option=Ceiling R-13, Vented"	"Option=Ceiling R-19, Vented"	"Option=Ceiling R-30, Vented"	"Option=Ceiling R-38, Vented"	"Option=Ceiling R-49, Vented"	"Option=Roof R-19, Unvented"	"Option=Roof R-49, Unvented"
Mobile Home	0.000000	0.111111	0.111111	0.111111	0.111111	0.111111	0.111111	0.111111	0.111111	0.111111
Single-Family Detached	0.000000	0.111111	0.111111	0.111111	0.111111	0.111111	0.111111	0.111111	0.111111	0.111111
Single-Family Attached	0.000000	0.111111	0.111111	0.111111	0.111111	0.111111	0.111111	0.111111	0.111111	0.111111
Multi-Family with 2 - 4 Units	1.000000	0.000000	0.000000	0.000000	0.000000	0.000000	0.000000	0.000000	0.000000	0.000000
Multi-Family with 5+ Units	1.000000	0.000000	0.000000	0.000000	0.000000	0.000000	0.000000	0.000000	0.000000	0.000000
