Dependency=Geometry Foundation Type	Option=Uninsulated	Option=R-13	Option=R-19	Option=R-30	Option=R-38	Option=None
Pier and Beam	0.200000	0.200000	0.200000	0.200000	0.200000	0.000000
Unheated Basement	0.000000	0.000000	0.000000	0.000000	0.000000	1.000000
Crawl	0.000000	0.000000	0.000000	0.000000	0.000000	1.000000
Heated Basement	0.000000	0.000000	0.000000	0.000000	0.000000	1.000000
Slab	0.000000	0.000000	0.000000	0.000000	0.000000	1.000000
