Dependency=Geometry Building Type RECS	Option=None	Option=Uninsulated, Vented	Option=Ceiling R-7, Vented	Option=Ceiling R-13, Vented	Option=Ceiling R-19, Vented	Option=Ceiling R-30, Vented	Option=Ceiling R-38, Vented	Option=Ceiling R-49, Vented	Option=Roof R-19, Unvented	Option=Roof R-49, Unvented	resstock_probability
Mobile Home	0.0	0.11111099999999999	0.11111099999999999	0.11111099999999999	0.11111099999999999	0.11111099999999999	0.11111099999999999	0.11111099999999999	0.11111099999999999	0.11111099999999999	0.11111088888899999
Single-Family Detached	0.0	0.11111099999999999	0.11111099999999999	0.11111099999999999	0.11111099999999999	0.11111099999999999	0.11111099999999999	0.11111099999999999	0.11111099999999999	0.11111099999999999	0.11111088888899999
Single-Family Attached	0.0	0.11111099999999999	0.11111099999999999	0.11111099999999999	0.11111099999999999	0.11111099999999999	0.11111099999999999	0.11111099999999999	0.11111099999999999	0.11111099999999999	0.11111088888899999
Multi-Family with 2 - 4 Units	1.0	0.0	0.0	0.0	0.0	0.0	0.0	0.0	0.0	0.0	0.222222
Multi-Family with 5+ Units	1.0	0.0	0.0	0.0	0.0	0.0	0.0	0.0	0.0	0.0	0.444444
