Option=Uninsulated	Option=R-7	Option=R-13	Option=R-19	Option=R-30	Option=R-38	Option=R-49
0.142857	0.142857	0.142857	0.142857	0.142857	0.142857	0.142857
