Dependency=Geometry Building Type RECS	Option=None	Option=Uninsulated	Option=R-7	Option=R-13	Option=R-19	Option=R-30	Option=R-38	Option=R-49
Mobile Home	1.000000	0.000000	0.000000	0.000000	0.000000	0.000000	0.000000	0.000000
Single-Family Detached	1.000000	0.000000	0.000000	0.000000	0.000000	0.000000	0.000000	0.000000
Single-Family Attached	1.000000	0.000000	0.000000	0.000000	0.000000	0.000000	0.000000	0.000000
Multi-Family with 2 - 4 Units	0.000000	0.142857	0.142857	0.142857	0.142857	0.142857	0.142857	0.142857
Multi-Family with 5+ Units	0.000000	0.142857	0.142857	0.142857	0.142857	0.142857	0.142857	0.142857
