Option=100% Incandescent	Option=60% CFL	Option=100% CFL	Option=100% LED	Option=20% LED	Option=None
0.166667	0.166667	0.166667	0.166667	0.166667	0.166667
