Option=TMY3	Option=AMY 2014	Option=AMY 2012
0.333333	0.333333	0.333333
