Option=TMY3	Option=AMY 2014	Option=AMY 2012	Unnamed: 3
0.333333	0.333333	0.333333	
