Option=None	Option=Exhaust, 2010 ASHRAE 62.2	Option=Exhaust, 50%, 2013 ASHRAE 62.2	Option=Supply, 2010 ASHRAE 62.2	Option=HRV, 60%, 2010 ASHRAE 62.2	Option=ERV, 72%, 2010 ASHRAE 62.2
0.166667	0.166667	0.166667	0.166667	0.166667	0.166667
