Option=EF 6.7	Option=EF 10.2	Option=EF 10.5	Option=EF 15.9	Option=EF 17.6	Option=EF 19.9	Option=None	resstock_probability
0.14285699999999998	0.14285699999999998	0.14285699999999998	0.14285699999999998	0.14285699999999998	0.14285699999999998	0.14285699999999998	1
