Dependency=Misc Pool	Option=None	Option=National Average	Option=Unheated	Option=Electric	Option=Gas	"Option=Electric, 78F"	"Option=Gas, 78F"	Option=Solar	"Option=Electric, Covered"	"Option=Gas, Covered"	"Option=Electric, Covered, 78F"	"Option=Gas, Covered, 78F"	Option=Not Heated
Has Pool	0.000000	0.083333	0.083333	0.083333	0.083333	0.083333	0.083333	0.083333	0.083333	0.083333	0.083333	0.083333	0.083333
None	1.000000	0.000000	0.000000	0.000000	0.000000	0.000000	0.000000	0.000000	0.000000	0.000000	0.000000	0.000000	0.000000
