Dependency=Geometry Building Type RECS	Option=Electric	Option=Gas	Option=None	resstock_probability
Mobile Home	0.333333	0.333333	0.333333	0.111110888889
Multi-Family with 2 - 4 Units	0.333333	0.333333	0.333333	0.222221777778
Multi-Family with 5+ Units	0.333333	0.333333	0.333333	0.444443555556
Single-Family Attached	0.333333	0.333333	0.333333	0.111110888889
Single-Family Detached	0.333333	0.333333	0.333333	0.111110888889
