Option=2	Option=4	Option=7	Option=12	Option=27	Option=None
0.166667	0.166667	0.166667	0.166667	0.166667	0.166667
