Option=1	Option=2	Option=3	Option=4	Option=5	Option=6	Option=7	Option=8	Option=9	Option=10	Option=None	sampling_probability
0.0909091	0.0909091	0.0909091	0.0909091	0.0909091	0.0909091	0.0909091	0.0909091	0.0909091	0.0909091	0.0909091	1
# Created by: \sources\pums\2019_5yrs\tsv_maker.py