Option=400%	Option=200%	Option=150%	Option=100%	Option=75%	Option=50%	Option=25%
0.142857	0.142857	0.142857	0.142857	0.142857	0.142857	0.142858
