Dependency=Plug Loads	Option=None	Option=National Average
400%	0.000000	1.000000
200%	0.000000	1.000000
150%	0.000000	1.000000
100%	0.000000	1.000000
75%	0.000000	1.000000
50%	0.000000	1.000000
25%	0.000000	1.000000
None	1.000000	0.000000
