Option=78%	Option=79%	Option=82%	Option=84%	Option=85%	Option=86%	Option=89%	Option=91%	Option=93%	Option=94%	Option=95%	Option=96%	Option=97%	Option=99%	Option=100%	Option=101%	Option=102%	Option=103%	Option=104%	Option=105%	Option=106%	Option=108%	Option=110%	Option=113%	Option=119%	Option=121%	Option=123%	Option=134%	Option=137%	Option=140%	Option=144%	Option=166%
0.031250	0.031250	0.031250	0.031250	0.031250	0.031250	0.031250	0.031250	0.031250	0.031250	0.031250	0.031250	0.031250	0.031250	0.031250	0.031250	0.031250	0.031250	0.031250	0.031250	0.031250	0.031250	0.031250	0.031250	0.031250	0.031250	0.031250	0.031250	0.031250	0.031250	0.031250	0.031250
# Created by: sources\recs\2015\tsv_maker.py