Option=60%	Option=70%	Option=71%	Option=73%	Option=75%	Option=81%	Option=82%	Option=84%	Option=88%	Option=89%	Option=91%	Option=93%	Option=94%	Option=95%	Option=96%	Option=97%	Option=98%	Option=99%	Option=100%	Option=101%	Option=103%	Option=104%	Option=105%	Option=106%	Option=107%	Option=108%	Option=110%	Option=112%	Option=113%	Option=117%	Option=118%	Option=119%	Option=120%	Option=122%	Option=127%
0.028571	0.028571	0.028571	0.028571	0.028571	0.028571	0.028571	0.028571	0.028571	0.028571	0.028571	0.028571	0.028571	0.028571	0.028571	0.028571	0.028571	0.028571	0.028571	0.028571	0.028571	0.028571	0.028571	0.028571	0.028571	0.028571	0.028571	0.028571	0.028571	0.028571	0.028571	0.028571	0.028571	0.028571	0.028571
# Created by: sources\recs\2015\tsv_maker.py