Dependency=Has PV	Option=1.0 kWDC	Option=3.0 kWDC	Option=5.0 kWDC	Option=7.0 kWDC	Option=9.0 kWDC	Option=11.0 kWDC	Option=13.0 kWDC	Option=None	sampling_probability
No	0.000000	0.000000	0.000000	0.000000	0.000000	0.000000	0.000000	1.000000	0.500000
Yes	0.142857	0.142857	0.142857	0.142857	0.142857	0.142857	0.142857	0.000000	0.500000
# Created by: sources\dpv\tsv_maker.py