Dependency=Geometry Attic Type	Option=None	Option=Yes	Option=No	sampling_probability
Vented Attic	0.000000	0.500000	0.500000	0.068033
Unvented Attic	0.000000	0.500000	0.500000	0.068033
Finished Attic or Cathedral Ceilings	1.000000	0.000000	0.000000	0.035907
None	1.000000	0.000000	0.000000	0.828028
