Dependency=Geometry Building Type RECS	Option=None	Option=Yes	Option=No	resstock_probability
Mobile Home	0.000000	0.500000	0.500000	0.111111
Single-Family Detached	0.000000	0.500000	0.500000	0.111111
Single-Family Attached	0.000000	0.500000	0.500000	0.111111
Multi-Family with 2 - 4 Units	1.000000	0.000000	0.000000	0.222222
Multi-Family with 5+ Units	1.000000	0.000000	0.000000	0.444444
