Dependency=County	Option=10	Option=67	Option=80	Option=127	sampling_probability
CA, Los Angeles County	1.000000	0.000000	0.000000	0.000000	0.250000
IL, Cook County	0.000000	0.000000	1.000000	0.000000	0.250000
NY, New York County	0.000000	0.000000	0.000000	1.000000	0.250000
TX, Harris County	0.000000	1.000000	0.000000	0.000000	0.250000
# Created by: sources\spatial\tsv_maker.py