Option=EF 6.7	Option=EF 10.2	Option=EF 10.5	Option=EF 15.9	Option=EF 17.6	"Option=EF 17.6, 95% Usage"	"Option=EF 17.6, 105% Usage"
0.142857143	0.142857143	0.142857143	0.142857143	0.142857143	0.142857143	0.142857143
