Dependency=Refrigerator	Option=National Average	Option=None	sampling_probability
EF 6.7	1.000000	0.000000	0.142857
EF 10.2	1.000000	0.000000	0.142857
EF 10.5	1.000000	0.000000	0.142857
EF 15.9	1.000000	0.000000	0.142857
EF 17.6	1.000000	0.000000	0.142857
EF 19.9	1.000000	0.000000	0.142857
None	0.000000	1.000000	0.142857
