Dependency=Geometry Attic Type	Option=None	Option=Asphalt Shingles, Medium	Option=Composition Shingles	Option=Metal, Dark	Option=Slate	Option=Tile, Clay or Ceramic	Option=Tile, Concrete	Option=Wood Shingles	sampling_probability
Vented Attic	1.000000	0.000000	0.000000	0.000000	0.000000	0.000000	0.000000	0.000000	0.068033
Unvented Attic	0.000000	0.142857	0.142857	0.142857	0.142857	0.142857	0.142857	0.142857	0.068033
Finished Attic or Cathedral Ceilings	0.000000	0.142857	0.142857	0.142857	0.142857	0.142857	0.142857	0.142857	0.035907
None	0.000000	1.000000	0.000000	0.000000	0.000000	0.000000	0.000000	0.000000	0.828028
