Dependency=Geometry Building Type RECS	Option=None	"Option=Asphalt Shingles, Dark"	"Option=Asphalt Shingles, Medium"	"Option=Asphalt Shingles, Light"	"Option=Asphalt Shingles, White or cool colors"	"Option=Tile, Dark"	"Option=Tile, Medium"	"Option=Tile, Light"	"Option=Tile, White"	"Option=Metal, Dark"	"Option=Metal, Medium"	"Option=Metal, Light"	"Option=Metal, White"	Option=Galvanized Steel
Mobile Home	1.000000	0.000000	0.000000	0.000000	0.000000	0.000000	0.000000	0.000000	0.000000	0.000000	0.000000	0.000000	0.000000	0.000000
Single-Family Detached	1.000000	0.000000	0.000000	0.000000	0.000000	0.000000	0.000000	0.000000	0.000000	0.000000	0.000000	0.000000	0.000000	0.000000
Single-Family Attached	1.000000	0.000000	0.000000	0.000000	0.000000	0.000000	0.000000	0.000000	0.000000	0.000000	0.000000	0.000000	0.000000	0.000000
Multi-Family with 2 - 4 Units	0.000000	0.076923	0.076923	0.076923	0.076923	0.076923	0.076923	0.076923	0.076923	0.076923	0.076923	0.076923	0.076923	0.076923
Multi-Family with 5+ Units	0.000000	0.076923	0.076923	0.076923	0.076923	0.076923	0.076923	0.076923	0.076923	0.076923	0.076923	0.076923	0.076923	0.076923
