Dependency=Geometry Building Type RECS	Option=Asphalt Shingles, Medium	Option=Composition Shingles	Option=Metal, Dark	Option=None	Option=Slate	Option=Tile, Clay or Ceramic	Option=Tile, Concrete	Option=Wood Shingles	sampling_probability
Mobile Home	0.000000	0.000000	0.000000	1.000000	0.000000	0.000000	0.000000	0.000000	0.111111
Multi-Family with 2 - 4 Units	0.142857	0.142857	0.142857	0.000000	0.142857	0.142857	0.142857	0.142857	0.222222
Multi-Family with 5+ Units	0.142857	0.142857	0.142857	0.000000	0.142857	0.142857	0.142857	0.142857	0.444444
Single-Family Attached	0.000000	0.000000	0.000000	1.000000	0.000000	0.000000	0.000000	0.000000	0.111111
Single-Family Detached	0.000000	0.000000	0.000000	1.000000	0.000000	0.000000	0.000000	0.000000	0.111111
# Created by: sources\recs\2009\tsv_maker.py