Dependency=County	Option=AZ	Option=CA	Option=GA	Option=IL	Option=TX	Option=WA	sampling_probability
AZ, Maricopa County	1.000000	0.000000	0.000000	0.000000	0.000000	0.000000	0.166667
CA, Los Angeles County	0.000000	1.000000	0.000000	0.000000	0.000000	0.000000	0.166667
GA, Fulton County	0.000000	0.000000	1.000000	0.000000	0.000000	0.000000	0.166667
IL, Cook County	0.000000	0.000000	0.000000	1.000000	0.000000	0.000000	0.166667
TX, Harris County	0.000000	0.000000	0.000000	0.000000	1.000000	0.000000	0.166667
WA, King County	0.000000	0.000000	0.000000	0.000000	0.000000	1.000000	0.166667
# Created by: sources\spatial\tsv_maker.py