Dependency=County	Option=AZ	Option=CA	Option=GA	Option=IL	Option=TX	Option=WA
AZ, Maricopa County	1.000000	0.000000	0.000000	0.000000	0.000000	0.000000
CA, Los Angeles County	0.000000	1.000000	0.000000	0.000000	0.000000	0.000000
GA, Fulton County	0.000000	0.000000	1.000000	0.000000	0.000000	0.000000
IL, Cook County	0.000000	0.000000	0.000000	1.000000	0.000000	0.000000
TX, Harris County	0.000000	0.000000	0.000000	0.000000	1.000000	0.000000
WA, King County	0.000000	0.000000	0.000000	0.000000	0.000000	1.000000
# Created by: sources\spatial\tsv_maker.py