Option=1940s	Option=1950s	Option=1960s	Option=1970s	Option=1980s	Option=1990s	Option=2000s	Option=2010s	Option=<1940
0.111111	0.111111	0.111111	0.111111	0.111111	0.111111	0.111111	0.111111	0.111111
