Option=F6 B6 L6 R6	Option=F9 B9 L9 R9	Option=F10 B30 L10 R10	Option=F12 B12 L12 R12	Option=F15 B15 L0 R0	Option=F15 B15 L15 R15	Option=F18 B18 L18 R18	Option=F30 B30 L30 R30	Option=None	sampling_probability
0.111111	0.111111	0.111111	0.111111	0.111111	0.111111	0.111111	0.111111	0.111111	1.000000
# Created by: sources\rbsa_II\tsv_maker.py