Option=None	Option=F6 B6 L6 R6	Option=F9 B9 L9 R9	Option=F12 B12 L12 R12	Option=F15 B15 L15 R15	Option=F18 B18 L18 R18	Option=F30 B30 L30 R30	Option=F15 B15 L0 R0	Option=F10 B30 L10 R10	resstock_probability
0.11111099999999999	0.11111099999999999	0.11111099999999999	0.11111099999999999	0.11111099999999999	0.11111099999999999	0.11111099999999999	0.11111099999999999	0.11111099999999999	1
