Option=1A	Option=2A	Option=2B	Option=3A	Option=3B	Option=3C	Option=4A	Option=4B	Option=4C	Option=5A	Option=5B	Option=6A	Option=6B	Option=7A	Option=7B	sample_count	sample_weight
0.023602	0.190393	0.027337	0.167118	0.097811	0.030322	0.193792	0.004439	0.039991	0.118492	0.053704	0.037221	0.008942	0.006264	0.000575	0.000000	8559929.386480
