Option=1A	Option=2A	Option=2B	Option=3A	Option=3B	Option=3C	Option=4A	Option=4B	Option=4C	Option=5A	Option=5B	Option=6A	Option=6B	Option=7A	Option=7B	sample_count	sample_weight
0.023438	0.190349	0.027185	0.166336	0.099195	0.030454	0.194351	0.004326	0.040147	0.117895	0.053758	0.036946	0.008867	0.006182	0.000571	0.000000	8941693.218997
