Option=1A	Option=2A	Option=2B	Option=3A	Option=3B	Option=3C	Option=4A	Option=4B	Option=4C	Option=5A	Option=5B	Option=6A	Option=6B	Option=7A	Option=7B	sample_count	sample_weight
0.023154	0.185929	0.026869	0.162852	0.100194	0.030976	0.194865	0.004134	0.040761	0.122022	0.054539	0.038024	0.008785	0.006289	0.000607	0.000000	8942483.013054
