Option=1A	Option=2A	Option=2B	Option=3A	Option=3B	Option=3C	Option=4A	Option=4B	Option=4C	Option=5A	Option=5B	Option=6A	Option=6B	Option=7A	Option=7B	sample_count	sample_weight
0.019189	0.154705	0.025568	0.157293	0.103006	0.032023	0.207245	0.005283	0.040267	0.147464	0.051327	0.042699	0.007822	0.005462	0.000648	0.000000	11889396.097592
