Option=1A	Option=2A	Option=2B	Option=3A	Option=3B	Option=3C	Option=4A	Option=4B	Option=4C	Option=5A	Option=5B	Option=6A	Option=6B	Option=7A	Option=7B	sample_count	sample_weight
0.020857	0.160925	0.023459	0.162555	0.099652	0.030639	0.206786	0.005216	0.039406	0.145010	0.049702	0.042210	0.007531	0.005402	0.000649	0.000000	11929099.102973
