Option=1A	Option=2A	Option=2B	Option=3A	Option=3B	Option=3C	Option=4A	Option=4B	Option=4C	Option=5A	Option=5B	Option=6A	Option=6B	Option=7A	Option=7B	sample_count	sample_weight
0.020858	0.160946	0.023460	0.162547	0.099670	0.030640	0.206782	0.005214	0.039407	0.144997	0.049701	0.042202	0.007529	0.005401	0.000646	0.000000	11928629.300334
