Dependency=Census Tract	Option=<1950	Option=1950s	Option=1960s	Option=1970s	Option=1980s	Option=1990s	Option=2000s	Count	Weight
G0100010020200	1.94339622642	7.11320754717	1.49056603774	1.67924528302	2.07547169811	3.18867924528	3.98113207547	1	89.0
G0100050950500	0.236625514403	0.915637860082	0.150205761317	0.251028806584	0.156378600823	0.748971193416	0.553497942387	1	89.0
G0100030010704	0.200568990043	0.389758179232	0.0384068278805	0.152204836415	0.0512091038407	0.416785206259	0.534850640114	1	19.0
