Option=1A	Option=2A	Option=2B	Option=3A	Option=3B	Option=3C	Option=4A	Option=4B	Option=4C	Option=5A	Option=5B	Option=6A	Option=6B	Option=7A	Option=7B	sample_count	sample_weight
0.022922	0.201720	0.026400	0.170649	0.087250	0.028197	0.189669	0.004470	0.040204	0.117902	0.053474	0.039094	0.009711	0.007701	0.000637	0.000000	8771351.040272
