Option=1A	Option=2A	Option=2B	Option=3A	Option=3B	Option=3C	Option=4A	Option=4B	Option=4C	Option=5A	Option=5B	Option=6A	Option=6B	Option=7A	Option=7B	sample_count	sample_weight
0.022428	0.197642	0.026697	0.167343	0.088681	0.028558	0.189843	0.004478	0.040737	0.120993	0.054179	0.039991	0.009889	0.007874	0.000668	0.000000	8970851.381736
