Option=1A	Option=2A	Option=2B	Option=3A	Option=3B	Option=3C	Option=4A	Option=4B	Option=4C	Option=5A	Option=5B	Option=6A	Option=6B	Option=7A	Option=7B	sample_count	sample_weight
0.022873	0.201753	0.026471	0.170610	0.087333	0.028136	0.189540	0.004480	0.040216	0.117816	0.053573	0.039109	0.009758	0.007692	0.000640	0.000000	8800089.454310
