Option=1A	Option=2A	Option=2B	Option=3A	Option=3B	Option=3C	Option=4A	Option=4B	Option=4C	Option=5A	Option=5B	Option=6A	Option=6B	Option=7A	Option=7B	sample_count	sample_weight
0.021107	0.164011	0.024453	0.157136	0.103971	0.031823	0.203570	0.005043	0.039952	0.140805	0.051675	0.041548	0.008417	0.005821	0.000667	0.000000	11423654.032820
