Option=1A	Option=2A	Option=2B	Option=3A	Option=3B	Option=3C	Option=4A	Option=4B	Option=4C	Option=5A	Option=5B	Option=6A	Option=6B	Option=7A	Option=7B	sample_count	sample_weight
0.022032	0.170366	0.024032	0.162796	0.101016	0.030162	0.203066	0.005088	0.037857	0.138068	0.049611	0.041188	0.008248	0.005813	0.000657	0.000000	11546487.314568
