Option=1A	Option=2A	Option=2B	Option=3A	Option=3B	Option=3C	Option=4A	Option=4B	Option=4C	Option=5A	Option=5B	Option=6A	Option=6B	Option=7A	Option=7B	sample_count	sample_weight
0.022031	0.170411	0.024030	0.162812	0.101028	0.030160	0.203041	0.005086	0.037855	0.138048	0.049605	0.041179	0.008246	0.005811	0.000658	0.000000	11547316.880765
