Option=1A	Option=2A	Option=2B	Option=3A	Option=3B	Option=3C	Option=4A	Option=4B	Option=4C	Option=5A	Option=5B	Option=6A	Option=6B	Option=7A	Option=7B	sample_count	sample_weight
0.022688	0.185317	0.025677	0.165956	0.098868	0.029630	0.198689	0.004736	0.038047	0.126559	0.050248	0.038134	0.008719	0.006071	0.000660	0.000000	10526473.436338
