Option=1A	Option=2A	Option=2B	Option=3A	Option=3B	Option=3C	Option=4A	Option=4B	Option=4C	Option=5A	Option=5B	Option=6A	Option=6B	Option=7A	Option=7B	sample_count	sample_weight
0.022530	0.181974	0.025680	0.162253	0.100923	0.030368	0.198628	0.004604	0.038656	0.129089	0.050975	0.038693	0.008744	0.006202	0.000681	0.000000	10497538.320401
