Option=1A	Option=2A	Option=2B	Option=3A	Option=3B	Option=3C	Option=4A	Option=4B	Option=4C	Option=5A	Option=5B	Option=6A	Option=6B	Option=7A	Option=7B	sample_count	sample_weight
0.022677	0.185359	0.025690	0.166021	0.098852	0.029619	0.198642	0.004735	0.038033	0.126541	0.050248	0.038127	0.008721	0.006070	0.000662	0.000000	10530871.090925
