Option=1A	Option=2A	Option=2B	Option=3A	Option=3B	Option=3C	Option=4A	Option=4B	Option=4C	Option=5A	Option=5B	Option=6A	Option=6B	Option=7A	Option=7B	sample_count	sample_weight
0.022448	0.195474	0.025612	0.168088	0.089825	0.028074	0.193709	0.004753	0.039015	0.124795	0.051424	0.039433	0.009456	0.007219	0.000674	0.000000	10840584.392237
