Option=1A	Option=2A	Option=2B	Option=3A	Option=3B	Option=3C	Option=4A	Option=4B	Option=4C	Option=5A	Option=5B	Option=6A	Option=6B	Option=7A	Option=7B	sample_count	sample_weight
0.022392	0.195732	0.025811	0.168300	0.089731	0.027936	0.193502	0.004804	0.039068	0.124433	0.051469	0.039431	0.009503	0.007213	0.000675	0.000000	10904282.405585
