Option=1A	Option=2A	Option=2B	Option=3A	Option=3B	Option=3C	Option=4A	Option=4B	Option=4C	Option=5A	Option=5B	Option=6A	Option=6B	Option=7A	Option=7B	sample_count	sample_weight
0.021938	0.192097	0.026071	0.165283	0.090813	0.028321	0.193740	0.004793	0.039613	0.127221	0.052092	0.040272	0.009663	0.007387	0.000695	0.000000	10978776.859521
