Option=1A	Option=2A	Option=2B	Option=3A	Option=3B	Option=3C	Option=4A	Option=4B	Option=4C	Option=5A	Option=5B	Option=6A	Option=6B	Option=7A	Option=7B	sample_count	sample_weight
0.022369	0.177185	0.025417	0.164151	0.101537	0.029815	0.201379	0.004997	0.038329	0.130032	0.050224	0.039308	0.008810	0.005802	0.000646	0.000000	11663943.294424
