Option=1A	Option=2A	Option=2B	Option=3A	Option=3B	Option=3C	Option=4A	Option=4B	Option=4C	Option=5A	Option=5B	Option=6A	Option=6B	Option=7A	Option=7B	sample_count	sample_weight
0.022481	0.178414	0.025556	0.166147	0.097436	0.029442	0.200929	0.005222	0.038080	0.130878	0.050178	0.039672	0.008920	0.005969	0.000675	0.000000	11055338.639799
