Option=1A	Option=2A	Option=2B	Option=3A	Option=3B	Option=3C	Option=4A	Option=4B	Option=4C	Option=5A	Option=5B	Option=6A	Option=6B	Option=7A	Option=7B	sample_count	sample_weight
0.021630	0.173847	0.025302	0.161037	0.103082	0.030488	0.200732	0.004999	0.039138	0.132790	0.051305	0.040095	0.008931	0.005950	0.000674	0.000000	11756750.722989
