Dependency=Vintage	Option=Uninsulated, TrunkBranch, Copper	Option=Uninsulated, HomeRun, PEX	sampling_probability
<1940	1	0	0.20474
1940s	1	0	0.102557
1950s	1	0	0.179687
1960s	1	0	0.138068
1970s	1	0	0.141005
1980s	1	0	0.101092
1990s	1	0	0.0592901
2000s	0	1	0.0557344
2010s	0	1	0.0178257
# Source: Engineering Judgement