Option=1A	Option=2A	Option=2B	Option=3A	Option=3B	Option=3C	Option=4A	Option=4B	Option=4C	Option=5A	Option=5B	Option=6A	Option=6B	Option=7A	Option=7B	sample_count	sample_weight
0.023017	0.191096	0.026768	0.168023	0.095952	0.029448	0.196093	0.004775	0.039234	0.121130	0.051814	0.036702	0.009168	0.006120	0.000663	0.000000	11001572.647479
