Option=1A	Option=2A	Option=2B	Option=3A	Option=3B	Option=3C	Option=4A	Option=4B	Option=4C	Option=5A	Option=5B	Option=6A	Option=6B	Option=7A	Option=7B	sample_count	sample_weight
0.023080	0.190618	0.026895	0.168395	0.095705	0.029340	0.195258	0.004859	0.039127	0.121879	0.051782	0.037020	0.009243	0.006163	0.000635	0.000000	10724588.159484
