Option=1A	Option=2A	Option=2B	Option=3A	Option=3B	Option=3C	Option=4A	Option=4B	Option=4C	Option=5A	Option=5B	Option=6A	Option=6B	Option=7A	Option=7B	sample_count	sample_weight
0.022494	0.187889	0.026608	0.165832	0.096580	0.029631	0.196123	0.004761	0.039396	0.124761	0.052106	0.037590	0.009240	0.006304	0.000686	0.000000	11040673.328148
