{
  "occupancy_types": {
    "probabilities": [
      0.381,
      0.297,
      0.165,
      0.157
    ]
  },
  "plugload": {
    "weekday_sch": [
      0.035,
      0.033,
      0.032,
      0.031,
      0.032,
      0.033,
      0.037,
      0.042,
      0.043,
      0.043,
      0.043,
      0.044,
      0.045,
      0.045,
      0.044,
      0.046,
      0.048,
      0.052,
      0.053,
      0.05,
      0.047,
      0.045,
      0.04,
      0.036
    ],
    "weekend_sch": [
      0.035,
      0.033,
      0.032,
      0.031,
      0.032,
      0.033,
      0.037,
      0.042,
      0.043,
      0.043,
      0.043,
      0.044,
      0.045,
      0.045,
      0.044,
      0.046,
      0.048,
      0.052,
      0.053,
      0.05,
      0.047,
      0.045,
      0.04,
      0.036
    ],
    "monthly_multiplier": [
      1.248,
      1.257,
      0.993,
      0.989,
      0.993,
      0.827,
      0.821,
      0.821,
      0.827,
      0.99,
      0.987,
      1.248
    ]
  },
  "lighting": {
    "weekday_sch": [
      0.04,
      0.037,
      0.037,
      0.036,
      0.033,
      0.036,
      0.043,
      0.047,
      0.034,
      0.023,
      0.024,
      0.025,
      0.024,
      0.028,
      0.031,
      0.032,
      0.039,
      0.053,
      0.063,
      0.067,
      0.071,
      0.069,
      0.059,
      0.05
    ],
    "weekend_sch": [
      0.04,
      0.037,
      0.037,
      0.036,
      0.033,
      0.036,
      0.043,
      0.047,
      0.034,
      0.023,
      0.024,
      0.025,
      0.024,
      0.028,
      0.031,
      0.032,
      0.039,
      0.053,
      0.063,
      0.067,
      0.071,
      0.069,
      0.059,
      0.05
    ],
    "monthly_multiplier": [
      1.248,
      1.257,
      0.993,
      0.989,
      0.993,
      0.827,
      0.821,
      0.821,
      0.827,
      0.99,
      0.987,
      1.248
    ],
    "holiday_sch": [
      0.0,
      0.0,
      0.0,
      0.0,
      0.0,
      0.0,
      0.0,
      0.0,
      0.0,
      0.0,
      0.0,
      0.0,
      0.0,
      0.0,
      0.0,
      0.0,
      0.008168,
      0.098016,
      0.168028,
      0.193699,
      0.283547,
      0.192532,
      0.03734,
      0.01867
    ]
  },
  "ceiling_fan": {
    "weekday_sch": [
      0.04,
      0.037,
      0.037,
      0.036,
      0.033,
      0.036,
      0.043,
      0.047,
      0.034,
      0.023,
      0.024,
      0.025,
      0.024,
      0.028,
      0.031,
      0.032,
      0.039,
      0.053,
      0.063,
      0.067,
      0.071,
      0.069,
      0.059,
      0.05
    ],
    "weekend_sch": [
      0.04,
      0.037,
      0.037,
      0.036,
      0.033,
      0.036,
      0.043,
      0.047,
      0.034,
      0.023,
      0.024,
      0.025,
      0.024,
      0.028,
      0.031,
      0.032,
      0.039,
      0.053,
      0.063,
      0.067,
      0.071,
      0.069,
      0.059,
      0.05
    ],
    "monthly_multiplier": [
      1.248,
      1.257,
      0.993,
      0.989,
      0.993,
      0.827,
      0.821,
      0.821,
      0.827,
      0.99,
      0.987,
      1.248
    ]
  },
  "cooking": {
    "monthly_multiplier": [
      1.038,
      1.026,
      0.976,
      0.945,
      0.965,
      0.947,
      0.939,
      0.965,
      0.967,
      1.006,
      1.098,
      1.129
    ]
  },
  "clothes_dryer": {
    "monthly_multiplier": [
      1.09,
      1.054,
      1.044,
      0.996,
      0.992,
      0.967,
      0.931,
      0.906,
      0.923,
      0.955,
      1.035,
      1.108
    ]
  },
  "sink": {
    "duration_probability": [
      0.901242,
      0.076572,
      0.01722,
      0.003798,
      0.000944,
      0.000154,
      4.6e-05,
      2.2e-05,
      2.0e-06
    ],
    "events_per_cluster_probs": [
      0.62458,
      0.18693,
      0.08011,
      0.0433,
      0.02178,
      0.01504,
      0.0083,
      0.00467,
      0.0057,
      0.00285,
      0.00181,
      0.00233,
      0.0013,
      0.00104,
      0.00026
    ],
    "hourly_onset_prob": [
      0.007,
      0.018,
      0.042,
      0.062,
      0.066,
      0.062,
      0.054,
      0.05,
      0.049,
      0.045,
      0.041,
      0.043,
      0.048,
      0.065,
      0.075,
      0.069,
      0.057,
      0.048,
      0.04,
      0.027,
      0.014,
      0.007,
      0.005,
      0.005
    ],
    "avg_sink_clusters_per_hh": 6657,
    "minutes_between_event_gap": 2,
    "flow_rate_mean": 1.14,
    "flow_rate_std": 0.61
  },
  "shower": {
    "minutes_between_event_gap": 30,
    "flow_rate_mean": 2.25,
    "flow_rate_std": 0.68
  },
  "bath": {
    "bath_to_shower_ratio": 0.078843,
    "duration_mean": 5.65,
    "duration_std": 2.09,
    "flow_rate_mean": 4.4,
    "flow_rate_std": 1.17
  },
  "hot_water_dishwasher": {
    "flow_rate_mean": 1.39,
    "flow_rate_std": 0.2,
    "minutes_between_event_gap": 10,
    "monthly_multiplier": [
      1.083,
      1.056,
      1.023,
      0.999,
      0.975,
      0.944,
      0.918,
      0.928,
      0.938,
      0.984,
      1.059,
      1.094
    ]
  },
  "hot_water_clothes_washer": {
    "flow_rate_mean": 2.2,
    "flow_rate_std": 0.62,
    "minutes_between_event_gap": 4,
    "load_size_probability": [
      0.682926829,
      0.227642276,
      0.056910569,
      0.032520325
    ],
    "monthly_multiplier": [
      0.968,
      1.013,
      0.99,
      1.034,
      1.019,
      1.015,
      1.048,
      1,
      1.021,
      0.949,
      0.945,
      0.999
    ]
  }
}