Dependency=Location Heating Region	kwh_nrm	Count	Weight	kwh_nrm_per_home	kwh_nrm_total
H1	12254285.0897	940	2847750.12	13036.4734996	37124618973.0
H2	3519236.89514	224	602544.24	15710.8789962	9466499644.47
H3	1787494.18937	156	297228.62	11458.2960857	3405733533.11
