Dependency=Location Heating Region	thm_nrm	Count	Weight	thm_nrm_per_home	thm_nrm_total
H1	348738.316879	940	2847750.12	370.998209446	1056510195.47
H2	59300.7183488	224	602544.24	264.735349771	159514760.129
H3	80834.1005321	156	297228.62	518.167311103	154014154.808
