Dependency=Location AIA	Dependency=Has Heating Setpoint Offset	Option=Day	Option=Night	Option=Day and Night	Option=None
AIA 1	Yes	0.11882346	0.572385613	0.308790927	0
AIA 2	Yes	0.12993448	0.533827036	0.336238484	0
AIA 3	Yes	0.160708069	0.543566189	0.295725742	0
AIA 4	Yes	0.162308235	0.553853204	0.283838561	0
AIA 5	Yes	0.25046764	0.523363924	0.226168436	0
AIA 1	No	0	0	0	1
AIA 2	No	0	0	0	1
AIA 3	No	0	0	0	1
AIA 4	No	0	0	0	1
AIA 5	No	0	0	0	1
