Option=1A	Option=2A	Option=2B	Option=3A	Option=3B	Option=3C	Option=4A	Option=4B	Option=4C	Option=5A	Option=5B	Option=6A	Option=6B	Option=7A	Option=7B	sample_count	sample_weight
0.014100	0.114879	0.019948	0.132159	0.097597	0.025494	0.217884	0.007091	0.030990	0.225397	0.040451	0.058309	0.008527	0.006500	0.000672	0.000000	122516868.390921
