Dependency=Geometry Building Type	Dependency=Geometry House Size	Option=0	Option=1	Option=2	Option=3	Option=4	Option=5	Option=6	Option=7	Option=10
Single-Family Detached	0-1499	0.000901046574137715	0.04635526997743544	0.28743849660081194	0.5670732785768887	0.08804208798932998	0.01018982028139612	0.0	0.0	0.0
Single-Family Detached	1500-2499	0.0021889641333998643	0.006714548686971283	0.12163322294885683	0.5747029148913538	0.25026022300970263	0.038553595114071255	0.005386484424735469	0.0005600467909087417	0.0
Single-Family Detached	2500-3499	0.0	0.004748999330446363	0.049727304974376045	0.4817188376831918	0.36645448453301116	0.07830816336273382	0.016536381763789396	0.0025058283524514416	0.0
Single-Family Detached	3500+	0.0	0.0	0.018405635800688557	0.28561852944708266	0.47399144048894304	0.18382658461553625	0.031357970151448485	0.0037444513938351635	0.00305538810246597
Created by: recs\2015\tsv_maker.py