Dependency=Geometry Building Type	Dependency=Geometry House Size	Option=1	Option=2	Option=3	Option=4	Option=5	Count	Weight
Single-Family Detached	0-1499	0.04725631655157316	0.287438496600812	0.5670732785768888	0.08804208798933	0.010189820281396122	1048.0	20636190.673933007
Single-Family Detached	1500-2499	0.008903512820371147	0.12163322294885685	0.5747029148913538	0.25026022300970263	0.044500126329715464	1423.0	28292605.559420004
Single-Family Detached	2500-3499	0.004748999330446363	0.04972730497437605	0.4817188376831918	0.3664544845330112	0.09735037347897467	766.0	15168919.392588995
Single-Family Detached	3500+	0.0	0.01840563580068856	0.28561852944708266	0.473991440488943	0.2219843942632859	515.0	9773325.374245998
Created by: tsv_maker.py								
