Dependency=Location Region	Option=Masonry	Option=WoodStud	sample_count	sample_weight
CR02	0.103162	0.896838	688	4320619
CR03	0.026359	0.973641	535	3089118
CR04	0.293678	0.706322	666	10702742
CR05	0.273526	0.726474	303	2815783.75
CR06	0.056724	0.943276	226	2329728
CR07	0.197244	0.802756	654	7763908.5
CR08	0.324338	0.675662	1306	9230493
CR09	0.543335	0.456665	2178	21322996
CR10	0.831038	0.168962	243	2698771.5
CR11	0.727466	0.272534	944	7058214
