Dependency=Vintage	Option=Uninsulated, TrunkBranch, Copper	Option=Uninsulated, HomeRun, PEX
<1950	1.000000	0.000000
1950s	1.000000	0.000000
1960s	1.000000	0.000000
1970s	1.000000	0.000000
1980s	1.000000	0.000000
1990s	1.000000	0.000000
2000s	0.000000	1.000000
