Option=100% Incandescent	Option=100% CFL	Option=100% LED
0.516000	0.414000	0.070000
