Dependency=Geometry Building Type RECS	Dependency=Bedrooms	Option=1	Option=2	Option=3	Option=4	Option=5	Option=6	sample_count	sample_weight
Single-Family Detached	1	0.558568	0.370728	0.023329	0.014459	0.032916	0.000000	62.000000	1285962.750000
Single-Family Detached	2	0.287898	0.493051	0.116423	0.068211	0.026513	0.007905	503.000000	10307150.000000
Single-Family Detached	3	0.176664	0.404811	0.194431	0.134625	0.059761	0.029708	1855.000000	37952952.000000
Single-Family Detached	4	0.097311	0.330328	0.184919	0.215754	0.102159	0.069528	1015.000000	19017764.000000
Single-Family Detached	5	0.062280	0.223852	0.173190	0.236760	0.135419	0.168500	303.000000	5115529.500000
Created by: recs\2015\tsv_maker.py using U.S. EIA 2015 Residential Energy Consumption Survey (RECS) microdata									
