Dependency=Geometry Building Type RECS	Dependency=Bedrooms	Option=1	Option=2	Option=3	Option=4	Option=5	Option=6	[For Reference Only] Source Sample Size	[For Reference Only] Source Weight
Single-Family Detached	1	0.563042	0.366970	0.023092	0.014313	0.032582	0.000000	63.000000	1299131.125000
Single-Family Detached	2	0.287898	0.493051	0.116423	0.068211	0.026513	0.007905	503.000000	10307150.000000
Single-Family Detached	3	0.176720	0.404687	0.194681	0.134695	0.059592	0.029624	1863.000000	38060672.000000
Single-Family Detached	4	0.097519	0.329103	0.186489	0.214954	0.101780	0.070155	1020.000000	19088558.000000
Single-Family Detached	5	0.062280	0.223852	0.173190	0.236760	0.135419	0.168500	303.000000	5115529.500000
Created by: recs\2015\tsv_maker.py using U.S. EIA 2015 Residential Energy Consumption Survey (RECS) microdata									
