Option=1A	Option=2A	Option=2B	Option=3A	Option=3B	Option=3C	Option=4A	Option=4B	Option=4C	Option=5A	Option=5B	Option=6A	Option=6B	Option=7A	Option=7B	sample_count	sample_weight
0.021404	0.175131	0.025174	0.161519	0.103303	0.030438	0.200184	0.005063	0.038808	0.132728	0.050746	0.039983	0.008851	0.005986	0.000681	0.000000	11476453.215088
