Option=1A	Option=2A	Option=2B	Option=3A	Option=3B	Option=3C	Option=4A	Option=4B	Option=4C	Option=5A	Option=5B	Option=6A	Option=6B	Option=7A	Option=7B	sample_count	sample_weight
0.022026	0.178901	0.025013	0.165073	0.100678	0.029487	0.201114	0.005045	0.037631	0.131003	0.049454	0.039417	0.008680	0.005825	0.000652	0.000000	11349543.429017
