Option=1A	Option=2A	Option=2B	Option=3A	Option=3B	Option=3C	Option=4A	Option=4B	Option=4C	Option=5A	Option=5B	Option=6A	Option=6B	Option=7A	Option=7B	sample_count	sample_weight
0.022026	0.178857	0.025019	0.165039	0.100681	0.029494	0.201144	0.005045	0.037641	0.131016	0.049462	0.039421	0.008680	0.005825	0.000650	0.000000	11346707.663115
