Option=1A	Option=2A	Option=2B	Option=3A	Option=3B	Option=3C	Option=4A	Option=4B	Option=4C	Option=5A	Option=5B	Option=6A	Option=6B	Option=7A	Option=7B	sample_count	sample_weight
0.023366	0.200094	0.027391	0.170987	0.088589	0.028858	0.188438	0.004524	0.041002	0.116148	0.055020	0.037806	0.009873	0.007256	0.000651	0.000000	8942247.201904
