Option=1A	Option=2A	Option=2B	Option=3A	Option=3B	Option=3C	Option=4A	Option=4B	Option=4C	Option=5A	Option=5B	Option=6A	Option=6B	Option=7A	Option=7B	sample_count	sample_weight
0.022750	0.197407	0.027229	0.168205	0.089520	0.029175	0.189594	0.004487	0.041310	0.118397	0.055282	0.038586	0.009923	0.007457	0.000678	0.000000	9246898.024149
