Option=1A	Option=2A	Option=2B	Option=3A	Option=3B	Option=3C	Option=4A	Option=4B	Option=4C	Option=5A	Option=5B	Option=6A	Option=6B	Option=7A	Option=7B	sample_count	sample_weight
0.023324	0.200592	0.027286	0.171003	0.088447	0.028965	0.189206	0.004463	0.041082	0.115331	0.055034	0.037598	0.009798	0.007223	0.000647	0.000000	9158286.140249
