Option=1A	Option=2A	Option=2B	Option=3A	Option=3B	Option=3C	Option=4A	Option=4B	Option=4C	Option=5A	Option=5B	Option=6A	Option=6B	Option=7A	Option=7B	sample_count	sample_weight
0.022748	0.194629	0.026690	0.169303	0.090764	0.028455	0.192129	0.004911	0.039602	0.122719	0.052514	0.038268	0.009712	0.006871	0.000685	0.000000	11190511.673047
