Option=1A	Option=2A	Option=2B	Option=3A	Option=3B	Option=3C	Option=4A	Option=4B	Option=4C	Option=5A	Option=5B	Option=6A	Option=6B	Option=7A	Option=7B	sample_count	sample_weight
0.022143	0.192269	0.026544	0.166595	0.091618	0.028774	0.193332	0.004850	0.040053	0.124437	0.052927	0.038946	0.009785	0.007020	0.000706	0.000000	11446966.777048
