Option=1A	Option=2A	Option=2B	Option=3A	Option=3B	Option=3C	Option=4A	Option=4B	Option=4C	Option=5A	Option=5B	Option=6A	Option=6B	Option=7A	Option=7B	sample_count	sample_weight
0.022711	0.195225	0.026538	0.169177	0.090781	0.028563	0.193002	0.004830	0.039750	0.121729	0.052552	0.037990	0.009645	0.006826	0.000680	0.000000	11464995.226340
