Dependency=Heating Fuel	Option=Electric, 100% Usage	Option=Gas, 100% Usage	Option=None	Count	Weight
Electricity	0.971029809698	0.00824636930576	0.017854676227	488	1225790.36
Fuel Oil	0.909330314423	0.0683474369185	0.0124561772331	57	154545.81
Natural Gas	0.921568672158	0.0632516383214	0.00592137586328	626	1958286.43
None	1.0	0.0	0.0	6	16805.55
Other Fuel	0.955455171252	0.0	0.0365088256261	130	343125.8
Propane/LPG	0.957524378163	0.0	0.0424756218369	20	48969.03
