Dependency=Heating Fuel	"Electric, 100% Usage"	"Gas, 100% Usage"	None	"FIXME Propane, 100% Usage"
Electricity	0.97102981	0.008246369	0.017854676	0.002869145
Fuel Oil	0.909330314	0.068347437	0.012456177	0.009866071
Natural Gas	0.921568672	0.063251638	0.005921376	0.009258314
None	1	0	0	0
Other Fuel	0.955455171	0	0.036508826	0.008036003
Propane/LPG	0.957524378	0	0.042475622	0
