Dependency=Heating Fuel	"Electric, 100% Usage"	"Gas, 100% Usage"	None	"FIXME Propane, 100% Usage"
Electricity	0.890128215	0.056366657	0.000776756	0.052728372
Fuel Oil	0.993771911	0	0.006228089	0
Natural Gas	0.633385326	0.344626885	0.000544067	0.021443722
None	0.587473781	0.412526219	0	0
Other Fuel	0.77846084	0.11762202	0	0.103917141
Propane/LPG	0.599310013	0.116620852	0	0.284069135
