Option=65F	Option=68F	Option=70F	Option=72F	Option=75F	Option=78F	Option=80F	Count	Weight
0.0586242430683	0.0477756981639	0.166785232063	0.192996095361	0.309654600219	0.150368245269	0.0737958858556	515	1601830.49
