Option=60 F	Option=64 F	Option=65 F	Option=66 F	Option=67 F	Option=68 F	Option=69 F	Option=70 F	Option=71 F	Option=72 F	Option=73 F	Option=74 F	Option=75 F	Option=76 F	Option=77 F	Option=78 F	Option=79 F	Option=80 F	Option=81 F	Option=82 F	Option=83 F	Option=84 F	Option=85 F	Option=90 F	Option=<60 F
0.01396792	0.002071942	0.036029268	0.003081868	0.002250394	0.040718241	0.010264725	0.153230327	0.013678832	0.142670308	0.044744198	0.06683824	0.181070202	0.061746159	0.020740603	0.123526036	0.013218995	0.046988262	0.004328005	0.001188815	0.004726792	0.003370176	0.001006779	0.005069669	0.003473245
