Option=65F	Option=68F	Option=70F	Option=72F	Option=75F	Option=78F	Option=80F	Count	Weight
0.055343218472	0.0479422132241	0.167366537078	0.193668754425	0.310733855078	0.150892331329	0.0740530903935	511	1596266.94
