Option=65F	Option=68F	Option=70F	Option=72F	Option=75F	Option=78F	Option=80F	Count	Weight
0.0586242430683	0.0478814272039	0.163542672983	0.196132925401	0.309654600219	0.147880922157	0.076283208968	515	1601830.49
