Option=65F	Option=68F	Option=70F	Option=72F	Option=75F	Option=78F	Option=80F	Count	Weight
0.055343218472	0.0475264807526	0.168943347283	0.192507676692	0.310733855078	0.153263964735	0.0716814569874	511	1596266.94
