Dependency=Location Region	kwh_nrm	Count	Weight	kwh_nrm_per_home	kwh_nrm_total
H1C1 OR	2286925.11318	168	532199.97	13612.6494832	7244651646.59
H1C1 WA	7598561.04134	575	1401036.5	13214.8887676	18514541506.8
H1C2	882578.369149	69	483133.67	12790.9908572	6179758355.79
H1C3	1403800.54651	95	334468.19	14776.847858	4942385556.98
H2	3508055.36287	195	539384.97	17990.0275019	9703550444.4
H3	1780601.17689	151	286063.59	11792.0607741	3373279238.55
