Dependency=Vintage	Average House Size
1950s	1830.95812057
1960s	2008.62182052
1970s	1978.10750837
1980s	2120.31003842
1990s	2254.43006166
2000s	2303.58716377
<1950	1928.97057577
