Dependency=Geometry House Size	Average House Size
0-1499	1172.13099856
1500-2499	1953.24875762
2500-3499	2912.65492029
3500+	4085.08338276
