Option=60F	Option=65F	Option=68F	Option=70F	Option=72F	Option=75F	Count	Weight
0.0407809763857	0.130379843005	0.346860581296	0.302912241718	0.135513929306	0.0435524282896	1305	3704415.72
