Option=100% CFL	Option=100% Incandescent
0.381570885	0.618401574
