100% CFL	100% Incandescent
0.381570885	0.618401574
