H1C1 OR	H1C1 WA	H1C2	H1C3	H2	H3
0.145154752	0.391852244	0.129781472	0.093113508	0.160784668	0.079313355
