Option=H1	Option=H2	Option=H3	Count	Weight
0.759901976638	0.160784668491	0.079313354871	1320	3747522.98
