Option=H1C1 OR	Option=H1C1 WA	Option=H1C2	Option=H1C3	Option=H2	Option=H3
0.145154752	0.391852244	0.129781472	0.093113508	0.160784668	0.079313355
