Dependency=Location Region	thm_nrm	Count	Weight	thm_nrm_per_home	thm_nrm_total
H1C1 OR	44297.9794351	71	295731.55	623.915203311	184511410.144
H1C1 WA	234205.678782	298	756358.55	785.925096584	594441166.461
H1C2	31289.349474	41	309583.14	763.15486522	236259879.481
H1C3	36657.7344804	53	186192.65	691.655367555	128781145.772
H2	59300.7183488	81	288717.68	732.107633936	211372417.58
H3	80183.6827792	82	146739.14	977.849789991	143488837.232
