Dependency=Location Region	pre-1950	1950s	1960s	1970s	1980s	1990s	2000s	2010s
H1C1 OR	0.15449286	0.095145351	0.174516804	0.176803562	0.078283269	0.173071082	0.116784014	0.030903058
H1C1 WA	0.253914991	0.089968887	0.14447949	0.151685945	0.127530093	0.106740585	0.122881654	0.002798354
H1C2	0.325288776	0.065811523	0.207854526	0.137698065	0.13106638	0.082286471	0.049994258	0
H1C3	0.127027907	0.111092311	0.071336588	0.193569132	0.079518653	0.151769254	0.265686155	0
H2	0.192148446	0.132920518	0.068466896	0.173250855	0.053274474	0.217313799	0.151179963	0.011445048
H3	0.229913791	0.097790786	0.130577821	0.172502033	0.109871631	0.119027377	0.120266797	0.020049764
