Dependency=Heating Fuel	Option=Electric Standard	Option=Electric Tankless	Option=Gas Standard	Option=Gas Tankless	Option=FIXME Electric HPWH	Option=Oil Standard	Option=Propane Standard	Option=Propane Tankless
Electricity	0.902103045	0.007076771	0.065135867	0.008332117	0.002291289	0.000970393	0.013114952	0.000974019
Fuel Oil	0.888506791	0	0.05572721	0	0	0.05572721	0	0
Natural Gas	0.215934399	0.004337051	0.731912273	0.033231379	0.001010452	0.002639851	0.01023396	0.000498502
None	0.46370574	0	0.53629426	0	0	0	0	0
Other Fuel	0.868598811	0	0.053462886	0.026824923	0	0	0.012553	0.038319353
Propane/LPG	0.92540333	0	0	0	0	0	0.074003684	0
