Option=1A	Option=2A	Option=2B	Option=3A	Option=3B	Option=3C	Option=4A	Option=4B	Option=4C	Option=5A	Option=5B	Option=6A	Option=6B	Option=7A	Option=7B	sample_count	sample_weight
0.022397	0.196015	0.025906	0.169940	0.090980	0.028237	0.193348	0.004952	0.038793	0.122772	0.051509	0.038073	0.009533	0.006870	0.000675	0.000000	10931982.920353
