Option=1A	Option=2A	Option=2B	Option=3A	Option=3B	Option=3C	Option=4A	Option=4B	Option=4C	Option=5A	Option=5B	Option=6A	Option=6B	Option=7A	Option=7B	sample_count	sample_weight
0.021899	0.192460	0.026211	0.167080	0.092059	0.028562	0.193594	0.004956	0.039362	0.125186	0.052208	0.038919	0.009759	0.007052	0.000692	0.000000	11050155.451865
