Option=1A	Option=2A	Option=2B	Option=3A	Option=3B	Option=3C	Option=4A	Option=4B	Option=4C	Option=5A	Option=5B	Option=6A	Option=6B	Option=7A	Option=7B	sample_count	sample_weight
0.022375	0.196204	0.025931	0.169961	0.090932	0.028172	0.193268	0.004959	0.038831	0.122623	0.051565	0.038068	0.009571	0.006863	0.000677	0.000000	10965224.670146
