Dependency=Census Division	Option=Midwest	Option=Northeast	Option=South	Option=West
Middle Atlantic	0.000000	1.000000	0.000000	0.000000
New England	0.000000	1.000000	0.000000	0.000000
East North Central	1.000000	0.000000	0.000000	0.000000
West North Central	1.000000	0.000000	0.000000	0.000000
East South Central	0.000000	0.000000	1.000000	0.000000
South Atlantic	0.000000	0.000000	1.000000	0.000000
West South Central	0.000000	0.000000	1.000000	0.000000
Mountain	0.000000	0.000000	0.000000	1.000000
Pacific	0.000000	0.000000	0.000000	1.000000
