Dependency=Usage Level	Option=Standard, 80% Usage	Option=Standard, 100% Usage	Option=Standard, 120% Usage	Option=EnergyStar, 80% Usage	Option=EnergyStar, 100% Usage	Option=EnergyStar, 120% Usage
Low	0.350000	0.000000	0.000000	0.650000	0.000000	0.000000
Medium	0.000000	0.350000	0.000000	0.000000	0.650000	0.000000
High	0.000000	0.000000	0.350000	0.000000	0.000000	0.650000
Average	0.000000	0.350000	0.000000	0.000000	0.650000	0.000000
