Dependency=Usage Level	Option=None	Option=318 Rated kWh, 80% Usage	Option=318 Rated kWh, 100% Usage	Option=318 Rated kWh, 120% Usage	Option=290 Rated kWh, 80% Usage	Option=290 Rated kWh, 100% Usage	Option=290 Rated kWh, 120% Usage
Low	0.000000	0.360000	0.000000	0.000000	0.640000	0.000000	0.000000
Medium	0.000000	0.000000	0.360000	0.000000	0.000000	0.640000	0.000000
High	0.000000	0.000000	0.000000	0.360000	0.000000	0.000000	0.640000
Average	0.000000	0.000000	0.360000	0.000000	0.000000	0.640000	0.000000
