Option=Yes	Option=No
1.000000	0.000000
