Option=Uninsulated	Option=R-7	Option=R-13	Option=R-19	Option=R-30	Option=R-38	Option=R-49
0.033115	0.064345	0.125917	0.186839	0.331147	0.195809	0.064048
