Option=TMY3	Option=AMY	Option=AMY 2016
0.000000	0.000000	1.000000
