Option=TMY3	Option=AMY
0.000000	1.000000
