Option=TMY3	Option=AMY
1.000000	0.000000
