Dependency=Geometry Building Type RECS	Option=Has Pool	Option=None	sample_count	sample_weight
Mobile Home	0.016231	0.983769	284.000000	6764415.500000
Multi-Family with 2 - 4 Units	0.000000	1.000000	310.000000	9368433.000000
Multi-Family with 5+ Units	0.000000	1.000000	831.000000	20689790.000000
Single-Family Attached	0.013685	0.986315	479.000000	7010132.000000
Single-Family Detached	0.110122	0.889878	3738.000000	73679360.000000
Created by: recs\2015\tsv_maker.py using U.S. EIA 2015 Residential Energy Consumption Survey (RECS) microdata				
