Dependency=Geometry Building Type	Option=Left/Right at 15ft	Option=2	Option=4	Option=7	Option=12	Option=27	Option=None
Mobile Home	1	0	0	0	0	0	0
Single-Family Detached	1	0	0	0	0	0	0
Single-Family Attached	0	0.00580846	0.104523875	0.154273291	0.286171978	0.410100471	0.039121926
Multi-Family with 2 - 4 Units	0	0.00580846	0.104523875	0.154273291	0.286171978	0.410100471	0.039121926
Multi-Family with 5+ Units	0	0.00580846	0.104523875	0.154273291	0.286171978	0.410100471	0.039121926
