Dependency=Usage Level	Option=EF 6.7	Option=EF 10.2	Option=EF 10.5	Option=EF 15.9
Low	0.040000	0.070000	0.190000	0.700000
Medium	0.040000	0.070000	0.190000	0.700000
High	0.040000	0.070000	0.190000	0.700000
Average	0.040000	0.070000	0.190000	0.700000
