Option=Yes	Option=No
0.570000	0.430000
