Dependency=Location Heating Region	kwh_nrm	Count	Weight	kwh_nrm_per_home	kwh_nrm_total
H1	2605153.83802	209	646168.26	12464.8508996	8054391016.98
H2	553208.474782	39	137461.95	14184.8326867	1949874761.54
H3	174329.1638	18	28589.32	9684.95354442	276886236.066
