Dependency=Heating Fuel	kwh_nrm	Count	Weight	kwh_nrm_per_home	kwh_nrm_total
Electricity	2028781.62645	112	286012.97	18114.1216647	5180873736.26
Natural Gas	1278489.23217	151	519703.58	8466.81610706	4400234642.04
