Dependency=Location Cooling Region	kwh_nrm	Count	Weight	kwh_nrm_per_home	kwh_nrm_total
C1	2318052.58273	184	448273.7	12598.1118626	5647402217.68
C2	590152.461949	46	248221.71	12829.4013467	3184535940.56
C3	424486.43193	36	115724.12	11791.2897758	1364536632.97
