Dependency=Location Cooling Region	thm_nrm	Count	Weight	thm_nrm_per_home	thm_nrm_total
C1	72979.4239486	184	448273.7	396.627304069	177797589.116
C2	21566.4847233	46	248221.71	468.83662442	116375428.624
C3	16486.0762597	36	115724.12	457.946562769	52995462.9835
