Dependency=Heating Fuel	thm_nrm	Count	Weight	thm_nrm_per_home	thm_nrm_total
Electricity	2894.48503045	113	287205.43	25.6149117739	7356741.75043
Natural Gas	108137.499901	153	525014.1	706.781045106	371070014.293
