Dependency=Location Heating Region	thm_nrm	Count	Weight	thm_nrm_per_home	thm_nrm_total
H1	82095.128066	209	646168.26	392.799655818	253814670.128
H2	16247.2914647	39	137461.95	416.597217044	57266265.8194
H3	12689.565401	18	28589.32	704.975855611	20154780.3283
