Option=1A	Option=2A	Option=2B	Option=3A	Option=3B	Option=3C	Option=4A	Option=4B	Option=4C	Option=5A	Option=5B	Option=6A	Option=6B	Option=7A	Option=7B	sample_count	sample_weight
0.022266	0.187750	0.026323	0.166281	0.097291	0.029559	0.196362	0.004846	0.038923	0.125258	0.051455	0.037534	0.009139	0.006317	0.000696	0.000000	10737190.858273
