Option=1A	Option=2A	Option=2B	Option=3A	Option=3B	Option=3C	Option=4A	Option=4B	Option=4C	Option=5A	Option=5B	Option=6A	Option=6B	Option=7A	Option=7B	sample_count	sample_weight
0.022753	0.191299	0.026186	0.169283	0.096015	0.029159	0.196318	0.004889	0.038471	0.122019	0.050929	0.036865	0.009000	0.006133	0.000679	0.000000	10619326.625902
