Option=1A	Option=2A	Option=2B	Option=3A	Option=3B	Option=3C	Option=4A	Option=4B	Option=4C	Option=5A	Option=5B	Option=6A	Option=6B	Option=7A	Option=7B	sample_count	sample_weight
0.022759	0.191247	0.026150	0.169222	0.096062	0.029180	0.196353	0.004885	0.038499	0.122046	0.050926	0.036870	0.008990	0.006137	0.000675	0.000000	10610709.294083
