Dependency=Federal Poverty Level	kwh_nrm	Count	Weight	kwh_nrm_per_home	kwh_nrm_total
0-50	3533168.81594	284	2826351.04745	12440.7352674	35161885154.1
50-100	4809236.81125	394	3944175.13325	12206.1848001	48143330560.6
100-150	6904038.98007	581	5788175.80286	11883.0275044	68781052265.8
150-200	8596409.1442	677	6091107.57095	12697.7978496	77343652616.2
200-250	8059709.8476	659	6224880.46165	12230.2122118	76131609039.3
250-300	11187830.891	900	8407236.68936	12430.9232122	1.04509713712e+11
300+	59358922.0399	4308	38553776.4881	13778.7655617	5.31223447748e+11
