Dependency=Federal Poverty Level	thm_nrm	Count	Weight	thm_nrm_per_home	thm_nrm_total
0-50	110730.16	284	2826351.04745	389.894929577	1101979942.61
100-150	252905.34	581	5788175.80286	435.293184165	2519553475.74
150-200	286374.66	677	6091107.57095	423.005406204	2576571432.28
200-250	316791.69	659	6224880.46165	480.715766313	2992398181.33
250-300	374006.36	900	8407236.68936	415.562622222	3493733324.27
300+	2272020.96	4308	38553776.4881	527.395766017	20333098483.8
50-100	167451.81	394	3944175.13325	425.004593909	1676292550.81
