Option=1A	Option=2A	Option=2B	Option=3A	Option=3B	Option=3C	Option=4A	Option=4B	Option=4C	Option=5A	Option=5B	Option=6A	Option=6B	Option=7A	Option=7B	sample_count	sample_weight
0.022907	0.192656	0.027139	0.167764	0.096088	0.030176	0.192196	0.004456	0.040222	0.119247	0.053898	0.036814	0.009149	0.006628	0.000660	0.000000	8693891.044000
