Option=1A	Option=2A	Option=2B	Option=3A	Option=3B	Option=3C	Option=4A	Option=4B	Option=4C	Option=5A	Option=5B	Option=6A	Option=6B	Option=7A	Option=7B	sample_count	sample_weight
0.023385	0.196708	0.027109	0.171142	0.094687	0.029790	0.192203	0.004488	0.039862	0.114978	0.053539	0.036053	0.009000	0.006429	0.000628	0.000000	8484637.389898
