Option=1A	Option=2A	Option=2B	Option=3A	Option=3B	Option=3C	Option=4A	Option=4B	Option=4C	Option=5A	Option=5B	Option=6A	Option=6B	Option=7A	Option=7B	sample_count	sample_weight
0.022329	0.173489	0.025012	0.163729	0.102433	0.031142	0.199161	0.004728	0.039918	0.130553	0.052821	0.040259	0.008122	0.005733	0.000572	0.000000	9575067.986048
