Option=1A	Option=2A	Option=2B	Option=3A	Option=3B	Option=3C	Option=4A	Option=4B	Option=4C	Option=5A	Option=5B	Option=6A	Option=6B	Option=7A	Option=7B	sample_count	sample_weight
0.022329	0.173458	0.025013	0.163726	0.102420	0.031143	0.199177	0.004730	0.039919	0.130566	0.052825	0.040268	0.008124	0.005735	0.000570	0.000000	9574911.365939
