Option=1A	Option=2A	Option=2B	Option=3A	Option=3B	Option=3C	Option=4A	Option=4B	Option=4C	Option=5A	Option=5B	Option=6A	Option=6B	Option=7A	Option=7B	sample_count	sample_weight
0.021232	0.165822	0.025468	0.156998	0.105978	0.033157	0.199731	0.004676	0.042517	0.133737	0.055371	0.040666	0.008319	0.005746	0.000581	0.000000	9448953.235929
