Option=1A	Option=2A	Option=2B	Option=3A	Option=3B	Option=3C	Option=4A	Option=4B	Option=4C	Option=5A	Option=5B	Option=6A	Option=6B	Option=7A	Option=7B	sample_count	sample_weight
0.022006	0.177257	0.026315	0.161368	0.104016	0.031393	0.196739	0.004581	0.040952	0.126137	0.054378	0.039389	0.008859	0.006004	0.000607	0.000000	9663759.371364
