Option=1A	Option=2A	Option=2B	Option=3A	Option=3B	Option=3C	Option=4A	Option=4B	Option=4C	Option=5A	Option=5B	Option=6A	Option=6B	Option=7A	Option=7B	sample_count	sample_weight
0.023053	0.182005	0.026597	0.166973	0.097782	0.030340	0.197442	0.004783	0.039979	0.123452	0.053245	0.038851	0.008849	0.006050	0.000599	0.000000	8940803.768068
