Option=1A	Option=2A	Option=2B	Option=3A	Option=3B	Option=3C	Option=4A	Option=4B	Option=4C	Option=5A	Option=5B	Option=6A	Option=6B	Option=7A	Option=7B	sample_count	sample_weight
0.022852	0.180633	0.026404	0.164606	0.102465	0.030709	0.197897	0.004562	0.040168	0.122884	0.053159	0.038499	0.008735	0.005857	0.000571	0.000000	9515160.550019
