Option=0-499	Option=500-749	Option=750-999	Option=1000-1499	Option=1500-1999	Option=2000-2499	Option=2500-2999	Option=3000-3999	Option=4000+	sampling_probability
0.111111	0.111111	0.111111	0.111111	0.111111	0.111111	0.111111	0.111111	0.111111	1
# Created by: sources\ahs\ahs2017_2019\tsv_maker.py
# Description: The finished floor area of the dwelling unit using bins from 2017-2019 AHS.