Option=60F	Option=60F w/setback	Option=65F	Option=65F w/setback	Option=68F	Option=68F w/setback	Option=70F	Option=70F w/setback	Option=72F	Option=72F w/setback	Option=75F	Option=75F w/setback	Count	Weight
0.00425066634722	0.0338445651222	0.00645787528084	0.124287021995	0.013134222176	0.334697544031	0.0277999518894	0.275960422521	0.00944966544214	0.12644369321	0.00156335585588	0.0421110161295	1300	3694072.58
