Dependency=Location Region	Option=DuPage_17043_725300_880860.epw	Option=Winnebago_17201_725430_858158.epw
CR04	0.871254685	0.128745315
