Option=1A	Option=2A	Option=2B	Option=3A	Option=3B	Option=3C	Option=4A	Option=4B	Option=4C	Option=5A	Option=5B	Option=6A	Option=6B	Option=7A	Option=7B	sample_count	sample_weight
0.018647	0.152772	0.025724	0.156313	0.104404	0.032323	0.207212	0.005274	0.040983	0.147493	0.051982	0.043023	0.007849	0.005363	0.000640	0.000000	12075840.685485
