Option=1A	Option=2A	Option=2B	Option=3A	Option=3B	Option=3C	Option=4A	Option=4B	Option=4C	Option=5A	Option=5B	Option=6A	Option=6B	Option=7A	Option=7B	sample_count	sample_weight
0.020408	0.158965	0.024004	0.161550	0.101236	0.031173	0.207265	0.005218	0.040015	0.144305	0.050238	0.042177	0.007553	0.005260	0.000633	0.000000	12212900.073864
