Option=1A	Option=2A	Option=2B	Option=3A	Option=3B	Option=3C	Option=4A	Option=4B	Option=4C	Option=5A	Option=5B	Option=6A	Option=6B	Option=7A	Option=7B	sample_count	sample_weight
0.020194	0.161987	0.023467	0.164604	0.096116	0.029714	0.207274	0.005522	0.038825	0.146650	0.049167	0.042694	0.007659	0.005449	0.000678	0.000000	11304993.284841
