"","Estimate","Std. Error","t value","Pr(>|t|)"
"(Intercept)",48458.0117848825,1451.69552340086,33.3802860198679,1.68503772483246e-225
"vintage1960s",-1234.86162392833,1923.03676162793,-0.642141454895003,0.520804166531361
"vintage1970s",3204.2474142763,1867.22536367705,1.71604749839425,0.0862013760464155
"vintage1980s",7647.7991488224,1901.12081977677,4.02278438553968,5.81713802375037e-05
"vintage1990s",8852.07307530676,1866.2851070303,4.74315153775862,2.14946161452546e-06
"vintage2000s",11797.4147904884,1859.68033387234,6.34378638931087,2.39385573010162e-10
"size1500-2499",20080.636554101,1295.85639366137,15.496035403556,3.32838052254168e-53
"size2500-3499",35695.3079127555,1666.13937426095,21.4239627633726,2.01557302581268e-98
"size3500+",51811.308627119,1886.13540045207,27.4695595102562,3.39292264212597e-157
