Option=1A	Option=2A	Option=2B	Option=3A	Option=3B	Option=3C	Option=4A	Option=4B	Option=4C	Option=5A	Option=5B	Option=6A	Option=6B	Option=7A	Option=7B	sample_count	sample_weight
0.022448	0.182859	0.025960	0.165708	0.101419	0.030355	0.197408	0.004611	0.039398	0.123877	0.052322	0.038597	0.008575	0.005884	0.000577	0.000000	9213144.702906
