Option=1A	Option=2A	Option=2B	Option=3A	Option=3B	Option=3C	Option=4A	Option=4B	Option=4C	Option=5A	Option=5B	Option=6A	Option=6B	Option=7A	Option=7B	sample_count	sample_weight
0.022453	0.182833	0.025965	0.165686	0.101422	0.030361	0.197424	0.004610	0.039407	0.123880	0.052329	0.038597	0.008574	0.005883	0.000576	0.000000	9211173.626305
