Option=1A	Option=2A	Option=2B	Option=3A	Option=3B	Option=3C	Option=4A	Option=4B	Option=4C	Option=5A	Option=5B	Option=6A	Option=6B	Option=7A	Option=7B	sample_count	sample_weight
0.021744	0.179154	0.026158	0.162081	0.104171	0.031304	0.195938	0.004646	0.040522	0.125927	0.053696	0.039235	0.008760	0.006049	0.000616	0.000000	9393136.554429
