Option=1A	Option=2A	Option=2B	Option=3A	Option=3B	Option=3C	Option=4A	Option=4B	Option=4C	Option=5A	Option=5B	Option=6A	Option=6B	Option=7A	Option=7B	sample_count	sample_weight
0.023320	0.195703	0.027295	0.166342	0.091983	0.030380	0.191218	0.004227	0.041518	0.118038	0.055513	0.037358	0.009442	0.006986	0.000677	0.000000	8758370.507050
