Option=1A	Option=2A	Option=2B	Option=3A	Option=3B	Option=3C	Option=4A	Option=4B	Option=4C	Option=5A	Option=5B	Option=6A	Option=6B	Option=7A	Option=7B	sample_count	sample_weight
0.023661	0.199125	0.027783	0.170361	0.091024	0.029710	0.189029	0.004390	0.041112	0.115068	0.055040	0.036623	0.009574	0.006856	0.000644	0.000000	8583185.261946
