Option=1A	Option=2A	Option=2B	Option=3A	Option=3B	Option=3C	Option=4A	Option=4B	Option=4C	Option=5A	Option=5B	Option=6A	Option=6B	Option=7A	Option=7B	sample_count	sample_weight
0.023605	0.199273	0.027574	0.170268	0.091108	0.029819	0.189982	0.004351	0.041162	0.114329	0.055136	0.036414	0.009498	0.006819	0.000663	0.000000	8795641.361329
