Dependency=Federal Poverty Level	kwhel_nrm	Count	Weight	kwhel_nrm_per_home	kwhel_nrm_total
100-150	6923124.25283	581	5788175.80286	11915.8765109	68971188090.3
150-200	8605672.78346	674	6074413.04189	12768.0605096	77558473279.1
250-300	11240336.0128	900	8407236.68936	12489.2622364	1.05000183697e+11
0-50	3535757.24957	283	2818399.52641	12493.8418713	35212638013.1
200-250	8055081.07078	656	6201840.53823	12279.0869981	76152939517.5
300+	59512559.928	4294	38453553.1083	13859.4690098	5.3294582762e+11
50-100	4817113.69194	394	3944175.13325	12226.1768831	48222182837.0
