Dependency=Geometry House Size	kwh_nrm	Count	Weight	kwh_nrm_per_home	kwh_nrm_total
0-1499	28355776.6706	2671	25054665.2481	10616.1649834	2.65984459876e+11
1500-2499	38897203.1067	2947	27186910.0344	13198.9152042	3.58837720207e+11
2500-3499	18336088.5111	1270	11488568.8532	14437.8649694	1.65870405794e+11
3500+	16860248.2415	915	8105559.05801	18426.5008104	1.49357090551e+11
