Dependency=Heating Fuel	thmng_nrm	Count	Weight	thmng_nrm_per_home	thmng_nrm_total
None	38154.82011	172	1315680.83335	221.830349477	291857939.061
Propane/LPG	1856.00400133	397	4433138.17897	4.67507305121	20725244.8328
Natural Gas	3413695.03477	4127	38395931.5416	827.161384728	31759631901.8
Electricity	281050.2115	2218	20000706.0601	126.713350541	2534356478.06
Other Fuel	25518.8225893	303	2865110.59149	84.2205365982	241301151.428
Fuel Oil	15359.2077283	565	4677226.63479	27.1844384571	127147779.603
