Dependency=Vintage	thm_nrm	Count	Weight	thm_nrm_per_home	thm_nrm_total
<1950	808358.26	1345	12631149.2417	601.009858736	7591445221.41
1950s	622448.63	1120	10340938.3011	555.757705357	5747056141.47
1960s	489571.35	947	8691508.30756	516.970802534	4493256024.99
1970s	470586.22	1136	9790297.96668	414.248433099	4055615592.26
1980s	394978.03	997	9219210.51288	396.166529589	3652342634.44
1990s	488485.82	1102	10357084.7137	443.272068966	4591006369.49
2000s	505852.67	1156	10805514.15	437.588814879	4728372131.05
