Dependency=Federal Poverty Level	thmng_nrm	Count	Weight	thmng_nrm_per_home	thmng_nrm_total
100-150	253147.787676	581	5788175.80286	435.710477927	2521968845.39
150-200	287134.707383	674	6074413.04189	426.015886324	2587796455.94
250-300	374071.715764	900	8407236.68936	415.635239738	3494343836.91
0-50	109890.328552	283	2818399.52641	388.305047887	1094398763.07
200-250	316427.003786	656	6201840.53823	482.358237478	2991508871.14
300+	2267174.74175	4294	38453553.1083	527.986665522	20302963283.1
50-100	167787.815787	394	3944175.13325	425.857400474	1679656169.26
