Dependency=Geometry House Size	thm_nrm	Count	Weight	thm_nrm_per_home	thm_nrm_total
0-1499	993039.49	2671	25054665.2481	371.785657057	9314965181.6
1500-2499	1356770.33	2947	27186910.0344	460.390339328	12516590736.0
2500-3499	756701.23	1270	11488568.8532	595.827740157	6845208017.42
3500+	673769.93	915	8105559.05801	736.360579235	5968614162.98
