Option=1A	Option=2A	Option=2B	Option=3A	Option=3B	Option=3C	Option=4A	Option=4B	Option=4C	Option=5A	Option=5B	Option=6A	Option=6B	Option=7A	Option=7B	sample_count	sample_weight
0.022134	0.174002	0.025569	0.165800	0.097766	0.030503	0.199736	0.005036	0.040083	0.130975	0.052880	0.040623	0.008375	0.005924	0.000593	0.000000	9133425.443601
