Option=1A	Option=2A	Option=2B	Option=3A	Option=3B	Option=3C	Option=4A	Option=4B	Option=4C	Option=5A	Option=5B	Option=6A	Option=6B	Option=7A	Option=7B	sample_count	sample_weight
0.021552	0.163740	0.025622	0.156573	0.107069	0.033241	0.199730	0.004630	0.043255	0.133313	0.055562	0.041018	0.008405	0.005718	0.000571	0.000000	9687129.138904
