Option=1A	Option=2A	Option=2B	Option=3A	Option=3B	Option=3C	Option=4A	Option=4B	Option=4C	Option=5A	Option=5B	Option=6A	Option=6B	Option=7A	Option=7B	sample_count	sample_weight
0.022331	0.171075	0.025478	0.162813	0.103621	0.031511	0.199863	0.004726	0.040754	0.129553	0.053341	0.040358	0.008304	0.005711	0.000561	0.000000	9879396.936399
