Option=1A	Option=2A	Option=2B	Option=3A	Option=3B	Option=3C	Option=4A	Option=4B	Option=4C	Option=5A	Option=5B	Option=6A	Option=6B	Option=7A	Option=7B	sample_count	sample_weight
0.022215	0.191832	0.026398	0.164995	0.090511	0.028532	0.193411	0.004680	0.040317	0.126284	0.052795	0.040276	0.009691	0.007353	0.000710	0.000000	11432592.835269
