Option=1A	Option=2A	Option=2B	Option=3A	Option=3B	Option=3C	Option=4A	Option=4B	Option=4C	Option=5A	Option=5B	Option=6A	Option=6B	Option=7A	Option=7B	sample_count	sample_weight
0.022754	0.195016	0.026408	0.167632	0.089496	0.028298	0.193215	0.004664	0.039993	0.123349	0.052427	0.039297	0.009581	0.007174	0.000697	0.000000	11478302.190122
