Option=1A	Option=2A	Option=2B	Option=3A	Option=3B	Option=3C	Option=4A	Option=4B	Option=4C	Option=5A	Option=5B	Option=6A	Option=6B	Option=7A	Option=7B	sample_count	sample_weight
0.022826	0.194176	0.026358	0.167542	0.089625	0.028270	0.192606	0.004701	0.039845	0.124552	0.052402	0.039576	0.009610	0.007219	0.000692	0.000000	11171087.929868
